employee_id,first_name,last_name,full_name,email,email_domain,hire_date,job_title,department,salary,salary_band,manager_id,address,city,state,zip_code,birth_date,age,tenure_years,status
1766832274,Aaron,Kim,Aaron Kim,aaron.kim@company.com,company.com,2019-05-30,Hr Manager,HR,104606,SENIOR,1766831998,66751 Tamara Villages,Karenport,DE,27500,1979-11-27,46,6,TERMINATED
1766832260,Aaron,Marshall,Aaron Marshall,aaron.marshall@company.com,company.com,2021-04-13,Sales Associate,SALES,128537,SENIOR,1766831977,3156 Caitlin Terrace,Mahoneyton,LA,95986,1975-11-12,50,4,ACTIVE
1766832090,Aaron,Nichols,Aaron Nichols,aaron.nichols@company.com,company.com,2016-05-21,Hr Manager,HR,87337,SENIOR,11284,1436 Simon Circle Apt. 466,Pachecoborough,IA,63786,1974-03-18,51,9,TERMINATED
1766831819,Aaron,Torres,Aaron Torres,aaron.torres@company.com,company.com,2016-11-19,Hr Generalist,HR,147933,SENIOR,1766831818,3359 Brown Pike,South Cherylborough,CO,12691,2000-11-14,25,9,ACTIVE
1766832739,Aaron,Warren,Aaron Warren,aaron.warren@company.com,company.com,2021-10-13,Security Analyst,IT,42656,JUNIOR,,940 Lindsay Station,East Courtney,UT,47144,1995-11-04,30,4,ACTIVE
1766832370,Abigail,Fernandez,Abigail Fernandez,abigail.fernandez@company.com,company.com,2023-02-26,Data Analyst,ANALYTICS,136578,SENIOR,1766832224,5752 Lee Throughway,Laurenville,NE,15082,1980-02-28,45,2,ACTIVE
1766832044,Abigail,Mckinney,Abigail Mckinney,abigail.mckinney@company.com,company.com,2020-03-12,Product Analyst,ANALYTICS,85241,SENIOR,1766832022,55302 Davis Hollow Apt. 837,Brownfurt,NV,70684,1997-08-15,28,5,ACTIVE
1766832296,Adam,Donovan,Adam Donovan,adam.donovan@company.com,company.com,2018-03-29,Hr Manager,HR,98087,SENIOR,1766831892,3268 Fuller Street Suite 562,Wongview,MP,2740,1994-11-18,31,7,ACTIVE
1766831983,Adam,Hoover,Adam Hoover,adam.hoover@company.com,company.com,2017-03-10,It Support Specialist,IT,67078,MID,1766831972,907 Cummings Haven,Port Nancyshire,NE,81957,1971-06-19,54,8,ACTIVE
1766832802,Adrian,Berry,Adrian Berry,adrian.berry@company.com,company.com,2021-05-01,Systems Administrator,IT,79881,MID,1766831932,538 Russell Throughway,East Lauraland,OR,4299,1974-09-19,51,4,TERMINATED
1766832440,Adrian,Morgan,Adrian Morgan,adrian.morgan@company.com,company.com,2020-11-10,Product Analyst,ANALYTICS,74526,MID,1766832155,3988 Robinson Plain Apt. 684,Kristinville,ME,37455,1987-07-10,38,5,ACTIVE
1766832050,Alexander,Faulkner,Alexander Faulkner,alexander.faulkner@company.com,company.com,2020-05-06,Business Development Representative,SALES,46847,JUNIOR,1766831857,1843 Lindsey Circles,Bethchester,CO,69032,1964-05-18,61,5,ACTIVE
1766832360,Alexander,Frank,Alexander Frank,alexander.frank@company.com,company.com,2020-01-08,Hr Manager,HR,42796,JUNIOR,1766832155,09060 Curry Drives Apt. 019,Natashaton,VT,92694,1970-03-29,55,5,ON LEAVE
1766832290,Alexandra,Lawson,Alexandra Lawson,alexandra.lawson@company.com,company.com,2021-08-22,It Manager,IT,100387,SENIOR,1766832085,07178 Arnold Drive,West Justin,VT,41758,1982-04-04,43,4,TERMINATED
1766832753,Alexandra,Sutton,Alexandra Sutton,alexandra.sutton@company.com,company.com,2023-08-01,Hr Assistant,HR,57640,MID,1766831977,973 Robert Corner Apt. 842,East Timview,MH,43894,1989-09-06,36,2,ON LEAVE
1766832649,Alexandria,Hansen,Alexandria Hansen,alexandria.hansen@company.com,company.com,2023-06-16,Analytics Manager,ANALYTICS,65205,MID,10059,45030 Erica Neck,South Isabella,NC,88736,1988-05-20,37,2,TERMINATED
1766832134,Alexandria,Morrison,Alexandria Morrison,alexandria.morrison@company.com,company.com,2016-05-02,Analytics Manager,ANALYTICS,148047,SENIOR,1766832037,85779 Gonzalez Spring Suite 088,West Jordan,SC,10550,2000-05-04,25,9,ACTIVE
1766832073,Alexis,Perez,Alexis Perez,alexis.perez@company.com,company.com,2024-06-05,It Support Specialist,IT,85188,SENIOR,1766831892,0583 Abbott Tunnel Apt. 567,New Natasha,SC,83011,1979-10-03,46,1,ACTIVE
1766832767,Alfred,Douglas,Alfred Douglas,alfred.douglas@company.com,company.com,2024-09-13,It Support Specialist,IT,123272,SENIOR,,3769 Massey Groves,New Victoriashire,WY,95764,1960-07-24,65,1,ON LEAVE
1766831952,Alicia,Figueroa,Alicia Figueroa,alicia.figueroa@company.com,company.com,2016-03-11,Devops Engineer,IT,54131,MID,1766831815,409 Jason Lodge Apt. 867,Kellyburgh,SD,7491,1960-08-25,65,9,ACTIVE
1766832142,Allison,Williams,Allison Williams,allison.williams@company.com,company.com,2021-10-14,Sales Manager,SALES,129113,SENIOR,,1451 Doyle Stravenue,New Melvinstad,WI,68942,1960-09-21,65,4,TERMINATED
1766832184,Amanda,Kelly,Amanda Kelly,amanda.kelly@company.com,company.com,2018-06-10,Hr Generalist,HR,130920,SENIOR,1766831924,052 Williams Plaza Suite 405,West Katherine,TN,34352,1969-02-08,56,7,TERMINATED
1766832760,Amanda,Martinez,Amanda Martinez,amanda.martinez@company.com,company.com,2019-01-11,Data Analyst,ANALYTICS,93359,SENIOR,1766831890,7770 Perez Island,Lake Michelle,NJ,16263,1964-05-14,61,6,ON LEAVE
1766832012,Amanda,Perry,Amanda Perry,amanda.perry@company.com,company.com,2024-04-30,Business Intelligence Analyst,ANALYTICS,126472,SENIOR,1766831923,744 Sullivan Club,Phillipsport,FL,69145,1962-07-06,63,1,ACTIVE
1766832085,Amanda,Powell,Amanda Powell,amanda.powell@company.com,company.com,2022-09-17,Systems Administrator,IT,120629,SENIOR,1766831894,04150 Patel Mews Apt. 434,Jaredport,MN,93382,1984-10-31,41,3,TERMINATED
1766831841,Amanda,Ramsey,Amanda Ramsey,amanda.ramsey@company.com,company.com,2017-03-02,Product Analyst,ANALYTICS,95343,SENIOR,1766831818,7125 Catherine Court Apt. 725,Wilcoxfort,MN,32041,1975-12-09,50,8,ACTIVE
1766831853,Amber,Perry,Amber Perry,amber.perry@company.com,company.com,2019-02-23,Sales Associate,SALES,68965,MID,1766831851,730 Kenneth Way,West Jamesport,CA,27525,1975-04-15,50,6,ACTIVE
1766832031,Amber,Smith,Amber Smith,amber.smith@company.com,company.com,2023-08-24,Sales Associate,SALES,141786,SENIOR,1766832022,5671 Jesus Course,Jacksonport,MI,59579,2003-11-01,22,2,TERMINATED
1766832510,Amber,Wilkerson,Amber Wilkerson,amber.wilkerson@company.com,company.com,2024-11-01,Data Engineer,ANALYTICS,92471,SENIOR,1766832142,1133 Evans Gardens Apt. 529,Davidville,ID,45105,1997-04-26,28,1,ACTIVE
1766832449,Amy,Aguirre,Amy Aguirre,amy.aguirre@company.com,company.com,2023-03-18,Business Development Representative,SALES,47554,JUNIOR,11544,9686 Stewart Brook Apt. 748,Jamesmouth,VT,51791,1985-02-02,40,2,ACTIVE
1766831810,Amy,Bennett,Amy Bennett,amy.bennett@company.com,company.com,2024-12-18,Hr Assistant,HR,98093,SENIOR,1766831806,9756 White Greens,Allenmouth,NH,75231,1982-06-07,43,1,ON LEAVE
1766832169,Amy,Douglas,Amy Douglas,amy.douglas@company.com,company.com,2016-01-01,Talent Acquisition Specialist,HR,40513,JUNIOR,,01495 Patricia Squares,Darrylfort,SD,64112,1975-01-19,50,9,ACTIVE
1766831934,Amy,Evans,Amy Evans,amy.evans@company.com,company.com,2018-02-22,Learning & Development Lead,HR,135540,SENIOR,1766831895,8360 Cooper Shore,New Michelle,ME,35212,1976-03-27,49,7,ON LEAVE
1766831906,Amy,Franklin,Amy Franklin,amy.franklin@company.com,company.com,2019-01-15,Business Development Representative,SALES,97118,SENIOR,1766831866,15754 Amanda Stravenue Apt. 512,New Amberfurt,WV,30188,1993-04-19,32,6,ACTIVE
1766832395,Amy,Nguyen,Amy Nguyen,amy.nguyen@company.com,company.com,2018-05-26,Devops Engineer,IT,145343,SENIOR,1766832002,3014 Rebecca Walks,Davisville,IL,57348,1969-02-23,56,7,ACTIVE
1766832647,Amy,Parker,Amy Parker,amy.parker@company.com,company.com,2019-04-30,Analytics Manager,ANALYTICS,50570,MID,,352 Jackson Mall Suite 295,Lake Brandon,NV,79537,2001-05-29,24,6,TERMINATED
1766832378,Amy,Reed,Amy Reed,amy.reed@company.com,company.com,2021-12-08,It Manager,IT,101886,SENIOR,1766832134,14629 Norris Lake,Stephaniebury,VI,21215,1982-06-19,43,4,TERMINATED
1766832750,Amy,Wong,Amy Wong,amy.wong@company.com,company.com,2021-06-15,Talent Acquisition Specialist,HR,82789,SENIOR,1766832080,54172 Monica Freeway Apt. 332,Johnsonville,VI,44122,1961-01-25,64,4,TERMINATED
1766832199,Andrea,Daniels,Andrea Daniels,andrea.daniels@company.com,company.com,2023-03-01,Sales Associate,SALES,142901,SENIOR,1766831954,45154 Kevin Circle,North Robert,SD,94775,1980-09-15,45,2,ACTIVE
1766832804,Andrea,Erickson,Andrea Erickson,andrea.erickson@company.com,company.com,2025-12-10,Security Analyst,IT,78596,MID,1766832102,63218 Hannah Meadow,Lunahaven,OK,53424,1977-01-11,48,0,ACTIVE
1766832117,Andrea,Hernandez,Andrea Hernandez,andrea.hernandez@company.com,company.com,2016-05-29,Analytics Manager,ANALYTICS,107710,SENIOR,1766831875,1409 Alyssa Extension Suite 058,New Brianbury,NV,84982,1988-10-17,37,9,ACTIVE
1766832316,Andrea,Powell,Andrea Powell,andrea.powell@company.com,company.com,2016-10-02,Data Engineer,ANALYTICS,57913,MID,1766832180,75286 Bailey Expressway Suite 740,Powershaven,HI,93375,1973-08-24,52,9,ON LEAVE
1766832761,Andrea,Shaffer,Andrea Shaffer,andrea.shaffer@company.com,company.com,2017-12-22,It Manager,IT,129407,SENIOR,,19204 Simpson Vista Apt. 223,West Richard,NV,76168,1969-01-03,56,8,ACTIVE
1766832346,Andrew,Brown,Andrew Brown,andrew.brown@company.com,company.com,2016-09-30,Business Development Representative,SALES,142317,SENIOR,1766831894,16743 Randy Mountains,Lake Jenniferstad,OH,9702,1975-08-29,50,9,ACTIVE
1766832388,Andrew,Lee,Andrew Lee,andrew.lee@company.com,company.com,2024-03-03,Talent Acquisition Specialist,HR,128966,SENIOR,,84654 Burns Stream Apt. 433,Stephanieland,VT,15009,1983-11-16,42,1,TERMINATED
1766831871,Andrew,Scott,Andrew Scott,andrew.scott@company.com,company.com,2018-05-01,Product Analyst,ANALYTICS,58268,MID,1766831826,778 Tucker Plain,Amandashire,IL,37225,1965-12-01,60,7,ACTIVE
1766832712,Andrew,Warren,Andrew Warren,andrew.warren@company.com,company.com,2025-10-18,Analytics Manager,ANALYTICS,121766,SENIOR,1766832461,61880 Richard Estates,Robinshire,VI,32301,1981-06-18,44,0,ACTIVE
1766831988,Angela,Lewis,Angela Lewis,angela.lewis@company.com,company.com,2025-11-10,Data Analyst,ANALYTICS,115507,SENIOR,1766831892,913 Michael Mountain Apt. 260,South Aaronbury,MS,52738,1989-03-07,36,0,ON LEAVE
1766831944,Angela,Rhodes,Angela Rhodes,angela.rhodes@company.com,company.com,2020-02-29,Product Analyst,ANALYTICS,117884,SENIOR,1766831920,393 Tucker Point Apt. 799,West Davidstad,DC,56468,1977-06-13,48,5,ACTIVE
1766832637,Angela,Riley,Angela Riley,angela.riley@company.com,company.com,2021-10-10,Devops Engineer,IT,106105,SENIOR,1766832423,9882 Turner Lake Suite 042,Lake Kelsey,WI,76828,1974-10-07,51,4,ON LEAVE
1766832337,Angela,Smith,Angela Smith,angela.smith@company.com,company.com,2021-11-24,Data Analyst,ANALYTICS,131325,SENIOR,1766831981,21152 Harrison Circle Suite 067,Collinsberg,SC,15235,1983-06-16,42,4,TERMINATED
1766832362,Angela,Young,Angela Young,angela.young@company.com,company.com,2025-03-20,Product Analyst,ANALYTICS,147535,SENIOR,1766831932,090 Myers Inlet,Robinburgh,MD,7217,1984-09-30,41,0,ON LEAVE
1766832594,Angie,Hicks,Angie Hicks,angie.hicks@company.com,company.com,2024-01-13,Product Analyst,ANALYTICS,79959,MID,1766832320,59887 Sampson Trail,New Taylor,MA,2182,1973-09-30,52,1,ON LEAVE
1766832650,Ann,Bennett,Ann Bennett,ann.bennett@company.com,company.com,2017-02-28,Analytics Manager,ANALYTICS,72695,MID,1766832090,93196 Holly Forges Apt. 145,Port Kevin,WV,89496,1991-06-09,34,8,ACTIVE
1766832585,Ann,Burgess,Ann Burgess,ann.burgess@company.com,company.com,2019-12-27,Sales Operations Analyst,SALES,66550,MID,,46466 Ashlee Vista,Lake Paul,IA,9151,1967-10-13,58,6,ACTIVE
1766832411,Ann,Stevens,Ann Stevens,ann.stevens@company.com,company.com,2016-04-04,Sales Manager,SALES,112401,SENIOR,1766831875,633 John Corner Apt. 722,North Richard,CT,23037,1962-03-10,63,9,TERMINATED
1766832394,Anna,Johnson,Anna Johnson,anna.johnson@company.com,company.com,2023-04-19,Hr Manager,HR,55485,MID,1766831876,368 Linda Forges Apt. 611,East Susanhaven,NV,96953,1979-12-05,46,2,ON LEAVE
1766832437,Anne,Beard,Anne Beard,anne.beard@company.com,company.com,2020-06-12,Security Analyst,IT,113847,SENIOR,1766832064,065 Frye Lake,Kristinshire,NC,20057,1991-09-18,34,5,ACTIVE
1766832203,Anthony,Lara,Anthony Lara,anthony.lara@company.com,company.com,2017-05-26,Sales Manager,SALES,92685,SENIOR,1766832145,599 Kyle Turnpike,Jessicamouth,ID,97853,2002-03-30,23,8,ON LEAVE
1766831924,Anthony,Martinez,Anthony Martinez,anthony.martinez@company.com,company.com,2017-07-12,Sales Operations Analyst,SALES,84443,SENIOR,1766831894,69015 Mejia Square Apt. 301,Stephanieview,NM,90527,1978-04-26,47,8,ACTIVE
1766832313,Anthony,Morris,Anthony Morris,anthony.morris@company.com,company.com,2024-12-03,Account Executive,SALES,49336,JUNIOR,1766832174,137 Jennifer Ferry Suite 628,Port Crystal,KS,78725,1992-02-15,33,1,TERMINATED
1766831880,Anthony,Peters,Anthony Peters,anthony.peters@company.com,company.com,2017-04-13,Product Analyst,ANALYTICS,72127,MID,1766831872,62611 Katelyn Forges Suite 271,Mcbridemouth,RI,46188,1962-12-17,63,8,ON LEAVE
1766832010,Anthony,Price,Anthony Price,anthony.price@company.com,company.com,2021-05-14,Systems Administrator,IT,93229,SENIOR,11610,230 Carter Causeway Suite 172,North Erikbury,DC,74377,1982-05-23,43,4,ON LEAVE
1766831981,Antonio,Phillips,Antonio Phillips,antonio.phillips@company.com,company.com,2019-01-25,It Manager,IT,48434,JUNIOR,,5314 Vanessa Field,Port Michael,KS,63191,1980-08-27,45,6,ON LEAVE
1766832267,April,Cole,April Cole,april.cole@company.com,company.com,2021-09-29,Security Analyst,IT,65078,MID,1766832202,48922 Melissa View Suite 243,South Charlesfurt,MA,71979,1968-05-18,57,4,ACTIVE
1766831904,April,Duncan,April Duncan,april.duncan@company.com,company.com,2019-05-28,Data Engineer,ANALYTICS,81629,SENIOR,1766831889,328 Lauren Fall,West Edwardburgh,VT,61687,1967-02-07,58,6,ACTIVE
1766832651,April,Martin,April Martin,april.martin@company.com,company.com,2022-03-10,Analytics Manager,ANALYTICS,123109,SENIOR,,363 Martin Harbor Suite 250,Cynthiaborough,VI,63171,1990-08-29,35,3,ACTIVE
1766832246,April,Miranda,April Miranda,april.miranda@company.com,company.com,2017-12-18,Data Engineer,ANALYTICS,76849,MID,1766832004,18318 Spence Common,Arielland,MH,51664,1990-04-11,35,8,ON LEAVE
1766832039,Ariana,Estes,Ariana Estes,ariana.estes@company.com,company.com,2025-10-06,Hr Generalist,HR,126962,SENIOR,1766832020,909 Tina Tunnel,Lake Ericabury,FM,65632,2003-12-04,22,0,TERMINATED
1766832797,Ariana,Simpson,Ariana Simpson,ariana.simpson@company.com,company.com,2021-02-28,Security Analyst,IT,110001,SENIOR,1766832621,713 Lisa Meadows,Allisonfort,KY,25319,1966-01-18,59,4,ACTIVE
1766832624,Arthur,Washington,Arthur Washington,arthur.washington@company.com,company.com,2018-08-14,Sales Manager,SALES,42429,JUNIOR,,950 David Junction,East Sarah,KS,94361,1962-08-06,63,7,ACTIVE
1766832528,Ashlee,Lambert,Ashlee Lambert,ashlee.lambert@company.com,company.com,2022-06-17,Account Executive,SALES,46822,JUNIOR,1766832155,6364 Kelly Junction,North Pam,UT,58430,1963-07-09,62,3,ON LEAVE
1766832689,Ashley,Gonzalez,Ashley Gonzalez,ashley.gonzalez@company.com,company.com,2025-07-26,Talent Acquisition Specialist,HR,102929,SENIOR,1766832136,211 Jonathan Pines,Parkershire,AS,13082,1996-03-09,29,0,TERMINATED
1766832539,Ashley,Mitchell,Ashley Mitchell,ashley.mitchell@company.com,company.com,2025-08-06,Hr Generalist,HR,75301,MID,1766832029,6852 Jensen Mount,East Matthewtown,VI,44051,2003-10-20,22,0,ON LEAVE
1766832224,Ashley,Pena,Ashley Pena,ashley.pena@company.com,company.com,2023-10-21,Systems Administrator,IT,65373,MID,1766832085,16952 Little Forks Suite 041,Sheppardport,MN,12273,1987-09-01,38,2,ACTIVE
1766832768,Audrey,Curtis,Audrey Curtis,audrey.curtis@company.com,company.com,2022-08-31,Business Development Representative,SALES,133244,SENIOR,1766831851,9131 Nicholas Crossing Apt. 078,North Stevenbury,NV,42105,1960-10-25,65,3,ACTIVE
1766832218,Audrey,Smith,Audrey Smith,audrey.smith@company.com,company.com,2022-12-21,Business Intelligence Analyst,ANALYTICS,117754,SENIOR,1766831942,83851 Joshua Squares Suite 379,New Nicholas,OK,65370,1963-08-02,62,3,ACTIVE
1766832670,Autumn,Hutchinson,Autumn Hutchinson,autumn.hutchinson@company.com,company.com,2024-05-11,Systems Administrator,IT,65321,MID,,5648 Powell Course Suite 308,Rodriguezberg,MD,40215,1982-06-17,43,1,TERMINATED
1766832563,Barbara,Conway,Barbara Conway,barbara.conway@company.com,company.com,2021-11-08,Business Development Representative,SALES,92455,SENIOR,1766831993,633 Kristin Run,Hawkinshaven,WA,6609,1966-06-10,59,4,ACTIVE
1766832165,Becky,Moore,Becky Moore,becky.moore@company.com,company.com,2020-01-05,Product Analyst,ANALYTICS,46493,JUNIOR,1766831913,240 Donald Islands,Diamondfurt,KS,10803,1990-05-12,35,5,ACTIVE
1766832509,Belinda,Mooney,Belinda Mooney,belinda.mooney@company.com,company.com,2019-08-15,Hr Manager,HR,69097,MID,,943 Thomas Gateway Apt. 895,Hunterport,VA,3971,1967-05-12,58,6,TERMINATED
1766832382,Belinda,Walker,Belinda Walker,belinda.walker@company.com,company.com,2021-06-08,Sales Associate,SALES,121917,SENIOR,1766831932,55934 Michael Ferry,Zacharyview,GU,48215,2001-11-07,24,4,ACTIVE
1766831909,Benjamin,Christian,Benjamin Christian,benjamin.christian@company.com,company.com,2021-01-16,Product Analyst,ANALYTICS,112359,SENIOR,1766831891,375 Richards Fort,West William,AZ,29191,1992-03-06,33,4,ACTIVE
1766831806,Benjamin,Davis,Benjamin Davis,benjamin.davis@company.com,company.com,2018-06-29,Hr Manager,HR,101372,SENIOR,1766831805,17132 Valdez Garden,Rogersbury,RI,22614,1976-10-19,49,7,ACTIVE
1766832681,Benjamin,Donaldson,Benjamin Donaldson,benjamin.donaldson@company.com,company.com,2025-06-24,Sales Manager,SALES,86793,SENIOR,1766832246,005 Susan Plain,Port James,TX,12027,1975-04-07,50,0,ON LEAVE
1766831840,Benjamin,Mosley,Benjamin Mosley,benjamin.mosley@company.com,company.com,2016-05-21,Product Analyst,ANALYTICS,59530,MID,,44971 Thomas Views Suite 592,Nathanielborough,IL,39293,1966-07-06,59,9,ON LEAVE
1766831845,Benjamin,Woods,Benjamin Woods,benjamin.woods@company.com,company.com,2023-01-20,Business Development Representative,SALES,56370,MID,1766831818,313 Heather Stravenue Apt. 557,Millerburgh,PR,34654,1961-01-17,64,2,ON LEAVE
1766832558,Beth,Rodriguez,Beth Rodriguez,beth.rodriguez@company.com,company.com,2019-10-29,Sales Associate,SALES,48019,JUNIOR,1766832202,21034 Garrison Canyon Suite 639,South Luis,DC,42669,1993-07-31,32,6,ON LEAVE
1766832284,Bethany,Bush,Bethany Bush,bethany.bush@company.com,company.com,2023-06-18,Data Analyst,ANALYTICS,44752,JUNIOR,1766831835,8971 Edwards Glen,Burtonton,VI,62195,1996-11-15,29,2,ACTIVE
1766832698,Betty,Bates,Betty Bates,betty.bates@company.com,company.com,2024-12-15,Learning & Development Lead,HR,71009,MID,,916 Krueger Squares Apt. 238,Gregoryfort,ND,72235,1978-08-01,47,1,ACTIVE
1766832559,Billy,Woodard,Billy Woodard,billy.woodard@company.com,company.com,2023-11-29,Systems Administrator,IT,91990,SENIOR,1766832046,6315 Ross Crescent Suite 276,New Nicolebury,TN,37868,1970-02-14,55,2,ACTIVE
1766832555,Brandi,Campbell,Brandi Campbell,brandi.campbell@company.com,company.com,2016-08-22,Account Executive,SALES,79454,MID,1766831920,570 Graves Stream,West April,OK,58655,1960-02-15,65,9,ACTIVE
1766832336,Brandi,Poole,Brandi Poole,brandi.poole@company.com,company.com,2018-04-13,Devops Engineer,IT,80519,SENIOR,1766832156,231 Katrina Ranch,New Barbaraberg,MP,61794,1973-03-08,52,7,TERMINATED
1766831874,Brandon,Butler,Brandon Butler,brandon.butler@company.com,company.com,2016-09-23,Sales Manager,SALES,52356,MID,1766831835,0123 Chad Wells,Lake Michaelside,AZ,28337,1999-08-23,26,9,ACTIVE
1766832220,Brandon,Combs,Brandon Combs,brandon.combs@company.com,company.com,2018-03-19,Talent Acquisition Specialist,HR,149377,SENIOR,1766831892,883 Richard Points Suite 149,West Paul,WV,17639,1968-11-06,57,7,ACTIVE
1766832483,Brandon,Garcia,Brandon Garcia,brandon.garcia@company.com,company.com,2024-04-26,Hr Assistant,HR,42967,JUNIOR,1766832158,98968 Allison Loop,New Jenniferville,KS,96290,1971-06-23,54,1,ACTIVE
1766832282,Brandy,White,Brandy White,brandy.white@company.com,company.com,2022-09-05,Talent Acquisition Specialist,HR,115083,SENIOR,1766831866,6291 Long Extension Apt. 062,East Vincentfurt,AL,78527,1964-08-30,61,3,TERMINATED
1766832066,Brenda,Collins,Brenda Collins,brenda.collins@company.com,company.com,2019-02-05,Learning & Development Lead,HR,65142,MID,1766831857,449 Blackwell Inlet,Port Daniel,ME,12918,1985-10-19,40,6,TERMINATED
1766832293,Brenda,Hodge,Brenda Hodge,brenda.hodge@company.com,company.com,2022-06-27,Product Analyst,ANALYTICS,51567,MID,,56531 Robert Place Apt. 318,North Holly,OH,98610,1981-04-01,44,3,ACTIVE
1766832560,Brenda,Wolf,Brenda Wolf,brenda.wolf@company.com,company.com,2021-11-10,Analytics Manager,ANALYTICS,103519,SENIOR,1766832174,180 Jessica Dam,Campbellland,KS,44220,2003-11-28,22,4,TERMINATED
1766831943,Brent,Aguirre,Brent Aguirre,brent.aguirre@company.com,company.com,2025-06-11,Systems Administrator,IT,105556,SENIOR,1766831903,3527 Mendez Trail,South Nicholas,IL,69824,2002-10-15,23,0,ACTIVE
1766832550,Brent,Johnson,Brent Johnson,brent.johnson@company.com,company.com,2022-05-14,Analytics Manager,ANALYTICS,70433,MID,1766832026,4265 Valerie Valley,Doughertyfurt,NM,69549,1971-04-11,54,3,ACTIVE
1766832075,Brian,Lara,Brian Lara,brian.lara@company.com,company.com,2016-10-23,Data Analyst,ANALYTICS,149369,SENIOR,10750,1728 Michael Route Suite 753,Lake Jerryborough,HI,56308,1980-09-16,45,9,ACTIVE
1766831989,Brian,Thomas,Brian Thomas,brian.thomas@company.com,company.com,2019-06-23,Account Executive,SALES,52914,MID,1766831963,5028 Alec Camp,Cardenasshire,PA,10544,1970-05-13,55,6,TERMINATED
1766832779,Brianna,Martin,Brianna Martin,brianna.martin@company.com,company.com,2025-04-30,Hr Manager,HR,142777,SENIOR,1766832108,85407 Jonathan Loop,Julieville,CA,34808,1998-06-02,27,0,ACTIVE
1766832404,Bridget,Cruz,Bridget Cruz,bridget.cruz@company.com,company.com,2016-08-22,Hr Generalist,HR,90201,SENIOR,1766832374,100 Craig Tunnel Suite 513,North Dominicstad,GA,66014,1995-10-08,30,9,ON LEAVE
1766832661,Brittany,Cowan,Brittany Cowan,brittany.cowan@company.com,company.com,2023-09-20,Sales Operations Analyst,SALES,61548,MID,1766832022,28316 Hunter Fort,Ericachester,NC,93804,1983-05-23,42,2,TERMINATED
1766832358,Brittany,Wright,Brittany Wright,brittany.wright@company.com,company.com,2024-08-22,Business Development Representative,SALES,99833,SENIOR,10756,59101 Webster Corner,Fullerfort,KY,55049,1992-06-24,33,1,TERMINATED
1766832495,Bruce,Bryant,Bruce Bryant,bruce.bryant@company.com,company.com,2018-12-24,It Support Specialist,IT,50637,MID,,296 Lawson Street,Lake Susan,MT,37785,1977-08-22,48,7,TERMINATED
1766832349,Bryan,Long,Bryan Long,bryan.long@company.com,company.com,2025-10-03,Sales Operations Analyst,SALES,89264,SENIOR,,356 Katherine Track Apt. 621,Baileymouth,GU,88131,1974-08-21,51,0,TERMINATED
1766832167,Caitlyn,Robertson,Caitlyn Robertson,caitlyn.robertson@company.com,company.com,2019-07-22,Hr Generalist,HR,107410,SENIOR,1766832143,206 Ruiz Fort Apt. 255,North Regina,VI,75836,1994-09-20,31,6,ACTIVE
1766832726,Caleb,Mccoy,Caleb Mccoy,caleb.mccoy@company.com,company.com,2022-07-19,Sales Associate,SALES,145974,SENIOR,1766831857,156 Lyons Extensions,Fletcherville,GA,49665,1993-11-16,32,3,ON LEAVE
1766832223,Carl,Hamilton,Carl Hamilton,carl.hamilton@company.com,company.com,2021-02-03,Security Analyst,IT,88086,SENIOR,1766832145,417 Ronald Neck Suite 854,Robertton,VI,2855,1980-02-28,45,4,ACTIVE
1766832410,Carl,Smith,Carl Smith,carl.smith@company.com,company.com,2017-07-22,Business Intelligence Analyst,ANALYTICS,65909,MID,1766831860,94975 Jean Pike Apt. 374,Wardfurt,NH,95088,1997-07-23,28,8,ACTIVE
1766832025,Carl,Wright,Carl Wright,carl.wright@company.com,company.com,2016-05-28,Hr Manager,HR,115161,SENIOR,,88693 Sherman Skyway Suite 210,Lake Davidfort,UT,67048,1963-06-14,62,9,ON LEAVE
1766832581,Carla,Nguyen,Carla Nguyen,carla.nguyen@company.com,company.com,2019-06-18,Systems Administrator,IT,47858,JUNIOR,1766832239,9191 Gabriela Street Apt. 644,Port Brandi,KY,94009,1962-01-03,63,6,TERMINATED
1766832359,Carlos,Young,Carlos Young,carlos.young@company.com,company.com,2017-11-06,Sales Operations Analyst,SALES,84763,SENIOR,1766832058,591 Thomas Branch,Ashleychester,MH,80632,1990-08-14,35,8,ON LEAVE
1766832269,Carmen,Riley,Carmen Riley,carmen.riley@company.com,company.com,2018-06-23,Business Intelligence Analyst,ANALYTICS,101262,SENIOR,1766832239,8844 Danielle Ridge,Marctown,ID,52359,1967-09-09,58,7,ACTIVE
1766831843,Carol,Moore,Carol Moore,carol.moore@company.com,company.com,2025-10-23,Account Executive,SALES,121313,SENIOR,1766831818,8086 Wilson Skyway,Fullerview,OK,16684,1993-02-05,32,0,ACTIVE
1766832439,Carol,Norris,Carol Norris,carol.norris@company.com,company.com,2024-08-09,Sales Operations Analyst,SALES,106828,SENIOR,1766832407,724 Ferguson Overpass,Williamborough,PR,24471,1969-01-10,56,1,ACTIVE
1766832727,Carol,Rodriguez,Carol Rodriguez,carol.rodriguez@company.com,company.com,2024-02-08,It Manager,IT,75783,MID,,71273 Gardner Row Suite 646,South Jane,NV,80749,1975-08-24,50,1,ACTIVE
1766831857,Carrie,Clark,Carrie Clark,carrie.clark@company.com,company.com,2018-01-05,It Manager,IT,142092,SENIOR,11164,774 Garcia Dam Suite 772,East Eduardo,ME,77604,1981-03-02,44,7,ACTIVE
1766832446,Carrie,Rogers,Carrie Rogers,carrie.rogers@company.com,company.com,2023-06-13,Product Analyst,ANALYTICS,64708,MID,10286,85695 Shannon Lock Suite 150,Rodriguezfort,NV,82088,1980-03-24,45,2,ACTIVE
1766831867,Casey,Johnson,Casey Johnson,casey.johnson@company.com,company.com,2019-07-29,Data Analyst,ANALYTICS,66415,MID,11854,22214 Kevin Groves,Port Carlos,MI,52123,1990-12-13,35,6,ACTIVE
1766832270,Catherine,Allen,Catherine Allen,catherine.allen@company.com,company.com,2020-03-28,It Support Specialist,IT,107863,SENIOR,11757,71641 Danielle Turnpike,North Natashamouth,MD,29175,1993-12-12,32,5,TERMINATED
1766832764,Catherine,Francis,Catherine Francis,catherine.francis@company.com,company.com,2022-12-21,Business Development Representative,SALES,134496,SENIOR,1766832655,1523 Stanley Islands,New David,IL,2305,1993-04-10,32,3,TERMINATED
1766832070,Chad,Dawson,Chad Dawson,chad.dawson@company.com,company.com,2023-10-14,Business Development Representative,SALES,65674,MID,1766832021,899 David Spur,Marystad,DE,64117,1967-12-07,58,2,ON LEAVE
1766832707,Chad,Dudley,Chad Dudley,chad.dudley@company.com,company.com,2024-04-07,Product Analyst,ANALYTICS,74336,MID,1766832092,684 Graham Oval,West Albertfort,MD,79407,1976-02-11,49,1,ACTIVE
1766831960,Charles,Brown,Charles Brown,charles.brown@company.com,company.com,2019-02-26,Data Engineer,ANALYTICS,68876,MID,1766831835,266 Bell Light Apt. 109,West Jennifer,CT,11417,1992-12-02,33,6,ACTIVE
1766831884,Charles,Bruce,Charles Bruce,charles.bruce@company.com,company.com,2018-11-22,Account Executive,SALES,116118,SENIOR,1766831875,85923 Terri Fork Suite 424,New Marcus,PW,22587,1981-03-30,44,7,ACTIVE
1766832512,Charles,Williams,Charles Williams,charles.williams@company.com,company.com,2021-07-03,Learning & Development Lead,HR,131926,SENIOR,1766832142,5455 Walsh Rest,Faulknerton,MP,22239,1962-05-30,63,4,ON LEAVE
1766832317,Charles,Wilson,Charles Wilson,charles.wilson@company.com,company.com,2018-12-03,Sales Associate,SALES,147100,SENIOR,10913,710 Smith Wells Apt. 581,North Samanthaview,RI,8409,1983-11-20,42,7,ON LEAVE
1766832312,Chelsea,Jenkins,Chelsea Jenkins,chelsea.jenkins@company.com,company.com,2017-07-09,Talent Acquisition Specialist,HR,112173,SENIOR,11590,67654 Duane Loop,Wileyfort,VT,77390,1962-09-10,63,8,TERMINATED
1766832355,Cheryl,Johnson,Cheryl Johnson,cheryl.johnson@company.com,company.com,2016-08-23,Security Analyst,IT,121341,SENIOR,,5528 Aguilar Alley Apt. 998,Maryberg,TX,1809,1999-02-04,26,9,ACTIVE
1766832453,Cheryl,Lin,Cheryl Lin,cheryl.lin@company.com,company.com,2022-09-09,Talent Acquisition Specialist,HR,108479,SENIOR,1766831857,6134 Sexton Roads Apt. 904,Benjaminport,KY,31427,1975-07-11,50,3,TERMINATED
1766832235,Cheryl,Lloyd,Cheryl Lloyd,cheryl.lloyd@company.com,company.com,2021-06-12,Analytics Manager,ANALYTICS,113717,SENIOR,,34127 Brian Gateway Apt. 923,Lake Danielburgh,WV,86119,1972-11-05,53,4,ON LEAVE
1766832339,Christian,Nelson,Christian Nelson,christian.nelson@company.com,company.com,2024-03-11,Hr Generalist,HR,103945,SENIOR,1766832091,22845 Brent Bridge,West Michael,NY,68942,1994-07-29,31,1,ACTIVE
1766832038,Christian,Perkins,Christian Perkins,christian.perkins@company.com,company.com,2017-04-27,Account Executive,SALES,130868,SENIOR,1766831908,4086 Lucas Stravenue,Erinhaven,ND,37855,1983-02-24,42,8,ACTIVE
1766832458,Christina,Davis,Christina Davis,christina.davis@company.com,company.com,2022-07-05,Hr Assistant,HR,112896,SENIOR,1766831903,8792 Douglas Trace,West Kenneth,VA,61781,1966-02-20,59,3,TERMINATED
1766832400,Christina,Gibson,Christina Gibson,christina.gibson@company.com,company.com,2016-07-22,Sales Manager,SALES,106034,SENIOR,1766832185,9035 William Coves,West Matthew,AR,85106,1998-04-30,27,9,TERMINATED
1766832013,Christina,Jones,Christina Jones,christina.jones@company.com,company.com,2025-09-09,Data Engineer,ANALYTICS,48478,JUNIOR,1766831921,55473 Julia Wall Suite 757,North Christie,NV,60095,1997-10-23,28,0,ACTIVE
1766832456,Christina,Smith,Christina Smith,christina.smith@company.com,company.com,2017-04-05,Analytics Manager,ANALYTICS,80383,SENIOR,1766832092,826 April Ford Apt. 407,Sandratown,PA,52373,1963-11-05,62,8,ACTIVE
1766832276,Christine,Hendricks,Christine Hendricks,christine.hendricks@company.com,company.com,2024-09-20,Business Development Representative,SALES,107194,SENIOR,,547 Johnathan Prairie,Port Mark,MP,61955,1961-07-05,64,1,TERMINATED
1766831873,Christine,Ramos,Christine Ramos,christine.ramos@company.com,company.com,2016-06-18,Data Engineer,ANALYTICS,54204,MID,1766831850,452 Ross Canyon,New Jacobton,AL,56223,1969-02-12,56,9,TERMINATED
1766831869,Christopher,Adams,Christopher Adams,christopher.adams@company.com,company.com,2021-12-30,Hr Generalist,HR,40098,JUNIOR,1766831857,6003 Mills Shore,North Tammy,AS,44104,1998-09-26,27,3,ACTIVE
1766832543,Christopher,Cox,Christopher Cox,christopher.cox@company.com,company.com,2022-12-10,Business Intelligence Analyst,ANALYTICS,58123,MID,1766832108,8258 Lawson Lodge Suite 523,Lake Robin,ME,10563,1968-11-09,57,3,ACTIVE
1766832272,Christopher,Cruz,Christopher Cruz,christopher.cruz@company.com,company.com,2019-11-13,Systems Administrator,IT,120947,SENIOR,1766832084,70294 Carter Path,North Jessica,ND,37870,1982-02-15,43,6,ACTIVE
1766832450,Christopher,Gonzales,Christopher Gonzales,christopher.gonzales@company.com,company.com,2022-02-17,Data Engineer,ANALYTICS,148653,SENIOR,1766832310,137 Mark Orchard Apt. 875,South Sara,GA,90739,1980-12-21,45,3,TERMINATED
1766832207,Christopher,Hall,Christopher Hall,christopher.hall@company.com,company.com,2024-12-21,Data Engineer,ANALYTICS,107984,SENIOR,1766832084,0835 John Vista,Dustinmouth,WV,27839,1995-04-09,30,1,ON LEAVE
1766832051,Christopher,Haynes,Christopher Haynes,christopher.haynes@company.com,company.com,2025-10-23,Business Development Representative,SALES,84685,SENIOR,,206 James Island Suite 726,North Samanthaborough,NV,65842,1971-12-25,54,0,ACTIVE
1766832374,Christopher,Jackson,Christopher Jackson,christopher.jackson@company.com,company.com,2017-11-11,Analytics Manager,ANALYTICS,121132,SENIOR,1766831988,3203 Dixon Parkway,Lake Sherriville,WV,94721,1983-01-03,42,8,ACTIVE
1766832375,Christopher,Johnson,Christopher Johnson,christopher.johnson@company.com,company.com,2023-03-03,It Support Specialist,IT,47400,JUNIOR,1766831815,91834 Dean Pine,Port Deborahmouth,GA,14377,1976-02-20,49,2,TERMINATED
1766832468,Christopher,Perez,Christopher Perez,christopher.perez@company.com,company.com,2024-03-02,Sales Operations Analyst,SALES,122924,SENIOR,1766832159,250 Martin Estate,Brownfort,AS,32971,1973-12-13,52,1,ON LEAVE
1766832566,Christopher,Ray,Christopher Ray,christopher.ray@company.com,company.com,2018-09-06,It Support Specialist,IT,136562,SENIOR,1766832125,72850 Nicole Village,North Anthonyport,ND,13823,1993-03-14,32,7,ACTIVE
1766831929,Christopher,Rose,Christopher Rose,christopher.rose@company.com,company.com,2023-07-08,Systems Administrator,IT,125430,SENIOR,10216,471 Blair Rapids,Rayborough,CO,11195,1973-12-10,52,2,TERMINATED
1766832310,Christopher,Smith,Christopher Smith,christopher.smith@company.com,company.com,2024-03-10,Analytics Manager,ANALYTICS,97282,SENIOR,1766832238,3576 Michael Mount,Nunezfurt,MO,11790,1979-08-23,46,1,ACTIVE
1766832462,Christopher,Soto,Christopher Soto,christopher.soto@company.com,company.com,2018-05-19,Data Analyst,ANALYTICS,141868,SENIOR,1766832461,56788 Villanueva Springs Suite 512,Mackenziechester,PR,82767,1992-05-26,33,7,TERMINATED
1766832037,Christopher,Ward,Christopher Ward,christopher.ward@company.com,company.com,2024-11-23,Hr Manager,HR,60640,MID,,533 Connor Islands,East Hectorfort,PA,35381,1998-04-03,27,1,ON LEAVE
1766832687,Cody,Huber,Cody Huber,cody.huber@company.com,company.com,2022-07-16,Account Executive,SALES,77594,MID,1766832384,99592 Michael Shores Apt. 327,North Holly,MI,74650,1998-06-29,27,3,ACTIVE
1766832529,Cody,Wood,Cody Wood,cody.wood@company.com,company.com,2020-06-10,Sales Associate,SALES,91136,SENIOR,,8729 Flores Lane,Davidport,NC,66902,1976-01-11,49,5,TERMINATED
1766832380,Cole,Riley,Cole Riley,cole.riley@company.com,company.com,2021-01-26,Data Analyst,ANALYTICS,60521,MID,1766832149,207 Flores Harbors Apt. 446,Bethview,MO,91062,1998-03-26,27,4,TERMINATED
1766831971,Cory,Gibbs,Cory Gibbs,cory.gibbs@company.com,company.com,2022-09-17,Sales Associate,SALES,134303,SENIOR,1766831942,60180 Winters Trace Suite 849,New David,VA,62540,1994-03-09,31,3,ACTIVE
1766831895,Craig,Anderson,Craig Anderson,craig.anderson@company.com,company.com,2024-02-09,Hr Assistant,HR,148773,SENIOR,1766831835,4667 Walker Plains,Thompsonshire,AR,25018,1969-05-23,56,1,TERMINATED
1766832170,Crystal,Evans,Crystal Evans,crystal.evans@company.com,company.com,2017-07-28,Data Analyst,ANALYTICS,96930,SENIOR,1766831866,2910 Brooks Motorway Apt. 166,Josephtown,CA,72883,1977-09-27,48,8,ACTIVE
1766832415,Crystal,Miller,Crystal Miller,crystal.miller@company.com,company.com,2017-08-15,Systems Administrator,IT,47348,JUNIOR,1766832301,08413 Dana Track,East Mary,OR,27830,1969-06-19,56,8,ACTIVE
1766831870,Crystal,Torres,Crystal Torres,crystal.torres@company.com,company.com,2023-09-29,It Manager,IT,42347,JUNIOR,1766831813,6326 Kennedy Terrace,Nelsonhaven,IA,39649,1972-05-17,53,2,ACTIVE
1766832160,Cynthia,Faulkner,Cynthia Faulkner,cynthia.faulkner@company.com,company.com,2021-12-07,Sales Associate,SALES,103811,SENIOR,11526,902 Murphy Groves,Robertfort,AK,78531,1973-02-20,52,4,ACTIVE
1766831942,Cynthia,Park,Cynthia Park,cynthia.park@company.com,company.com,2023-01-06,Hr Manager,HR,57946,MID,1766831857,6537 Steven Fields Apt. 586,New Ryanfurt,KS,42863,1964-11-04,61,2,ON LEAVE
1766832307,Cynthia,Pennington,Cynthia Pennington,cynthia.pennington@company.com,company.com,2025-10-09,Sales Operations Analyst,SALES,46725,JUNIOR,1766832180,9711 Ruth Center,Brentfurt,MN,97399,2002-02-24,23,0,ACTIVE
1766831858,Dale,Moore,Dale Moore,dale.moore@company.com,company.com,2024-03-23,Devops Engineer,IT,92789,SENIOR,1766831835,10643 Christopher Courts,Lake Heidiborough,PW,77619,1980-05-09,45,1,ON LEAVE
1766831890,Dalton,Jackson,Dalton Jackson,dalton.jackson@company.com,company.com,2018-08-14,Product Analyst,ANALYTICS,63729,MID,,8133 Gutierrez Lane,North Nataliechester,ID,47516,1976-04-14,49,7,ON LEAVE
1766832430,Dalton,Tanner,Dalton Tanner,dalton.tanner@company.com,company.com,2023-01-06,It Manager,IT,97378,SENIOR,1766831932,363 Shelby Crescent Apt. 550,North Annashire,MT,90353,1980-03-18,45,2,ACTIVE
1766832098,Dana,Jones,Dana Jones,dana.jones@company.com,company.com,2021-09-09,Hr Generalist,HR,139213,SENIOR,1766831866,25939 Jessica Summit Apt. 511,Lowetown,PW,50245,1979-06-18,46,4,ACTIVE
1766832311,Dana,Tanner,Dana Tanner,dana.tanner@company.com,company.com,2016-07-26,Talent Acquisition Specialist,HR,103678,SENIOR,1766831923,5127 Jason Lane Suite 183,New Davidmouth,VA,92070,1990-08-29,35,9,ON LEAVE
1766832799,Daniel,Burns,Daniel Burns,daniel.burns@company.com,company.com,2020-04-28,Sales Operations Analyst,SALES,55329,MID,,25665 Lewis Locks Suite 262,Robertburgh,MD,68814,1974-05-18,51,5,ON LEAVE
1766831861,Daniel,Contreras,Daniel Contreras,daniel.contreras@company.com,company.com,2020-08-12,Business Intelligence Analyst,ANALYTICS,144456,SENIOR,1766831818,47431 Moody Flats,East Thomasland,TN,37513,1981-01-07,44,5,TERMINATED
1766832146,Daniel,Cook,Daniel Cook,daniel.cook@company.com,company.com,2017-04-27,Hr Assistant,HR,47116,JUNIOR,,212 Matthew Spur,North Brandon,CT,72388,1977-11-11,48,8,TERMINATED
1766832499,Daniel,Diaz,Daniel Diaz,daniel.diaz@company.com,company.com,2018-08-18,Systems Administrator,IT,56292,MID,11523,8249 Ferguson Heights,South Bonniemouth,NJ,17019,1991-12-02,34,7,ON LEAVE
1766832053,Daniel,Garcia,Daniel Garcia,daniel.garcia@company.com,company.com,2018-02-06,Analytics Manager,ANALYTICS,112103,SENIOR,,581 Wong Fork Suite 187,West Jeremyland,WY,32321,1997-01-11,28,7,ACTIVE
1766832722,Daniel,Jackson,Daniel Jackson,daniel.jackson@company.com,company.com,2018-02-14,Learning & Development Lead,HR,112619,SENIOR,1766831981,4197 Bradley Estates Suite 655,New Manuelmouth,NH,54118,1962-11-20,63,7,ON LEAVE
1766832273,Daniel,Macdonald,Daniel Macdonald,daniel.macdonald@company.com,company.com,2021-12-05,It Support Specialist,IT,127624,SENIOR,1766832169,13004 Christopher Rapid,Wardberg,RI,50143,2002-08-04,23,4,ON LEAVE
1766832197,Daniel,Mcconnell,Daniel Mcconnell,daniel.mcconnell@company.com,company.com,2021-08-09,Sales Operations Analyst,SALES,96865,SENIOR,1766832195,45891 Jones Port,Maryhaven,RI,65643,1960-06-10,65,4,ON LEAVE
1766832041,Daniel,Mejia,Daniel Mejia,daniel.mejia@company.com,company.com,2022-10-25,Devops Engineer,IT,51154,MID,1766831998,573 Howell Crossing Apt. 636,Harrellfort,CO,37666,1981-06-11,44,3,ON LEAVE
1766832740,Daniel,Mendez,Daniel Mendez,daniel.mendez@company.com,company.com,2020-04-05,Hr Manager,HR,41502,JUNIOR,1766832105,11770 Taylor Well Apt. 607,Perryland,FM,49851,1994-01-28,31,5,ON LEAVE
1766832154,Daniel,Moore,Daniel Moore,daniel.moore@company.com,company.com,2020-09-01,Security Analyst,IT,114116,SENIOR,1766832105,6600 Hines Motorway,Port Catherineberg,VA,98660,1960-04-26,65,5,ACTIVE
1766832289,Daniel,Reyes,Daniel Reyes,daniel.reyes@company.com,company.com,2016-02-23,Product Analyst,ANALYTICS,57838,MID,1766832232,732 Oliver Valleys,South Kelly,IL,42051,1989-06-29,36,9,TERMINATED
1766832080,Daniel,Ross,Daniel Ross,daniel.ross@company.com,company.com,2019-11-07,Sales Manager,SALES,75925,MID,,646 Patel Harbor,Poncestad,WI,53795,1962-06-03,63,6,ON LEAVE
1766832597,Daniel,Taylor,Daniel Taylor,daniel.taylor@company.com,company.com,2024-06-13,Hr Manager,HR,101777,SENIOR,,198 Marquez Pine Apt. 478,Maryfort,WY,68363,1990-06-30,35,1,TERMINATED
1766832052,Daniel,Wheeler,Daniel Wheeler,daniel.wheeler@company.com,company.com,2021-07-07,Hr Manager,HR,130849,SENIOR,1766831847,724 Richard Ville,South Dennis,SC,28345,1964-12-10,61,4,ACTIVE
1766832365,Daniel,Wiley,Daniel Wiley,daniel.wiley@company.com,company.com,2021-01-12,Sales Operations Analyst,SALES,148763,SENIOR,1766832117,342 Miranda View,New Christophermouth,AZ,68631,1995-07-27,30,4,TERMINATED
1766832534,Danielle,Barrett,Danielle Barrett,danielle.barrett@company.com,company.com,2018-10-17,Sales Operations Analyst,SALES,68017,MID,,067 Ryan Canyon Suite 260,Donaldville,AS,94837,1993-06-04,32,7,TERMINATED
1766831923,Danielle,Roberts,Danielle Roberts,danielle.roberts@company.com,company.com,2017-05-05,It Manager,IT,120459,SENIOR,1766831908,006 Ryan Crescent,Ballmouth,VT,95305,1997-12-10,28,8,ACTIVE
1766832657,Danielle,Wilson,Danielle Wilson,danielle.wilson@company.com,company.com,2016-10-26,Business Development Representative,SALES,57489,MID,,7635 Chavez Forest Suite 840,Brockchester,RI,67497,1969-03-08,56,9,ACTIVE
1766831927,Danny,Ruiz,Danny Ruiz,danny.ruiz@company.com,company.com,2019-01-21,Devops Engineer,IT,148506,SENIOR,,539 Melissa Square Apt. 543,Nguyenville,ID,49945,1971-07-13,54,6,TERMINATED
1766832703,Darren,Jones,Darren Jones,darren.jones@company.com,company.com,2019-07-21,Security Analyst,IT,137901,SENIOR,11003,886 Terry Knolls Suite 594,Robertbury,TX,1451,1990-01-26,35,6,ON LEAVE
1766832256,Dave,Silva,Dave Silva,dave.silva@company.com,company.com,2016-10-31,Data Engineer,ANALYTICS,138548,SENIOR,1766831837,96488 Rivera Lights,Port Monicafort,KS,89009,1970-07-03,55,9,ACTIVE
1766832441,David,Ball,David Ball,david.ball@company.com,company.com,2021-10-21,Sales Associate,SALES,133887,SENIOR,1766832084,6695 Meyers Points Apt. 968,Melissaberg,AZ,18947,2001-07-31,24,4,TERMINATED
1766832192,David,Blanchard,David Blanchard,david.blanchard@company.com,company.com,2017-03-25,Business Intelligence Analyst,ANALYTICS,133397,SENIOR,1766831850,3964 Baker Parkways Apt. 266,West Melissatown,AR,76600,1960-02-11,65,8,ACTIVE
1766832809,David,Cooper,David Cooper,david.cooper@company.com,company.com,2022-03-25,Devops Engineer,IT,57126,MID,1766832571,72702 Stephanie Squares,West Kristine,KY,90487,1971-01-05,54,3,ACTIVE
1766832537,David,Fletcher,David Fletcher,david.fletcher@company.com,company.com,2022-02-17,Hr Assistant,HR,108713,SENIOR,1766832222,420 Cynthia Stravenue Apt. 063,Bakerchester,FL,42912,1999-03-10,26,3,ACTIVE
1766832685,David,Herrera,David Herrera,david.herrera@company.com,company.com,2016-07-12,Sales Manager,SALES,106119,SENIOR,1766832496,8009 Ryan Branch,Michaelton,GU,83773,1979-12-23,46,9,ON LEAVE
1766832122,David,Howe,David Howe,david.howe@company.com,company.com,2018-09-01,Business Intelligence Analyst,ANALYTICS,128934,SENIOR,,96447 Nathan Park,Powellbury,FL,51121,2001-05-19,24,7,ON LEAVE
1766832772,David,Maddox,David Maddox,david.maddox@company.com,company.com,2018-12-30,Hr Generalist,HR,77905,MID,1766832200,21281 Ray Mission Suite 293,New Donnaburgh,MS,90063,1987-12-25,38,6,ON LEAVE
1766832230,David,Mcneil,David Mcneil,david.mcneil@company.com,company.com,2018-07-01,Product Analyst,ANALYTICS,121109,SENIOR,1766832131,66316 David Via,New Billyville,MN,30977,2002-12-16,23,7,ACTIVE
1766832664,David,Reilly,David Reilly,david.reilly@company.com,company.com,2021-02-15,Account Executive,SALES,59026,MID,1766832587,17876 Daniel Shoal,Garzaville,UT,31254,1965-06-30,60,4,ACTIVE
1766832344,David,Savage,David Savage,david.savage@company.com,company.com,2024-06-05,Devops Engineer,IT,41403,JUNIOR,,493 Mooney Landing Suite 400,West Aprilstad,RI,73873,1961-05-31,64,1,ON LEAVE
1766832568,David,Sullivan,David Sullivan,david.sullivan@company.com,company.com,2023-04-10,Data Analyst,ANALYTICS,81645,SENIOR,1766832540,981 Vazquez Route,Griffinmouth,FL,42474,1985-07-05,40,2,ON LEAVE
1766832103,Dean,Cook,Dean Cook,dean.cook@company.com,company.com,2025-10-31,Product Analyst,ANALYTICS,108315,SENIOR,1766831946,3254 Lane Walks,Port Maxwell,WA,92548,1966-02-24,59,0,ON LEAVE
1766832522,Deborah,Hess,Deborah Hess,deborah.hess@company.com,company.com,2018-01-08,Hr Generalist,HR,83936,SENIOR,1766832108,7834 Sherry Estates,Johnville,ND,2412,1983-06-19,42,7,ON LEAVE
1766832757,Deborah,Myers,Deborah Myers,deborah.myers@company.com,company.com,2023-08-08,Data Analyst,ANALYTICS,72718,MID,,167 Steven Club Suite 941,Christopherbury,HI,83473,1977-12-20,48,2,TERMINATED
1766831820,Debra,Gordon,Debra Gordon,debra.gordon@company.com,company.com,2021-02-26,Business Intelligence Analyst,ANALYTICS,84363,SENIOR,,716 Nguyen Parkways,Annetteberg,OK,97747,1962-05-01,63,4,ACTIVE
1766832601,Debra,Miller,Debra Miller,debra.miller@company.com,company.com,2021-08-30,Devops Engineer,IT,124523,SENIOR,1766832381,893 Hernandez Way,West Davidfort,DC,30811,1964-02-28,61,4,ACTIVE
1766832115,Denise,Harper,Denise Harper,denise.harper@company.com,company.com,2022-06-14,Learning & Development Lead,HR,47028,JUNIOR,1766831994,00073 Le Tunnel Apt. 988,New Virginiahaven,NY,5068,1977-07-28,48,3,ACTIVE
1766832140,Denise,Smith,Denise Smith,denise.smith@company.com,company.com,2025-08-05,It Support Specialist,IT,93580,SENIOR,1766831946,41471 Robin Center,South Kylestad,VA,47321,2003-11-17,22,0,ON LEAVE
1766832185,Dennis,Dixon,Dennis Dixon,dennis.dixon@company.com,company.com,2024-02-14,Business Development Representative,SALES,110818,SENIOR,1766832171,609 Silva Gateway Apt. 226,Lake Tonyaview,WV,30998,1984-04-10,41,1,ACTIVE
1766831822,Dennis,Owens,Dennis Owens,dennis.owens@company.com,company.com,2023-06-24,Data Analyst,ANALYTICS,85092,SENIOR,1766831818,38615 Arias Mews,Brooksfort,LA,34931,1979-12-13,46,2,ACTIVE
1766832668,Derrick,Sanchez,Derrick Sanchez,derrick.sanchez@company.com,company.com,2022-09-12,Learning & Development Lead,HR,59798,MID,1766832364,4930 Tucker Harbor Suite 634,Port Bethfurt,DE,55795,1999-04-07,26,3,ON LEAVE
1766832686,Devin,Reed,Devin Reed,devin.reed@company.com,company.com,2022-01-20,Sales Manager,SALES,100931,SENIOR,1766831872,58103 Renee Fort,New Darryl,VT,79171,1998-03-08,27,3,ON LEAVE
1766832309,Devon,Rollins,Devon Rollins,devon.rollins@company.com,company.com,2021-03-14,Product Analyst,ANALYTICS,137857,SENIOR,,5196 Howard Estates,Stephaniebury,CO,65052,1995-10-10,30,4,TERMINATED
1766832728,Diane,Jones,Diane Jones,diane.jones@company.com,company.com,2022-10-15,Hr Generalist,HR,52170,MID,1766832680,6044 Linda Curve Suite 595,Markfurt,CT,67324,1969-09-13,56,3,ON LEAVE
1766832183,Diane,Terry,Diane Terry,diane.terry@company.com,company.com,2025-11-12,Systems Administrator,IT,98039,SENIOR,1766831921,93971 Briggs Courts,Ortizstad,LA,47603,1990-11-25,35,0,TERMINATED
1766831846,Dominique,Black,Dominique Black,dominique.black@company.com,company.com,2019-10-04,Hr Assistant,HR,54225,MID,1766831835,04032 William Neck Suite 363,North Marcus,FM,28702,1973-08-21,52,6,TERMINATED
1766832118,Donald,Clark,Donald Clark,donald.clark@company.com,company.com,2020-08-12,Data Analyst,ANALYTICS,120852,SENIOR,11654,00080 Shawn Greens Suite 576,East Amanda,NY,69513,1969-07-21,56,5,ACTIVE
1766832158,Donald,Gray,Donald Gray,donald.gray@company.com,company.com,2025-11-24,Business Intelligence Analyst,ANALYTICS,68059,MID,1766831931,7607 Page Walks,Russellview,KY,42636,1964-11-03,61,0,TERMINATED
1766831937,Donald,Oconnell,Donald Oconnell,donald.oconnell@company.com,company.com,2021-12-30,Data Analyst,ANALYTICS,57272,MID,1766831894,050 Ruth Field Suite 254,Teresaburgh,NH,21107,1996-04-08,29,3,ACTIVE
1766832684,Donna,Copeland,Donna Copeland,donna.copeland@company.com,company.com,2017-12-10,Security Analyst,IT,75514,MID,1766831880,927 Paul Orchard,Melanieberg,OR,82548,1993-07-13,32,8,ACTIVE
1766832314,Donna,Duffy,Donna Duffy,donna.duffy@company.com,company.com,2020-07-23,Sales Manager,SALES,52738,MID,1766832071,785 Katelyn Underpass Apt. 790,East Lisafurt,VI,68296,2001-12-14,24,5,ON LEAVE
1766831875,Donna,Patton,Donna Patton,donna.patton@company.com,company.com,2016-09-27,It Manager,IT,101547,SENIOR,1766831818,37947 Gary Roads Suite 204,Timothyport,FL,78480,1981-03-05,44,9,ACTIVE
1766832288,Dorothy,Burns,Dorothy Burns,dorothy.burns@company.com,company.com,2016-06-30,Security Analyst,IT,64307,MID,,33544 Laura Squares,West Emily,SC,96993,1991-07-25,34,9,TERMINATED
1766831856,Douglas,Jones,Douglas Jones,douglas.jones@company.com,company.com,2022-09-27,Account Executive,SALES,143137,SENIOR,1766831850,8055 Daniel Mountains,Port Emily,GA,72565,1973-01-31,52,3,ACTIVE
1766832436,Douglas,Todd,Douglas Todd,douglas.todd@company.com,company.com,2018-03-27,Talent Acquisition Specialist,HR,86130,SENIOR,1766832174,748 Jennifer Skyway Suite 863,Jeremymouth,CO,10752,1962-07-17,63,7,ACTIVE
1766832139,Dustin,Hebert,Dustin Hebert,dustin.hebert@company.com,company.com,2023-10-17,Learning & Development Lead,HR,144174,SENIOR,1766831866,27402 Sandra Parks,Wilsonfurt,AK,27349,1981-11-22,44,2,TERMINATED
1766832340,Dustin,Wheeler,Dustin Wheeler,dustin.wheeler@company.com,company.com,2025-05-11,It Support Specialist,IT,50609,MID,1766831981,8715 Jacqueline Extensions,New Alexisport,UT,58870,1996-10-14,29,0,ACTIVE
1766832466,Dylan,Brown,Dylan Brown,dylan.brown@company.com,company.com,2025-11-21,It Support Specialist,IT,145751,SENIOR,1766832366,28759 Krystal Field,West Tiffany,NC,77544,1993-06-11,32,0,ON LEAVE
1766832202,Dylan,Peterson,Dylan Peterson,dylan.peterson@company.com,company.com,2020-08-05,It Manager,IT,82920,SENIOR,1766832017,781 Rodriguez Mountains,Port Hannah,OH,65864,1993-08-27,32,5,TERMINATED
1766832765,Edward,Bray,Edward Bray,edward.bray@company.com,company.com,2022-11-06,Systems Administrator,IT,100192,SENIOR,1766831908,869 Victoria Camp Apt. 917,Huertaview,MN,65886,1974-12-01,51,3,TERMINATED
1766832250,Edward,Cox,Edward Cox,edward.cox@company.com,company.com,2023-03-19,Systems Administrator,IT,79167,MID,1766832056,71476 Katelyn Turnpike,West Douglas,DC,87354,1981-07-30,44,2,TERMINATED
1766832177,Edward,Johnson,Edward Johnson,edward.johnson@company.com,company.com,2016-09-06,Sales Operations Analyst,SALES,125881,SENIOR,1766831894,8373 Kara Lane,Garybury,CO,14455,1971-02-20,54,9,ACTIVE
1766832741,Edward,Salazar,Edward Salazar,edward.salazar@company.com,company.com,2018-09-20,Analytics Manager,ANALYTICS,110069,SENIOR,1766832037,836 Robert Camp,Sanchezport,HI,68243,1984-12-26,41,7,ON LEAVE
1766832234,Elijah,Santos,Elijah Santos,elijah.santos@company.com,company.com,2022-05-31,Business Development Representative,SALES,87799,SENIOR,1766832037,50426 Quinn Inlet,Juarezshire,MH,77174,1960-03-19,65,3,ACTIVE
1766832392,Elizabeth,Bowers,Elizabeth Bowers,elizabeth.bowers@company.com,company.com,2018-10-15,Hr Generalist,HR,125851,SENIOR,1766831920,40335 Mackenzie Prairie Apt. 735,South Nathan,PR,62835,1995-02-11,30,7,ON LEAVE
1766832531,Elizabeth,Davies,Elizabeth Davies,elizabeth.davies@company.com,company.com,2025-09-23,Business Development Representative,SALES,45236,JUNIOR,,45568 Nathan Causeway,Cervantesfurt,IA,63999,1969-09-12,56,0,ON LEAVE
1766832302,Elizabeth,Huffman,Elizabeth Huffman,elizabeth.huffman@company.com,company.com,2023-10-18,Sales Operations Analyst,SALES,115296,SENIOR,1766832097,9583 Dunn Lodge Suite 110,South Jeremiah,ME,50714,1984-06-28,41,2,ON LEAVE
1766832752,Elizabeth,Lara,Elizabeth Lara,elizabeth.lara@company.com,company.com,2022-07-06,Analytics Manager,ANALYTICS,66809,MID,1766831990,26615 Murphy Forest Suite 214,Ariasbury,NC,19786,1979-07-16,46,3,ACTIVE
1766832016,Elizabeth,Owens,Elizabeth Owens,elizabeth.owens@company.com,company.com,2018-03-18,Security Analyst,IT,79239,MID,1766831977,555 Stephen Island Apt. 408,New Victoriatown,VI,87059,1998-11-19,27,7,ON LEAVE
1766831809,Elizabeth,Woods,Elizabeth Woods,elizabeth.woods@company.com,company.com,2022-03-08,Hr Generalist,HR,74595,MID,1766831805,622 Linda Estates Suite 460,Sarahhaven,FL,14638,1963-08-03,62,3,ON LEAVE
1766832009,Ellen,Mullins,Ellen Mullins,ellen.mullins@company.com,company.com,2021-03-12,Security Analyst,IT,112139,SENIOR,1766831850,71240 William Spur Apt. 124,Williamsbury,ME,12777,1968-12-06,57,4,TERMINATED
1766831958,Emily,Harrington,Emily Harrington,emily.harrington@company.com,company.com,2023-01-19,Talent Acquisition Specialist,HR,55266,MID,1766831850,46926 Bryan Forest Apt. 482,Rebeccaton,HI,36245,1989-05-24,36,2,ACTIVE
1766832216,Emily,Harris,Emily Harris,emily.harris@company.com,company.com,2022-10-17,Systems Administrator,IT,140090,SENIOR,1766832168,58591 Regina Tunnel,Lake Joseph,MS,56220,1970-02-23,55,3,ACTIVE
1766832361,Emily,Hoffman,Emily Hoffman,emily.hoffman@company.com,company.com,2017-05-02,It Support Specialist,IT,149441,SENIOR,1766831818,02651 Tanner Views,West Victoria,CA,42720,1993-12-05,32,8,ON LEAVE
1766832783,Emily,Parker,Emily Parker,emily.parker@company.com,company.com,2018-08-28,It Support Specialist,IT,103383,SENIOR,1766832477,99636 Johnson Mountains,West Sydneytown,WV,35163,1993-09-17,32,7,TERMINATED
1766831908,Emily,Young,Emily Young,emily.young@company.com,company.com,2021-10-26,It Manager,IT,93322,SENIOR,1766831857,93700 Ford Isle,Willistown,IN,51148,1976-05-25,49,4,ON LEAVE
1766832156,Emma,Sparks,Emma Sparks,emma.sparks@company.com,company.com,2017-03-20,Hr Assistant,HR,91210,SENIOR,1766832144,6395 Angela Gardens Suite 277,New Frank,MA,56697,1989-06-01,36,8,TERMINATED
1766832334,Eric,Delgado,Eric Delgado,eric.delgado@company.com,company.com,2022-10-25,Data Engineer,ANALYTICS,110514,SENIOR,10389,9349 Barbara Ports Suite 401,Allenberg,CO,47998,1976-10-06,49,3,ON LEAVE
1766832308,Eric,Hart,Eric Hart,eric.hart@company.com,company.com,2022-08-29,Business Intelligence Analyst,ANALYTICS,69780,MID,1766831921,0066 Justin Rapid Suite 596,West Catherine,DC,37770,1987-12-17,38,3,ACTIVE
1766832618,Eric,Miller,Eric Miller,eric.miller@company.com,company.com,2016-05-28,Learning & Development Lead,HR,133431,SENIOR,10958,5764 Hunt Villages,New Julie,TX,24871,1982-07-01,43,9,ON LEAVE
1766831930,Eric,Newton,Eric Newton,eric.newton@company.com,company.com,2025-03-20,Product Analyst,ANALYTICS,149864,SENIOR,1766831831,38692 Kari Bypass Suite 017,South Lisa,OK,97290,1972-11-25,53,0,ON LEAVE
1766832729,Eric,Patel,Eric Patel,eric.patel@company.com,company.com,2023-07-06,Hr Assistant,HR,93268,SENIOR,1766832002,804 Kayla River,Cooperberg,IA,1620,1973-04-21,52,2,ACTIVE
1766832124,Eric,Wilson,Eric Wilson,eric.wilson@company.com,company.com,2023-04-03,Account Executive,SALES,88797,SENIOR,1766831866,6007 Roberts Walks Apt. 428,South Angela,NH,22948,1960-05-13,65,2,ACTIVE
1766832612,Erica,Brown,Erica Brown,erica.brown@company.com,company.com,2019-08-20,Talent Acquisition Specialist,HR,53639,MID,1766832378,9435 Jesse Centers,East Nicole,AK,94097,1967-11-06,58,6,ON LEAVE
1766832204,Erica,Wagner,Erica Wagner,erica.wagner@company.com,company.com,2020-09-07,Data Engineer,ANALYTICS,73537,MID,1766831903,77513 Karen Islands,Kristinshire,DE,80268,1995-02-26,30,5,ACTIVE
1766831879,Erik,Harrison,Erik Harrison,erik.harrison@company.com,company.com,2022-03-13,Hr Generalist,HR,109510,SENIOR,1766831860,41833 Bender Junctions Suite 387,Gentryton,VT,46572,1992-03-22,33,3,ACTIVE
1766831900,Erik,Kim,Erik Kim,erik.kim@company.com,company.com,2017-08-14,Sales Operations Analyst,SALES,116066,SENIOR,,6561 Keith Mount,Baileyland,RI,711,1990-03-30,35,8,TERMINATED
1766832110,Erika,Fitzgerald,Erika Fitzgerald,erika.fitzgerald@company.com,company.com,2016-09-30,Account Executive,SALES,131255,SENIOR,1766831850,52395 Day Via Apt. 234,New Ashley,AS,72135,1985-08-04,40,9,ON LEAVE
1766832467,Erin,Carroll,Erin Carroll,erin.carroll@company.com,company.com,2025-03-25,Systems Administrator,IT,56344,MID,1766832091,5587 Darryl Island,Garciastad,MA,95605,1971-07-03,54,0,ACTIVE
1766831954,Erin,Howell,Erin Howell,erin.howell@company.com,company.com,2024-08-29,Security Analyst,IT,141163,SENIOR,1766831894,46888 Melissa Manors Apt. 324,Davidfort,FL,13515,1960-09-09,65,1,ACTIVE
1766832786,Erin,Jones,Erin Jones,erin.jones@company.com,company.com,2024-10-02,Devops Engineer,IT,43715,JUNIOR,1766831946,15596 Whitney Square,Lake Sarah,MH,5025,1974-11-21,51,1,TERMINATED
1766832102,Ethan,Ray,Ethan Ray,ethan.ray@company.com,company.com,2025-03-13,Account Executive,SALES,61115,MID,1766831915,898 Lisa Mission,Taylortown,NJ,11418,1969-07-18,56,0,ACTIVE
1766831850,Evan,Doyle,Evan Doyle,evan.doyle@company.com,company.com,2025-07-06,It Manager,IT,64917,MID,,9520 Tiffany Tunnel Suite 914,North Mollytown,OK,62898,1970-06-26,55,0,ACTIVE
1766832708,Evelyn,Santiago,Evelyn Santiago,evelyn.santiago@company.com,company.com,2020-09-16,It Manager,IT,85248,SENIOR,1766831968,044 York Hills,Evansview,OK,84884,1969-09-30,56,5,TERMINATED
1766832303,Felicia,Wade,Felicia Wade,felicia.wade@company.com,company.com,2020-10-07,Systems Administrator,IT,123565,SENIOR,1766831875,620 Frank Islands Suite 550,North Donna,SC,63666,1960-03-22,65,5,TERMINATED
1766832407,Francisco,Collins,Francisco Collins,francisco.collins@company.com,company.com,2023-10-06,Sales Manager,SALES,119119,SENIOR,1766832280,504 Fischer Brook,Katieville,RI,52019,1993-02-18,32,2,ACTIVE
1766832064,Gabriela,Cuevas,Gabriela Cuevas,gabriela.cuevas@company.com,company.com,2016-09-26,Sales Manager,SALES,67271,MID,,55440 Powell Station,Kellyberg,FL,23949,1988-07-20,37,9,ACTIVE
1766831892,Gary,Reese,Gary Reese,gary.reese@company.com,company.com,2022-07-09,Analytics Manager,ANALYTICS,58772,MID,1766831876,7465 Jennifer Rue Apt. 095,New Stephanieton,MA,83596,1990-11-09,35,3,ACTIVE
1766832072,George,Richards,George Richards,george.richards@company.com,company.com,2018-01-07,Devops Engineer,IT,134819,SENIOR,1766831988,0270 Casey Rapid Suite 268,Port Jamesmouth,WV,67783,1997-11-16,28,7,ON LEAVE
1766832575,Gerald,Hancock,Gerald Hancock,gerald.hancock@company.com,company.com,2025-04-25,Learning & Development Lead,HR,65666,MID,1766832360,580 Alan Haven Suite 472,North Stephenport,GA,55106,1978-08-05,47,0,ACTIVE
1766832255,Gerald,Norman,Gerald Norman,gerald.norman@company.com,company.com,2024-06-15,Talent Acquisition Specialist,HR,93901,SENIOR,1766832131,8546 Heather Mount Apt. 904,Pamelachester,AS,47775,1968-04-28,57,1,ACTIVE
1766831918,Gerald,Reed,Gerald Reed,gerald.reed@company.com,company.com,2016-09-09,Business Development Representative,SALES,59747,MID,1766831889,525 Linda Crossroad Suite 905,Lake Hannahborough,NJ,63972,1963-05-12,62,9,TERMINATED
1766832055,Gina,Jackson,Gina Jackson,gina.jackson@company.com,company.com,2024-08-28,Learning & Development Lead,HR,52769,MID,1766832020,388 Henry Track,Brandonmouth,NY,27747,1963-02-02,62,1,ACTIVE
1766832677,Gloria,Acosta,Gloria Acosta,gloria.acosta@company.com,company.com,2019-08-17,Hr Generalist,HR,110345,SENIOR,1766832056,646 Strong Stravenue Apt. 913,Alexbury,WA,86072,1987-07-14,38,6,TERMINATED
1766832352,Gloria,Scott,Gloria Scott,gloria.scott@company.com,company.com,2016-07-28,Learning & Development Lead,HR,124733,SENIOR,1766832024,88331 Heather Parks Suite 760,North Kim,MO,17855,1962-02-01,63,9,TERMINATED
1766832770,Gregory,Casey,Gregory Casey,gregory.casey@company.com,company.com,2025-06-28,Business Intelligence Analyst,ANALYTICS,123209,SENIOR,1766832525,21098 Larsen Loop Suite 763,Dawsonchester,GU,44002,1981-03-01,44,0,ACTIVE
1766832774,Gregory,Ortiz,Gregory Ortiz,gregory.ortiz@company.com,company.com,2023-08-16,Sales Associate,SALES,79914,MID,1766832471,522 Michael Crossing Suite 681,Brendamouth,MO,65921,1960-02-11,65,2,ACTIVE
1766832008,Gregory,Roman,Gregory Roman,gregory.roman@company.com,company.com,2019-02-17,Hr Assistant,HR,110383,SENIOR,1766831820,3116 Dylan Parks Apt. 074,North Christopher,IA,71007,1989-08-17,36,6,ACTIVE
1766832061,Gregory,Smith,Gregory Smith,gregory.smith@company.com,company.com,2021-10-24,Business Development Representative,SALES,65267,MID,1766831921,86644 Jacobs Union,Derrickmouth,GU,19986,1963-04-30,62,4,TERMINATED
1766831986,Gwendolyn,Cabrera,Gwendolyn Cabrera,gwendolyn.cabrera@company.com,company.com,2017-03-09,Talent Acquisition Specialist,HR,141388,SENIOR,1766831913,965 Mendoza Circles Suite 494,Lake Michelleberg,MD,68685,1983-11-30,42,8,TERMINATED
1766832737,Haley,Holmes,Haley Holmes,haley.holmes@company.com,company.com,2020-07-05,Talent Acquisition Specialist,HR,64693,MID,,340 Sonya Lock,East Carl,RI,4031,1999-07-02,26,5,ON LEAVE
1766832225,Heather,Bates,Heather Bates,heather.bates@company.com,company.com,2020-06-17,Security Analyst,IT,51941,MID,11614,3176 Rosario Union Apt. 042,Bushport,NJ,98314,1990-07-12,35,5,ACTIVE
1766832470,Heather,Jackson,Heather Jackson,heather.jackson@company.com,company.com,2021-11-04,Hr Assistant,HR,47605,JUNIOR,1766831893,753 Robert Junctions Suite 005,Jonesfurt,VT,52832,1965-01-02,60,4,ACTIVE
1766832059,Heather,Jones,Heather Jones,heather.jones@company.com,company.com,2021-11-09,Systems Administrator,IT,70667,MID,1766831963,2412 Devon Ranch,Lake Zacharychester,NM,50649,1978-06-25,47,4,ACTIVE
1766832233,Heather,Rivers,Heather Rivers,heather.rivers@company.com,company.com,2022-04-19,Talent Acquisition Specialist,HR,52160,MID,1766832195,8803 Smith Flats Suite 657,Galvanburgh,FL,88307,1983-12-04,42,3,TERMINATED
1766832353,Heather,Sanders,Heather Sanders,heather.sanders@company.com,company.com,2016-05-10,Security Analyst,IT,133222,SENIOR,1766832320,157 Frank Radial Suite 174,South Dominiqueborough,MA,35323,1975-08-23,50,9,ACTIVE
1766831931,Heather,Tucker,Heather Tucker,heather.tucker@company.com,company.com,2020-04-27,Analytics Manager,ANALYTICS,95105,SENIOR,1766831857,0802 Pierce Union,Amberbury,ND,92985,1996-12-19,29,5,ON LEAVE
1766832164,Henry,Campbell,Henry Campbell,henry.campbell@company.com,company.com,2025-05-10,Hr Generalist,HR,91992,SENIOR,10993,0668 Jaclyn Station Suite 975,Hopkinsview,OK,62297,1970-08-15,55,0,ACTIVE
1766831990,Herbert,Norris,Herbert Norris,herbert.norris@company.com,company.com,2018-12-24,Data Engineer,ANALYTICS,139591,SENIOR,10047,375 Sharon Fort Suite 062,North Staceyfurt,AK,80961,1995-09-14,30,7,TERMINATED
1766831818,Howard,Stevens,Howard Stevens,howard.stevens@company.com,company.com,2019-05-24,Product Analyst,ANALYTICS,68569,MID,1766831815,437 Lewis Locks Suite 211,Scottchester,FL,94251,1967-11-06,58,6,ACTIVE
1766832196,Howard,Williams,Howard Williams,howard.williams@company.com,company.com,2019-02-10,Security Analyst,IT,114171,SENIOR,1766831820,5224 Steven Tunnel Suite 951,Rachaelfurt,CT,98786,1975-06-06,50,6,ACTIVE
1766832527,Ian,Proctor,Ian Proctor,ian.proctor@company.com,company.com,2016-07-31,Security Analyst,IT,78559,MID,10581,63012 Christopher Hollow Suite 922,Lake Ronald,NV,31693,1978-03-04,47,9,ON LEAVE
1766832195,Isaac,Larson,Isaac Larson,isaac.larson@company.com,company.com,2019-01-10,Sales Manager,SALES,42250,JUNIOR,1766832084,645 Robert Dam,Nguyenstad,TX,33693,1998-11-16,27,6,TERMINATED
1766832379,Isabella,Mcdaniel,Isabella Mcdaniel,isabella.mcdaniel@company.com,company.com,2016-08-08,Sales Operations Analyst,SALES,51887,MID,1766832239,9201 Hernandez Fords Apt. 090,New Robert,PR,36715,1987-01-20,38,9,ACTIVE
1766831985,Jack,Garcia,Jack Garcia,jack.garcia@company.com,company.com,2022-06-26,Talent Acquisition Specialist,HR,49096,JUNIOR,1766831872,725 Kent Plains Apt. 716,Jenniferbury,IA,17463,1961-12-26,64,3,ON LEAVE
1766831839,Jack,Young,Jack Young,jack.young@company.com,company.com,2017-02-23,Sales Associate,SALES,113563,SENIOR,1766831818,62095 Hamilton Lodge Suite 081,East Tiffanyton,NY,38465,1974-10-01,51,8,ACTIVE
1766832682,Jackie,Jackson,Jackie Jackson,jackie.jackson@company.com,company.com,2019-05-16,Systems Administrator,IT,128861,SENIOR,1766831913,443 Rodriguez Crescent,Wigginsmouth,NV,52276,1999-02-08,26,6,TERMINATED
1766832236,Jacob,Bolton,Jacob Bolton,jacob.bolton@company.com,company.com,2021-04-13,Data Engineer,ANALYTICS,115023,SENIOR,1766831834,14304 Perez Points,Port Robertborough,VA,52287,1970-09-02,55,4,ON LEAVE
1766832461,Jacob,Brown,Jacob Brown,jacob.brown@company.com,company.com,2022-01-27,Hr Manager,HR,102250,SENIOR,1766832445,87835 Jill Station Suite 130,East Thomasville,ID,94938,1983-11-30,42,3,ACTIVE
1766832629,Jacob,Duncan,Jacob Duncan,jacob.duncan@company.com,company.com,2016-04-06,Sales Manager,SALES,83176,SENIOR,1766832171,456 Gonzales Wells Apt. 549,Kristenmouth,NJ,11087,2001-05-17,24,9,TERMINATED
1766831959,Jacob,Garcia,Jacob Garcia,jacob.garcia@company.com,company.com,2016-08-27,Product Analyst,ANALYTICS,122545,SENIOR,1766831934,703 Michelle Camp Apt. 136,Garrettside,TX,54403,1965-11-14,60,9,TERMINATED
1766832477,Jacob,James,Jacob James,jacob.james@company.com,company.com,2025-08-26,Analytics Manager,ANALYTICS,128242,SENIOR,,00208 Shawn Mall,Scottbury,MI,91187,1991-01-06,34,0,ACTIVE
1766832608,Jacob,Rivas,Jacob Rivas,jacob.rivas@company.com,company.com,2025-03-09,Sales Associate,SALES,96856,SENIOR,1766832131,9004 Donovan Motorway,Bennettburgh,PR,55831,1961-07-29,64,0,TERMINATED
1766832232,Jacqueline,Haney,Jacqueline Haney,jacqueline.haney@company.com,company.com,2023-12-27,Product Analyst,ANALYTICS,113377,SENIOR,1766831870,56646 Payne Ramp Apt. 906,West Latashamouth,UT,74776,1999-12-02,26,2,ACTIVE
1766832210,Jacqueline,Miller,Jacqueline Miller,jacqueline.miller@company.com,company.com,2022-06-14,Sales Operations Analyst,SALES,136400,SENIOR,1766832025,33539 Patrick Park,North Robert,MN,42383,1991-07-02,34,3,TERMINATED
1766832717,Jade,Gordon,Jade Gordon,jade.gordon@company.com,company.com,2017-05-18,Analytics Manager,ANALYTICS,75048,MID,1766832374,71126 Thomas Tunnel Suite 490,East Debrafort,NE,5248,1961-04-18,64,8,ACTIVE
1766832514,Jaime,Green,Jaime Green,jaime.green@company.com,company.com,2020-01-13,Devops Engineer,IT,50915,MID,1766832064,46745 Figueroa Street,Lake Devinton,KS,52586,2003-04-27,22,5,ON LEAVE
1766831955,James,Carrillo,James Carrillo,james.carrillo@company.com,company.com,2023-10-25,Analytics Manager,ANALYTICS,61901,MID,1766831851,6850 Howell Square,West Maria,VA,86835,1967-02-11,58,2,ON LEAVE
1766832343,James,Cox,James Cox,james.cox@company.com,company.com,2017-12-04,Devops Engineer,IT,101289,SENIOR,10596,908 Morse Wall Apt. 249,Port Brent,OK,65465,1979-08-01,46,8,ACTIVE
1766832635,James,Harris,James Harris,james.harris@company.com,company.com,2023-04-17,Business Development Representative,SALES,69333,MID,1766831932,44650 Barajas Parkway,Jessicamouth,RI,46280,1975-04-10,50,2,ACTIVE
1766832240,James,Howard,James Howard,james.howard@company.com,company.com,2024-06-16,Hr Assistant,HR,108587,SENIOR,1766832015,21257 Susan Drive Apt. 748,Jamesbury,MI,10780,1991-01-18,34,1,ACTIVE
1766832628,James,Ingram,James Ingram,james.ingram@company.com,company.com,2025-07-10,Data Analyst,ANALYTICS,147968,SENIOR,1766832108,720 Rivera Fork Suite 884,East Michelle,KS,74226,1973-03-13,52,0,TERMINATED
1766832278,James,Jackson,James Jackson,james.jackson@company.com,company.com,2025-12-22,Account Executive,SALES,141345,SENIOR,,234 Reyes Street Apt. 374,Lake Shelly,RI,61958,1962-01-12,63,0,ON LEAVE
1766832663,James,Mason,James Mason,james.mason@company.com,company.com,2017-01-13,Business Development Representative,SALES,103744,SENIOR,1766832477,1716 Diaz Haven,Brownchester,PA,29660,1960-03-17,65,8,TERMINATED
1766832790,James,Miller,James Miller,james.miller@company.com,company.com,2016-05-26,Security Analyst,IT,53408,MID,1766832022,47380 Adams Inlet Suite 815,Kimbury,NJ,99306,1978-05-26,47,9,ON LEAVE
1766831969,James,Mitchell,James Mitchell,james.mitchell@company.com,company.com,2017-08-14,Devops Engineer,IT,103210,SENIOR,1766831859,3310 Braun Locks,Randolphville,FL,91511,1984-09-26,41,8,TERMINATED
1766832653,James,Morgan,James Morgan,james.morgan@company.com,company.com,2017-04-10,Hr Manager,HR,86535,SENIOR,,652 Jennifer Harbor Suite 003,North Chase,IA,49884,1980-07-24,45,8,ON LEAVE
1766831982,James,Ramsey,James Ramsey,james.ramsey@company.com,company.com,2024-08-25,Business Development Representative,SALES,46899,JUNIOR,1766831820,67127 Shields Expressway Suite 296,Mendozaville,ND,15145,1988-02-05,37,1,TERMINATED
1766832716,James,Roberts,James Roberts,james.roberts@company.com,company.com,2021-06-01,It Support Specialist,IT,133869,SENIOR,1766832134,697 Ramos Well Suite 208,Stewartview,KY,92099,1995-01-15,30,4,TERMINATED
1766831976,James,Whitehead,James Whitehead,james.whitehead@company.com,company.com,2021-04-07,Devops Engineer,IT,62455,MID,1766831931,87120 Williams Spurs Suite 918,North Collin,NH,31415,1981-07-15,44,4,TERMINATED
1766832081,Jamie,Adams,Jamie Adams,jamie.adams@company.com,company.com,2024-08-19,Talent Acquisition Specialist,HR,145580,SENIOR,1766831951,282 Golden Oval,Lake Stuarthaven,KS,85062,1965-06-25,60,1,ACTIVE
1766832021,Jamie,Black,Jamie Black,jamie.black@company.com,company.com,2023-05-19,Analytics Manager,ANALYTICS,139976,SENIOR,1766831920,7310 Galloway Mount,Lake Bradleytown,MO,50397,1982-04-14,43,2,TERMINATED
1766832481,Jamie,Lee,Jamie Lee,jamie.lee@company.com,company.com,2016-04-15,Hr Assistant,HR,142860,SENIOR,,3041 David Plains,Port Joanna,OH,26815,1963-07-25,62,9,ON LEAVE
1766831936,Jamie,Nguyen,Jamie Nguyen,jamie.nguyen@company.com,company.com,2025-04-11,Systems Administrator,IT,106418,SENIOR,1766831875,7980 Kevin Burg Apt. 745,Morenostad,NC,77401,1964-10-08,61,0,ACTIVE
1766832691,Jamie,Scott,Jamie Scott,jamie.scott@company.com,company.com,2025-11-27,Hr Manager,HR,89271,SENIOR,1766831990,645 Watson Divide Suite 184,South Christopherhaven,MN,36290,1990-06-09,35,0,ACTIVE
1766832530,Janice,Grant,Janice Grant,janice.grant@company.com,company.com,2018-08-19,Data Analyst,ANALYTICS,111691,SENIOR,1766832451,90289 April Port Suite 287,Lake Daniel,UT,90682,1975-01-28,50,7,ACTIVE
1766832033,Jared,Carson,Jared Carson,jared.carson@company.com,company.com,2018-09-01,Business Development Representative,SALES,77256,MID,1766831868,161 Tracey Land Apt. 392,Michaelshire,LA,88965,1987-01-30,38,7,ACTIVE
1766831854,Jason,Barr,Jason Barr,jason.barr@company.com,company.com,2017-02-11,Talent Acquisition Specialist,HR,137915,SENIOR,1766831851,25135 Griffin Mountain,Holmesview,GA,23901,2000-07-03,25,8,ACTIVE
1766832782,Jason,Bennett,Jason Bennett,jason.bennett@company.com,company.com,2021-07-11,Sales Associate,SALES,67009,MID,1766832478,892 Kimberly Valleys Apt. 444,Benjaminmouth,OK,80095,1986-12-11,39,4,TERMINATED
1766832304,Jason,Hill,Jason Hill,jason.hill@company.com,company.com,2024-10-25,It Support Specialist,IT,137345,SENIOR,1766831850,46594 Cindy Vista Suite 549,Williamsville,NE,72267,1988-10-06,37,1,ACTIVE
1766832751,Jason,Huffman,Jason Huffman,jason.huffman@company.com,company.com,2020-02-13,It Support Specialist,IT,125751,SENIOR,1766832629,08872 Taylor Groves Suite 974,Hicksburgh,NV,46526,1979-06-24,46,5,ACTIVE
1766832060,Jason,Jones,Jason Jones,jason.jones@company.com,company.com,2021-07-11,Hr Manager,HR,64444,MID,1766832017,689 Pacheco Villages Suite 510,New Nathan,PR,25540,2003-11-04,22,4,ON LEAVE
1766832604,Jason,Kemp,Jason Kemp,jason.kemp@company.com,company.com,2016-11-14,It Support Specialist,IT,60699,MID,1766832448,27209 Edward Locks Suite 422,Waltersview,OH,16554,1985-05-30,40,9,ACTIVE
1766832111,Jason,Patel,Jason Patel,jason.patel@company.com,company.com,2017-06-25,Data Analyst,ANALYTICS,118911,SENIOR,1766831921,979 Johnson Estate Suite 807,East Catherine,AZ,87424,1971-08-02,54,8,ACTIVE
1766832027,Jason,Rice,Jason Rice,jason.rice@company.com,company.com,2024-11-22,Business Intelligence Analyst,ANALYTICS,40320,JUNIOR,1766831988,514 Jackson Place,Juliaton,UT,8653,1987-01-05,38,1,ACTIVE
1766832694,Jason,Rivera,Jason Rivera,jason.rivera@company.com,company.com,2017-02-14,Business Development Representative,SALES,55745,MID,1766832125,78091 Annette Shoals Suite 244,West Josephton,IA,68514,1976-07-30,49,8,ACTIVE
1766832622,Jason,Taylor,Jason Taylor,jason.taylor@company.com,company.com,2018-11-27,Account Executive,SALES,46495,JUNIOR,1766831834,0919 Stephenson Flat Suite 745,Brownfort,CT,39526,1972-07-16,53,7,TERMINATED
1766832639,Jay,Baker,Jay Baker,jay.baker@company.com,company.com,2023-04-03,Sales Associate,SALES,147619,SENIOR,1766832636,15999 Michele Turnpike,Palmerville,NM,28442,1979-08-30,46,2,ACTIVE
1766832623,Jeff,Cardenas,Jeff Cardenas,jeff.cardenas@company.com,company.com,2024-04-09,Business Intelligence Analyst,ANALYTICS,108058,SENIOR,1766832360,96219 Briana Inlet,Sarahland,SD,80954,1988-06-03,37,1,ACTIVE
1766832671,Jeff,Simpson,Jeff Simpson,jeff.simpson@company.com,company.com,2017-08-13,Product Analyst,ANALYTICS,117106,SENIOR,1766831857,8081 Baker Stravenue Suite 205,Ritaland,OH,21324,1963-05-03,62,8,TERMINATED
1766832043,Jeffery,Burgess,Jeffery Burgess,jeffery.burgess@company.com,company.com,2023-09-05,Sales Manager,SALES,62652,MID,1766831981,295 Lamb Parks,Dunnberg,VI,26280,1974-10-02,51,2,ON LEAVE
1766832083,Jeffery,Smith,Jeffery Smith,jeffery.smith@company.com,company.com,2024-12-23,Learning & Development Lead,HR,99338,SENIOR,1766831924,051 Forbes Ports,Cainton,IL,84164,2001-06-05,24,1,ON LEAVE
1766832475,Jeffrey,Moreno,Jeffrey Moreno,jeffrey.moreno@company.com,company.com,2018-07-01,Business Development Representative,SALES,128937,SENIOR,,13800 Miller Unions Suite 954,Tranview,ID,15019,1993-12-13,32,7,ON LEAVE
1766832266,Jenna,Jones,Jenna Jones,jenna.jones@company.com,company.com,2018-08-06,Business Intelligence Analyst,ANALYTICS,137314,SENIOR,11651,39866 James Grove Apt. 898,East Destinyberg,NH,35468,1966-05-31,59,7,ACTIVE
1766832035,Jennifer,Costa,Jennifer Costa,jennifer.costa@company.com,company.com,2024-10-15,Analytics Manager,ANALYTICS,128468,SENIOR,1766831942,411 Ortiz Fork,Port Gregory,OR,73144,1972-03-19,53,1,ON LEAVE
1766831824,Jennifer,Curry,Jennifer Curry,jennifer.curry@company.com,company.com,2018-09-08,Learning & Development Lead,HR,123826,SENIOR,1766831818,588 Tammy Road Apt. 115,East Anthonybury,PW,80195,1965-12-12,60,7,ACTIVE
1766831991,Jennifer,Davis,Jennifer Davis,jennifer.davis@company.com,company.com,2021-02-11,Data Engineer,ANALYTICS,91907,SENIOR,1766831851,03132 Nicole Motorway,Davidmouth,MN,82785,1972-01-02,53,4,ON LEAVE
1766831905,Jennifer,Figueroa,Jennifer Figueroa,jennifer.figueroa@company.com,company.com,2023-08-23,Product Analyst,ANALYTICS,72370,MID,1766831857,10702 Tasha Inlet,North Markmouth,KY,47098,1962-01-23,63,2,ACTIVE
1766831826,Jennifer,Gonzalez,Jennifer Gonzalez,jennifer.gonzalez@company.com,company.com,2020-05-09,Hr Assistant,HR,103151,SENIOR,1766831818,3706 Jennifer Causeway Suite 309,West Zacharyland,VI,58805,1983-09-27,42,5,ACTIVE
1766831823,Jennifer,Hood,Jennifer Hood,jennifer.hood@company.com,company.com,2018-11-12,Account Executive,SALES,91307,SENIOR,1766831818,5250 Christopher Way Suite 030,Michellebury,GU,20744,1997-05-25,28,7,TERMINATED
1766832725,Jennifer,Horton,Jennifer Horton,jennifer.horton@company.com,company.com,2017-10-12,It Support Specialist,IT,109787,SENIOR,1766832190,711 Pamela Skyway Suite 130,Katherineview,VI,58718,1982-03-22,43,8,ACTIVE
1766832194,Jennifer,Jackson,Jennifer Jackson,jennifer.jackson@company.com,company.com,2016-03-26,Account Executive,SALES,102990,SENIOR,,4118 Richard Ridges,Phillipsstad,ND,89574,1962-08-22,63,9,ON LEAVE
1766832082,Jennifer,Jones,Jennifer Jones,jennifer.jones@company.com,company.com,2024-03-19,Sales Operations Analyst,SALES,105296,SENIOR,1766832043,668 Fisher Mission,New Hannahburgh,MH,91837,1996-01-19,29,1,ACTIVE
1766832579,Jennifer,Lee,Jennifer Lee,jennifer.lee@company.com,company.com,2017-03-08,Analytics Manager,ANALYTICS,87682,SENIOR,1766832395,13224 Burke Branch,Karenfort,NM,52542,1997-11-05,28,8,ACTIVE
1766832545,Jennifer,Roberts,Jennifer Roberts,jennifer.roberts@company.com,company.com,2021-05-30,Analytics Manager,ANALYTICS,87039,SENIOR,1766832414,4572 Turner Gardens,Chelseafort,WY,98260,1962-01-19,63,4,ON LEAVE
1766832263,Jennifer,Shields,Jennifer Shields,jennifer.shields@company.com,company.com,2016-05-01,Devops Engineer,IT,114730,SENIOR,1766832203,051 Erin Row Suite 454,Lake Richardbury,MS,22743,1985-08-22,40,9,ACTIVE
1766832573,Jennifer,Stanley,Jennifer Stanley,jennifer.stanley@company.com,company.com,2025-11-11,Data Analyst,ANALYTICS,134053,SENIOR,1766832533,1937 Clark Road,Port Gary,OR,22021,1961-02-01,64,0,TERMINATED
1766832592,Jennifer,Walker,Jennifer Walker,jennifer.walker@company.com,company.com,2024-11-27,Learning & Development Lead,HR,127100,SENIOR,1766832280,1633 Kenneth Run,Rosshaven,AR,79098,1984-07-23,41,1,TERMINATED
1766832636,Jennifer,Wall,Jennifer Wall,jennifer.wall@company.com,company.com,2023-01-19,Sales Manager,SALES,41176,JUNIOR,1766832187,2220 John Rapid Suite 635,Port Breanna,SD,50357,1987-01-17,38,2,TERMINATED
1766832215,Jennifer,York,Jennifer York,jennifer.york@company.com,company.com,2023-04-19,Talent Acquisition Specialist,HR,103405,SENIOR,1766832105,48781 Kelly Track Apt. 513,New Vanessa,NE,32604,1988-08-15,37,2,TERMINATED
1766832620,Jeremiah,Allen,Jeremiah Allen,jeremiah.allen@company.com,company.com,2021-04-22,Business Intelligence Analyst,ANALYTICS,85257,SENIOR,1766831875,38551 Daniel Shore Suite 704,East Maryburgh,GA,25495,1970-07-28,55,4,TERMINATED
1766832544,Jeremiah,Harris,Jeremiah Harris,jeremiah.harris@company.com,company.com,2019-12-07,Analytics Manager,ANALYTICS,76806,MID,1766832397,051 Perez Camp Suite 479,Travisburgh,NM,96832,1964-12-30,60,6,ACTIVE
1766832643,Jeremiah,Long,Jeremiah Long,jeremiah.long@company.com,company.com,2020-01-06,Talent Acquisition Specialist,HR,76831,MID,,0184 Armstrong Course,Port Elizabeth,MS,50607,2001-11-16,24,5,ON LEAVE
1766832076,Jeremy,Carter,Jeremy Carter,jeremy.carter@company.com,company.com,2025-03-01,Learning & Development Lead,HR,146241,SENIOR,1766831874,19319 Bell Summit Suite 492,Lake William,CO,52101,2000-03-23,25,0,ACTIVE
1766832580,Jeremy,Donaldson,Jeremy Donaldson,jeremy.donaldson@company.com,company.com,2018-02-12,Security Analyst,IT,53195,MID,1766832476,99458 Lamb Unions,Hallville,IL,89822,1995-06-23,30,7,ACTIVE
1766832402,Jeremy,Lee,Jeremy Lee,jeremy.lee@company.com,company.com,2017-10-28,Security Analyst,IT,94744,SENIOR,1766832301,60055 Misty Crossroad,North Jeremiahfurt,DC,7296,1995-01-15,30,8,ACTIVE
1766832785,Jeremy,Mcguire,Jeremy Mcguire,jeremy.mcguire@company.com,company.com,2022-04-24,Business Intelligence Analyst,ANALYTICS,129566,SENIOR,1766832195,6324 Cummings Point,Karenmouth,FM,28275,1988-10-02,37,3,ACTIVE
1766832640,Jeremy,Vargas,Jeremy Vargas,jeremy.vargas@company.com,company.com,2022-09-13,Product Analyst,ANALYTICS,72164,MID,1766832424,25829 Owen Lock,Mcguireville,FM,36687,1962-09-19,63,3,TERMINATED
1766832434,Jerry,Zimmerman,Jerry Zimmerman,jerry.zimmerman@company.com,company.com,2019-09-22,Data Engineer,ANALYTICS,138098,SENIOR,1766831913,8194 Clark Plains Apt. 513,East Anthonyfurt,RI,78610,1993-09-27,32,6,ACTIVE
1766832096,Jesse,Mccormick,Jesse Mccormick,jesse.mccormick@company.com,company.com,2017-11-22,Business Development Representative,SALES,143815,SENIOR,1766831923,25852 Smith Rue,New Crystalmouth,WI,5324,1968-11-07,57,8,ON LEAVE
1766832678,Jessica,Berger,Jessica Berger,jessica.berger@company.com,company.com,2018-07-17,Systems Administrator,IT,111266,SENIOR,1766831805,47917 David Crossroad,South Vanessa,WY,64364,1986-12-22,39,7,TERMINATED
1766832459,Jessica,Cook,Jessica Cook,jessica.cook@company.com,company.com,2016-04-11,Hr Assistant,HR,42479,JUNIOR,1766832043,700 Timothy Run Apt. 239,South Kelly,NJ,38706,1968-05-13,57,9,TERMINATED
1766831963,Jessica,Davies,Jessica Davies,jessica.davies@company.com,company.com,2024-03-03,It Manager,IT,122192,SENIOR,,683 Joshua Pass Suite 925,Webbchester,UT,11392,1969-08-28,56,1,ACTIVE
1766832540,Jessica,Harper,Jessica Harper,jessica.harper@company.com,company.com,2023-04-01,Data Engineer,ANALYTICS,44831,JUNIOR,1766832169,275 Martin Overpass,North Kyle,NH,10483,1996-12-07,29,2,ACTIVE
1766832421,Jessica,Jenkins,Jessica Jenkins,jessica.jenkins@company.com,company.com,2016-03-05,It Manager,IT,131807,SENIOR,1766832115,439 Cunningham Trace,Jamestown,FL,61624,2001-03-31,24,9,ACTIVE
1766832408,Jessica,Kirk,Jessica Kirk,jessica.kirk@company.com,company.com,2017-09-24,Hr Assistant,HR,125493,SENIOR,1766832080,56142 Cohen Track Apt. 324,Nicholasborough,DC,87891,1988-11-18,37,8,ACTIVE
1766831865,Jessica,Livingston,Jessica Livingston,jessica.livingston@company.com,company.com,2020-12-11,Product Analyst,ANALYTICS,58627,MID,,55092 Brian Lock Apt. 575,New Tony,MO,81514,1994-01-12,31,5,ON LEAVE
1766832731,Jessica,Mcintyre,Jessica Mcintyre,jessica.mcintyre@company.com,company.com,2018-10-16,Security Analyst,IT,63713,MID,1766832280,0656 Joseph Circles,Denisetown,OK,44243,1995-10-15,30,7,ACTIVE
1766832393,Jessica,Powers,Jessica Powers,jessica.powers@company.com,company.com,2024-06-02,Security Analyst,IT,130721,SENIOR,1766832280,086 Jeremy Wells,West Kevin,PW,79028,1985-03-23,40,1,TERMINATED
1766832565,Jessica,Wright,Jessica Wright,jessica.wright@company.com,company.com,2022-07-10,Business Development Representative,SALES,72483,MID,11112,74201 Lowery Hill,North Katrina,GA,81102,1993-09-21,32,3,ON LEAVE
1766831948,Jesus,Rivas,Jesus Rivas,jesus.rivas@company.com,company.com,2022-08-03,Business Development Representative,SALES,56475,MID,1766831847,5590 Jones Keys,Amandahaven,ID,54207,1976-01-04,49,3,ACTIVE
1766832576,Jill,Alvarado,Jill Alvarado,jill.alvarado@company.com,company.com,2018-07-25,Hr Generalist,HR,145280,SENIOR,1766831951,8507 Strickland Station,Chelsealand,MS,18670,1989-11-24,36,7,ACTIVE
1766832556,Jim,Clarke,Jim Clarke,jim.clarke@company.com,company.com,2021-03-30,Data Analyst,ANALYTICS,45925,JUNIOR,1766832536,7527 Matthew Lodge Suite 067,Brownhaven,NC,64032,1963-05-26,62,4,ACTIVE
1766832351,Jimmy,Mckenzie,Jimmy Mckenzie,jimmy.mckenzie@company.com,company.com,2025-12-20,Data Analyst,ANALYTICS,122312,SENIOR,1766832212,12339 Destiny Oval Apt. 680,Bethanyberg,DC,56576,2000-04-10,25,0,ACTIVE
1766832746,Jody,Sullivan,Jody Sullivan,jody.sullivan@company.com,company.com,2024-06-21,Data Analyst,ANALYTICS,144072,SENIOR,1766832366,4340 Luis Tunnel Apt. 679,Baileyfort,OH,70804,1986-06-30,39,1,ACTIVE
1766832193,Jody,Williams,Jody Williams,jody.williams@company.com,company.com,2018-03-10,Business Development Representative,SALES,121943,SENIOR,1766832037,64053 Cervantes Divide,Harriston,IL,32996,1966-11-13,59,7,ON LEAVE
1766832600,Joe,Bennett,Joe Bennett,joe.bennett@company.com,company.com,2025-12-09,Systems Administrator,IT,118535,SENIOR,,1719 Golden Centers Apt. 558,New Vicki,PW,28637,1993-06-26,32,0,ON LEAVE
1766832784,Joe,Ward,Joe Ward,joe.ward@company.com,company.com,2019-02-07,Business Intelligence Analyst,ANALYTICS,96601,SENIOR,1766832046,2496 Barrett Drive Apt. 052,Jacobborough,AR,56754,1996-02-19,29,6,ACTIVE
1766832390,John,Alvarez,John Alvarez,john.alvarez@company.com,company.com,2018-06-09,Devops Engineer,IT,59309,MID,1766831932,034 Woodard Radial Apt. 609,East Micheletown,SD,17833,1989-03-29,36,7,ACTIVE
1766832433,John,Campbell,John Campbell,john.campbell@company.com,company.com,2016-06-15,It Support Specialist,IT,105298,SENIOR,1766832171,35998 David Plain,Port Diana,TN,15176,1972-04-15,53,9,ACTIVE
1766832091,John,Conner,John Conner,john.conner@company.com,company.com,2022-12-02,Learning & Development Lead,HR,56605,MID,1766832079,459 Oliver Corner Suite 829,Laurenview,VT,28901,1977-03-28,48,3,ACTIVE
1766831844,John,Diaz,John Diaz,john.diaz@company.com,company.com,2025-05-06,Devops Engineer,IT,87776,SENIOR,,4475 Torres Estates,Montoyastad,FM,26397,1978-10-20,47,0,ON LEAVE
1766831828,John,Greene,John Greene,john.greene@company.com,company.com,2025-10-09,Hr Generalist,HR,88249,SENIOR,1766831818,5634 Eric Extension Apt. 328,Juarezfurt,IL,57844,1991-01-04,34,0,ACTIVE
1766831998,John,Harris,John Harris,john.harris@company.com,company.com,2019-08-22,Analytics Manager,ANALYTICS,133261,SENIOR,1766831972,15488 Zachary Heights Apt. 039,North Michael,ND,47553,1976-04-07,49,6,TERMINATED
1766832292,John,Li,John Li,john.li@company.com,company.com,2016-05-16,Hr Generalist,HR,125765,SENIOR,1766831932,2359 Conrad Wells Suite 324,West Derekport,MO,88741,1977-09-22,48,9,ACTIVE
1766832036,John,Mcdaniel,John Mcdaniel,john.mcdaniel@company.com,company.com,2023-09-20,Talent Acquisition Specialist,HR,137774,SENIOR,1766831908,66448 Tyler Land Apt. 429,Krystalhaven,OK,65122,2000-11-13,25,2,ACTIVE
1766831837,John,Merritt,John Merritt,john.merritt@company.com,company.com,2024-06-12,Hr Manager,HR,141487,SENIOR,,100 Wilson Ferry Suite 952,Lake Samuelton,WY,43718,1978-09-14,47,1,ACTIVE
1766832376,John,Parker,John Parker,john.parker@company.com,company.com,2021-02-02,Analytics Manager,ANALYTICS,122301,SENIOR,1766832043,012 Edwin Meadows,South Karinamouth,NY,72883,2002-09-19,23,4,ACTIVE
1766831881,John,Perez,John Perez,john.perez@company.com,company.com,2018-08-15,Systems Administrator,IT,69719,MID,1766831860,6042 Karla Meadows Suite 183,West Matthewchester,MP,88432,2000-05-07,25,7,ON LEAVE
1766832793,John,Pruitt,John Pruitt,john.pruitt@company.com,company.com,2022-11-18,Account Executive,SALES,102568,SENIOR,1766832244,309 Brown Manor,North Deniseview,FL,46320,1977-03-25,48,3,TERMINATED
1766832480,John,Robinson,John Robinson,john.robinson@company.com,company.com,2023-10-24,Hr Assistant,HR,119648,SENIOR,1766831993,6665 Mullins Estates Apt. 376,Maryside,OH,95510,1976-04-09,49,2,TERMINATED
1766832406,John,Rocha,John Rocha,john.rocha@company.com,company.com,2022-08-07,Sales Associate,SALES,135085,SENIOR,1766832174,577 Davis Grove,Bassmouth,PR,67893,1967-11-29,58,3,TERMINATED
1766831872,John,Sanchez,John Sanchez,john.sanchez@company.com,company.com,2016-03-23,It Manager,IT,69692,MID,1766831851,5340 Jessica Forge,Andrewshaven,NM,5367,2000-03-26,25,9,ACTIVE
1766832113,John,Thomas,John Thomas,john.thomas@company.com,company.com,2020-05-29,Account Executive,SALES,115921,SENIOR,10358,375 Amy Garden,Salazarmouth,NY,87596,2000-09-01,25,5,ACTIVE
1766831980,John,West,John West,john.west@company.com,company.com,2025-01-24,It Support Specialist,IT,133754,SENIOR,1766831963,168 York Mountain,Alyssafurt,ID,91483,1974-12-14,51,0,ACTIVE
1766832063,John,Wilson,John Wilson,john.wilson@company.com,company.com,2023-02-02,Hr Assistant,HR,145831,SENIOR,1766831951,507 Michael Key Suite 505,West Duanehaven,MI,1268,1999-06-30,26,2,ON LEAVE
1766832490,Johnny,Brown,Johnny Brown,johnny.brown@company.com,company.com,2022-10-29,Business Development Representative,SALES,93287,SENIOR,1766832131,595 Henderson Trace Apt. 991,New Michelleport,OR,52731,1975-08-16,50,3,TERMINATED
1766832298,Johnny,Suarez,Johnny Suarez,johnny.suarez@company.com,company.com,2025-08-21,Devops Engineer,IT,90590,SENIOR,11831,36757 Clay Plaza,Moranhaven,IN,29969,1978-11-04,47,0,TERMINATED
1766832120,Johnny,Tucker,Johnny Tucker,johnny.tucker@company.com,company.com,2019-11-24,Sales Manager,SALES,139750,SENIOR,1766831874,23969 Miller Tunnel,East Charlotte,UT,8953,1990-08-29,35,6,ON LEAVE
1766832742,Jon,Berg,Jon Berg,jon.berg@company.com,company.com,2019-01-14,Data Engineer,ANALYTICS,84212,SENIOR,1766831988,0091 Jennifer Isle Suite 012,South Christophermouth,WY,85380,1966-04-22,59,6,ON LEAVE
1766832426,Jonathan,Barker,Jonathan Barker,jonathan.barker@company.com,company.com,2021-07-16,Systems Administrator,IT,112385,SENIOR,,784 Allison Locks Apt. 905,South Bradyfort,AL,86095,1971-05-30,54,4,ACTIVE
1766832548,Jonathan,Brown,Jonathan Brown,jonathan.brown@company.com,company.com,2025-04-26,It Manager,IT,124203,SENIOR,1766832235,44903 Gomez Lock Suite 359,Port Virginia,VA,41169,1968-02-14,57,0,ACTIVE
1766832279,Jonathan,King,Jonathan King,jonathan.king@company.com,company.com,2023-01-20,Sales Associate,SALES,142422,SENIOR,1766832134,29608 Diaz Summit,Heatherton,VI,44382,1989-07-08,36,2,ACTIVE
1766832577,Jonathan,Peterson,Jonathan Peterson,jonathan.peterson@company.com,company.com,2018-11-01,Hr Generalist,HR,148052,SENIOR,1766832481,826 Cooper Manors,North Aprilshire,WV,81091,1982-03-08,43,7,ACTIVE
1766832119,Jordan,Wilson,Jordan Wilson,jordan.wilson@company.com,company.com,2019-01-27,Data Engineer,ANALYTICS,120435,SENIOR,1766832024,63772 Colleen Landing Apt. 490,Port Tiffanyville,MS,34441,1969-07-21,56,6,TERMINATED
1766832690,Jorge,Lewis,Jorge Lewis,jorge.lewis@company.com,company.com,2016-01-18,It Support Specialist,IT,127573,SENIOR,10414,24970 Singleton Club Suite 461,Williammouth,OK,46720,1983-07-13,42,9,ACTIVE
1766832692,Jorge,Roberts,Jorge Roberts,jorge.roberts@company.com,company.com,2021-04-30,Analytics Manager,ANALYTICS,69616,MID,1766832617,493 Brittany Corners,Brownfurt,ND,16274,2000-03-30,25,4,ON LEAVE
1766831834,Jose,Foster,Jose Foster,jose.foster@company.com,company.com,2021-10-05,Systems Administrator,IT,103985,SENIOR,1766831818,56440 Kayla Flat,Donaldstad,IL,96907,1978-02-14,47,4,ACTIVE
1766832583,Jose,Hood,Jose Hood,jose.hood@company.com,company.com,2018-10-10,It Manager,IT,149031,SENIOR,1766832538,12682 Mark Hills,Marshallfort,PA,28045,2002-12-03,23,7,ACTIVE
1766831907,Joseph,Edwards,Joseph Edwards,joseph.edwards@company.com,company.com,2025-04-22,Business Intelligence Analyst,ANALYTICS,83809,SENIOR,1766831876,124 Orr Throughway,Johnton,IA,64325,1987-02-26,38,0,ACTIVE
1766832794,Joseph,Gray,Joseph Gray,joseph.gray@company.com,company.com,2020-01-22,Sales Operations Analyst,SALES,149688,SENIOR,1766832117,31511 Kimberly Fields,Wrightshire,OK,95123,1999-05-12,26,5,ACTIVE
1766831808,Joseph,Jones,Joseph Jones,joseph.jones@company.com,company.com,2020-10-04,Business Intelligence Analyst,ANALYTICS,115565,SENIOR,1766831805,6575 Kurt Flat Apt. 730,Port Thomas,NC,31207,1968-07-24,57,5,TERMINATED
1766832022,Joseph,King,Joseph King,joseph.king@company.com,company.com,2024-04-29,Data Analyst,ANALYTICS,70742,MID,1766831974,067 Foster Overpass Suite 230,Port Charleneburgh,IA,38772,1997-04-28,28,1,ON LEAVE
1766832791,Joseph,Mann,Joseph Mann,joseph.mann@company.com,company.com,2017-12-03,Data Engineer,ANALYTICS,120304,SENIOR,1766831872,02948 Kelly Inlet Apt. 866,Lake Jonathan,ND,17030,2000-04-01,25,8,ACTIVE
1766832811,Joseph,Middleton,Joseph Middleton,joseph.middleton@company.com,company.com,2016-05-08,Security Analyst,IT,70462,MID,1766831981,40032 Kyle Branch,North Matthew,MN,2222,1975-03-01,50,9,ACTIVE
1766832023,Joseph,Pierce,Joseph Pierce,joseph.pierce@company.com,company.com,2024-09-20,Hr Generalist,HR,127761,SENIOR,,457 Scott Groves Apt. 806,Williamland,DE,50337,1974-07-28,51,1,ACTIVE
1766832517,Joseph,Pollard,Joseph Pollard,joseph.pollard@company.com,company.com,2019-04-03,It Support Specialist,IT,126854,SENIOR,,2189 Stevens Stream Suite 814,North Anthony,AL,18588,1976-12-24,49,6,ON LEAVE
1766832619,Joseph,Rogers,Joseph Rogers,joseph.rogers@company.com,company.com,2022-08-17,Data Engineer,ANALYTICS,61129,MID,,1334 Thomas Fords Suite 680,Michaelland,AS,56100,1978-04-11,47,3,TERMINATED
1766832399,Joseph,Williams,Joseph Williams,joseph.williams@company.com,company.com,2020-05-22,Devops Engineer,IT,123480,SENIOR,1766832254,40881 Angela Views,Port Taylor,NC,61807,1984-05-18,41,5,TERMINATED
1766832301,Joshua,Cisneros,Joshua Cisneros,joshua.cisneros@company.com,company.com,2018-06-18,Hr Manager,HR,56490,MID,1766832015,5888 Misty Flats Apt. 474,Michaelville,NY,50718,1964-01-25,61,7,ACTIVE
1766832367,Joshua,Holt,Joshua Holt,joshua.holt@company.com,company.com,2021-01-04,Hr Manager,HR,81132,SENIOR,10241,38194 Reyes Tunnel,Coltonborough,IN,2746,2001-09-10,24,4,ACTIVE
1766831941,Joshua,Lopez,Joshua Lopez,joshua.lopez@company.com,company.com,2019-05-13,Devops Engineer,IT,52961,MID,1766831913,87204 Oliver Mission,South Heidistad,GU,66737,1961-10-22,64,6,ON LEAVE
1766832452,Joshua,Price,Joshua Price,joshua.price@company.com,company.com,2019-04-11,Devops Engineer,IT,55350,MID,1766831973,690 Thomas Crescent,New Shawn,AK,65878,1973-11-24,52,6,ACTIVE
1766832252,Joshua,Ward,Joshua Ward,joshua.ward@company.com,company.com,2025-09-01,Hr Generalist,HR,123332,SENIOR,,2544 Berg Shore Apt. 617,West Mariafurt,VI,40460,1977-12-24,48,0,ACTIVE
1766832042,Joshua,White,Joshua White,joshua.white@company.com,company.com,2018-07-21,Devops Engineer,IT,88482,SENIOR,1766831942,69723 Brooke Parkways Suite 519,Michellehaven,NV,30309,2003-08-19,22,7,ACTIVE
1766832414,Joshua,Williams,Joshua Williams,joshua.williams@company.com,company.com,2025-05-03,Data Analyst,ANALYTICS,67228,MID,1766832374,719 Taylor Overpass Apt. 772,North Edwinmouth,MP,30278,1963-01-02,62,0,ACTIVE
1766832429,Joshua,Willis,Joshua Willis,joshua.willis@company.com,company.com,2019-12-10,Product Analyst,ANALYTICS,97727,SENIOR,1766831894,5051 Corey Spurs Apt. 699,Ryanshire,WV,34298,1985-06-18,40,6,ACTIVE
1766832578,Joy,Bradford,Joy Bradford,joy.bradford@company.com,company.com,2025-03-03,Business Intelligence Analyst,ANALYTICS,78674,MID,11914,347 Amber Cliff,Travisside,ME,883,1969-09-25,56,0,TERMINATED
1766832176,Juan,Barnett,Juan Barnett,juan.barnett@company.com,company.com,2018-07-16,Security Analyst,IT,65270,MID,1766832169,89529 Matthew Unions Apt. 751,Watkinsfort,GA,3167,1977-07-20,48,7,ACTIVE
1766832789,Juan,Hansen,Juan Hansen,juan.hansen@company.com,company.com,2023-02-28,Account Executive,SALES,126661,SENIOR,1766832560,98716 Mejia Parkway Apt. 284,Lake Erica,OK,2388,1984-04-22,41,2,ACTIVE
1766832265,Julia,Duffy,Julia Duffy,julia.duffy@company.com,company.com,2018-01-15,Data Engineer,ANALYTICS,108210,SENIOR,,79236 Jacqueline Summit,South Desireefurt,NC,49598,1993-03-09,32,7,ACTIVE
1766832386,Julia,Henderson,Julia Henderson,julia.henderson@company.com,company.com,2017-10-03,Devops Engineer,IT,104771,SENIOR,1766832229,2311 Mclaughlin Knolls,Yatesborough,HI,64972,1978-03-13,47,8,ACTIVE
1766832003,Julia,Watson,Julia Watson,julia.watson@company.com,company.com,2020-09-06,Systems Administrator,IT,47165,JUNIOR,10675,72736 Lane Club,Jamesmouth,KY,7246,1981-10-07,44,5,TERMINATED
1766831842,Julie,Miller,Julie Miller,julie.miller@company.com,company.com,2021-12-23,Learning & Development Lead,HR,61699,MID,1766831835,873 James Village Apt. 666,Port Jesseton,DC,25848,1961-02-20,64,4,TERMINATED
1766832214,Justin,Estrada,Justin Estrada,justin.estrada@company.com,company.com,2017-03-30,Product Analyst,ANALYTICS,76243,MID,1766832203,644 Derek Trace Apt. 399,Oliviastad,OH,95172,1977-05-21,48,8,ACTIVE
1766832706,Justin,Stephens,Justin Stephens,justin.stephens@company.com,company.com,2025-03-12,Hr Generalist,HR,100037,SENIOR,1766832650,27966 Teresa Highway Suite 516,East Sarah,WV,6072,1984-02-26,41,0,ACTIVE
1766832519,Justin,Turner,Justin Turner,justin.turner@company.com,company.com,2020-03-24,Security Analyst,IT,72954,MID,1766832180,81532 Camacho Neck,Barnetttown,FL,86810,1991-01-08,34,5,ON LEAVE
1766831940,Kaitlyn,Wilson,Kaitlyn Wilson,kaitlyn.wilson@company.com,company.com,2025-04-03,Talent Acquisition Specialist,HR,71454,MID,1766831923,738 Smith Crest Suite 856,Randyborough,AZ,79744,1970-10-14,55,0,ON LEAVE
1766832251,Karen,Giles,Karen Giles,karen.giles@company.com,company.com,2022-03-21,Sales Associate,SALES,62346,MID,1766832175,2233 Harris Gateway Suite 380,Robertochester,MT,28724,1986-06-08,39,3,TERMINATED
1766832244,Karen,Smith,Karen Smith,karen.smith@company.com,company.com,2021-02-28,Sales Manager,SALES,114031,SENIOR,1766831993,165 Maria Club,Joshuaport,GA,79417,1997-01-23,28,4,TERMINATED
1766832780,Karen,Turner,Karen Turner,karen.turner@company.com,company.com,2018-09-11,Systems Administrator,IT,148394,SENIOR,1766832280,216 Mary Streets Apt. 227,Justinbury,PA,87682,1970-04-13,55,7,ACTIVE
1766832701,Katherine,Harris,Katherine Harris,katherine.harris@company.com,company.com,2024-12-25,Security Analyst,IT,49250,JUNIOR,,45620 James Mills Suite 733,North Darlene,VA,59375,1976-03-21,49,1,ON LEAVE
1766832638,Katherine,Miller,Katherine Miller,katherine.miller@company.com,company.com,2023-10-18,Data Analyst,ANALYTICS,89740,SENIOR,,3767 Gina Ranch,New April,MP,83612,1977-11-06,48,2,ACTIVE
1766832427,Katherine,Perkins,Katherine Perkins,katherine.perkins@company.com,company.com,2017-10-25,Hr Assistant,HR,142050,SENIOR,1766831820,6140 Brown Inlet Apt. 414,Jenniferborough,MA,62039,2002-03-07,23,8,ACTIVE
1766832700,Katherine,Smith,Katherine Smith,katherine.smith@company.com,company.com,2021-10-01,Sales Manager,SALES,88082,SENIOR,1766832455,92454 Sullivan Forest Suite 075,Robertberg,WA,6695,1991-12-29,33,4,TERMINATED
1766832625,Katherine,Wells,Katherine Wells,katherine.wells@company.com,company.com,2016-05-04,Sales Manager,SALES,144312,SENIOR,1766831872,170 William Lock,East Jay,AK,62707,1967-09-17,58,9,ACTIVE
1766832261,Kathleen,Bridges,Kathleen Bridges,kathleen.bridges@company.com,company.com,2022-07-06,Learning & Development Lead,HR,92315,SENIOR,1766831908,083 Lopez Dale Suite 900,Sandersmouth,WV,12969,1964-07-16,61,3,ON LEAVE
1766832264,Kathleen,Brown,Kathleen Brown,kathleen.brown@company.com,company.com,2021-05-26,Account Executive,SALES,147416,SENIOR,1766832232,6625 Wade Drive Suite 563,Port John,VI,44133,1966-09-28,59,4,TERMINATED
1766832074,Kathleen,Obrien,Kathleen Obrien,kathleen.obrien@company.com,company.com,2020-10-09,Product Analyst,ANALYTICS,120749,SENIOR,1766831835,089 Richard Harbor,Jasonport,ID,21676,1992-12-24,33,5,ACTIVE
1766832327,Kathleen,Oliver,Kathleen Oliver,kathleen.oliver@company.com,company.com,2023-06-28,Product Analyst,ANALYTICS,138239,SENIOR,1766831972,03071 Logan Drive Suite 988,Mckaymouth,TN,46760,1995-05-28,30,2,ON LEAVE
1766832188,Kathleen,Richards,Kathleen Richards,kathleen.richards@company.com,company.com,2021-04-04,Hr Generalist,HR,46513,JUNIOR,,22435 Michael Curve,Port Caitlyn,IA,65059,1960-08-10,65,4,ON LEAVE
1766832162,Kathleen,Ward,Kathleen Ward,kathleen.ward@company.com,company.com,2024-02-07,It Support Specialist,IT,89998,SENIOR,,9634 Martin Pines Suite 250,Lloydton,WY,85941,1989-07-26,36,1,ON LEAVE
1766831951,Kathryn,Chapman,Kathryn Chapman,kathryn.chapman@company.com,company.com,2022-01-25,Business Intelligence Analyst,ANALYTICS,111994,SENIOR,1766831920,94508 Morales Parks,West Markberg,DE,2408,1978-08-03,47,3,ACTIVE
1766832613,Kathy,Estes,Kathy Estes,kathy.estes@company.com,company.com,2018-02-20,Hr Manager,HR,125388,SENIOR,,660 Leonard Extensions,Lake Matthew,VA,60480,1988-12-05,37,7,ON LEAVE
1766832086,Kathy,Garcia,Kathy Garcia,kathy.garcia@company.com,company.com,2017-06-17,Hr Generalist,HR,123828,SENIOR,1766831981,54933 Romero Via,West Daniel,WV,15171,1966-08-10,59,8,ACTIVE
1766831888,Katie,Case,Katie Case,katie.case@company.com,company.com,2019-09-08,Hr Assistant,HR,96606,SENIOR,1766831835,51877 Cheryl Harbors,Jessicachester,IA,18920,1969-11-03,56,6,ACTIVE
1766832286,Katie,Graham,Katie Graham,katie.graham@company.com,company.com,2024-07-27,Analytics Manager,ANALYTICS,135598,SENIOR,1766832147,137 Kathy Corners Apt. 941,Michaelshire,OK,76077,1995-08-24,30,1,TERMINATED
1766832403,Katie,Vincent,Katie Vincent,katie.vincent@company.com,company.com,2024-09-29,Sales Manager,SALES,42825,JUNIOR,10265,492 Collins Park Apt. 254,South Alexander,OH,77072,1996-08-09,29,1,TERMINATED
1766831975,Kayla,Ferguson,Kayla Ferguson,kayla.ferguson@company.com,company.com,2024-03-26,Business Development Representative,SALES,77984,MID,1766831835,05985 Sara Haven Suite 088,North Tonya,DE,34137,1991-07-23,34,1,ON LEAVE
1766832104,Kayla,Green,Kayla Green,kayla.green@company.com,company.com,2022-10-28,Talent Acquisition Specialist,HR,95808,SENIOR,,2282 Kathryn Causeway Apt. 421,West Karen,OR,32969,1981-04-02,44,3,TERMINATED
1766831851,Kayla,Kennedy,Kayla Kennedy,kayla.kennedy@company.com,company.com,2017-09-08,It Manager,IT,66087,MID,,396 Lewis Mill Apt. 153,Holderside,SD,7348,1980-02-14,45,8,TERMINATED
1766832723,Kayla,Miller,Kayla Miller,kayla.miller@company.com,company.com,2025-02-25,Sales Manager,SALES,93100,SENIOR,1766832407,697 Kevin Mountains,North Josephberg,FL,69994,2003-09-30,22,0,TERMINATED
1766832546,Kayla,Perez,Kayla Perez,kayla.perez@company.com,company.com,2024-06-20,Hr Generalist,HR,145232,SENIOR,1766832423,29197 Julie Summit,Jeremymouth,MO,33128,2003-05-28,22,1,ACTIVE
1766832342,Kayla,Smith,Kayla Smith,kayla.smith@company.com,company.com,2022-04-10,Hr Manager,HR,106561,SENIOR,1766831946,90558 Oscar Drives,New Anthonyhaven,MS,99471,1965-02-17,60,3,TERMINATED
1766832501,Kayla,Wright,Kayla Wright,kayla.wright@company.com,company.com,2023-07-02,Hr Manager,HR,102181,SENIOR,1766832053,134 Andrade Points,Gardnermouth,DC,38212,1975-07-12,50,2,ACTIVE
1766832705,Keith,Mann,Keith Mann,keith.mann@company.com,company.com,2016-04-11,Devops Engineer,IT,61060,MID,1766832625,3399 Hendrix Square,Nancyton,UT,45126,1975-01-21,50,9,TERMINATED
1766832535,Kelly,Andrews,Kelly Andrews,kelly.andrews@company.com,company.com,2019-06-25,Hr Generalist,HR,63639,MID,1766832080,095 Beck Circles,Makaylachester,CO,95516,2000-07-11,25,6,ACTIVE
1766831920,Kelly,Baker,Kelly Baker,kelly.baker@company.com,company.com,2021-04-26,It Manager,IT,99976,SENIOR,1766831860,9905 Jessica Light Suite 457,Jimshire,MP,33528,1975-02-03,50,4,ACTIVE
1766832262,Kelly,Barnes,Kelly Barnes,kelly.barnes@company.com,company.com,2021-10-03,Devops Engineer,IT,59794,MID,10981,56115 Riddle Villages,Debratown,HI,28130,1968-07-18,57,4,TERMINATED
1766832605,Kelly,Gardner,Kelly Gardner,kelly.gardner@company.com,company.com,2025-03-09,Security Analyst,IT,95629,SENIOR,1766832545,228 Daniel Cliffs,North Staceyshire,DE,12605,1966-08-20,59,0,ACTIVE
1766832299,Kelly,Martinez,Kelly Martinez,kelly.martinez@company.com,company.com,2018-06-13,Data Engineer,ANALYTICS,58233,MID,1766832187,623 Andrew Freeway,South Randy,HI,84914,1970-04-25,55,7,ACTIVE
1766832101,Kelly,Santana,Kelly Santana,kelly.santana@company.com,company.com,2024-11-02,Sales Operations Analyst,SALES,57487,MID,11986,121 Zimmerman Road,Ashleyton,WY,11835,1977-06-08,48,1,ON LEAVE
1766831815,Kelly,Simmons,Kelly Simmons,kelly.simmons@company.com,company.com,2023-04-19,Sales Manager,SALES,108625,SENIOR,,9833 Robert River Suite 428,New Spencerland,ND,59269,1976-06-26,49,2,ON LEAVE
1766832541,Kelly,Wilson,Kelly Wilson,kelly.wilson@company.com,company.com,2017-01-30,Talent Acquisition Specialist,HR,49782,JUNIOR,1766832342,663 Joseph Rue Suite 804,West Jennifer,CO,27521,2001-02-18,24,8,ACTIVE
1766832674,Kelsey,Dunn,Kelsey Dunn,kelsey.dunn@company.com,company.com,2016-05-06,Talent Acquisition Specialist,HR,132000,SENIOR,1766832120,98809 Stone Road Apt. 027,Jaredhaven,PW,47316,1991-12-20,34,9,ACTIVE
1766831935,Kelsey,Jones,Kelsey Jones,kelsey.jones@company.com,company.com,2017-04-22,Learning & Development Lead,HR,108362,SENIOR,1766831874,8150 Jennifer Circles,West Kylestad,MN,69660,2003-02-06,22,8,TERMINATED
1766832384,Kelsey,Mendoza,Kelsey Mendoza,kelsey.mendoza@company.com,company.com,2020-03-03,Sales Associate,SALES,113203,SENIOR,1766832356,99938 Juan Gateway Suite 007,East Frances,PA,45221,1961-06-29,64,5,TERMINATED
1766832419,Kendra,Smith,Kendra Smith,kendra.smith@company.com,company.com,2018-07-27,It Support Specialist,IT,138901,SENIOR,1766831813,40918 Aaron Fields,Williamsshire,UT,73571,1978-11-12,47,7,ACTIVE
1766832153,Kenneth,Brown,Kenneth Brown,kenneth.brown@company.com,company.com,2016-04-28,Learning & Development Lead,HR,60528,MID,1766831972,4313 Rebecca Hollow Suite 646,Tylerberg,MD,53016,2003-06-15,22,9,TERMINATED
1766832163,Kenneth,Humphrey,Kenneth Humphrey,kenneth.humphrey@company.com,company.com,2020-12-16,Business Intelligence Analyst,ANALYTICS,42939,JUNIOR,1766831894,92699 Richard Haven Suite 697,Port Toni,IN,2575,1981-02-16,44,5,ON LEAVE
1766832718,Kenneth,Larsen,Kenneth Larsen,kenneth.larsen@company.com,company.com,2025-09-06,Talent Acquisition Specialist,HR,55298,MID,1766831857,94465 Reynolds Causeway,Atkinsonview,NY,85084,1962-12-03,63,0,ACTIVE
1766831831,Kenneth,Smith,Kenneth Smith,kenneth.smith@company.com,company.com,2020-06-26,Sales Manager,SALES,146453,SENIOR,10583,8817 Michael Squares,Bennettchester,FL,11883,1980-10-28,45,5,TERMINATED
1766832319,Kevin,Green,Kevin Green,kevin.green@company.com,company.com,2020-10-07,Hr Manager,HR,88805,SENIOR,1766832105,2208 Derek Roads Apt. 636,South Tammy,KS,20374,2002-06-09,23,5,ACTIVE
1766832253,Kevin,Kennedy,Kevin Kennedy,kevin.kennedy@company.com,company.com,2016-01-20,Hr Assistant,HR,71387,MID,1766831847,41321 Olson Mountain Apt. 957,Anthonyside,OH,17165,1969-05-05,56,9,ACTIVE
1766832357,Kevin,Mendoza,Kevin Mendoza,kevin.mendoza@company.com,company.com,2023-06-06,Data Analyst,ANALYTICS,149640,SENIOR,1766831955,7674 Smith Pike,North Earltown,AR,88034,1976-09-13,49,2,TERMINATED
1766832810,Kevin,Ramirez,Kevin Ramirez,kevin.ramirez@company.com,company.com,2016-10-15,It Manager,IT,103068,SENIOR,,89766 Kevin Fork,West Hunterfort,GA,98261,1983-06-07,42,9,ACTIVE
1766832506,Kevin,Rivera,Kevin Rivera,kevin.rivera@company.com,company.com,2024-07-03,Data Engineer,ANALYTICS,114572,SENIOR,1766832058,8142 Cohen Field Apt. 631,Proctortown,NJ,41591,1980-05-08,45,1,ON LEAVE
1766832030,Kim,Campbell,Kim Campbell,kim.campbell@company.com,company.com,2023-08-17,Business Development Representative,SALES,40529,JUNIOR,1766831934,683 Vaughn Courts,Lake Amandafort,HI,7219,1987-02-01,38,2,ACTIVE
1766832465,Kim,Jones,Kim Jones,kim.jones@company.com,company.com,2019-05-01,Business Intelligence Analyst,ANALYTICS,122454,SENIOR,1766831932,8964 Brandon Village Suite 245,Romanmouth,WV,60625,1999-07-10,26,6,ACTIVE
1766832121,Kimberly,Briggs,Kimberly Briggs,kimberly.briggs@company.com,company.com,2016-02-05,Data Engineer,ANALYTICS,82753,SENIOR,1766832097,103 Hughes Ports,East Alicia,WA,52367,1986-01-10,39,9,ACTIVE
1766832213,Kimberly,Castro,Kimberly Castro,kimberly.castro@company.com,company.com,2018-08-11,Hr Assistant,HR,43179,JUNIOR,1766831895,132 Thomas Garden,Smithchester,TN,57269,1972-09-14,53,7,ACTIVE
1766832219,Kimberly,Clark,Kimberly Clark,kimberly.clark@company.com,company.com,2020-03-26,Systems Administrator,IT,89798,SENIOR,1766831934,496 Murphy Trail,New Heather,PR,87366,1963-07-31,62,5,ON LEAVE
1766832348,Kimberly,Cooper,Kimberly Cooper,kimberly.cooper@company.com,company.com,2017-02-02,Data Analyst,ANALYTICS,141704,SENIOR,1766832080,190 Philip Knolls,Dayberg,CA,94880,1978-12-24,47,8,ACTIVE
1766832551,Kimberly,Sanchez,Kimberly Sanchez,kimberly.sanchez@company.com,company.com,2025-11-25,Sales Manager,SALES,138948,SENIOR,1766832026,8978 Acevedo Shoals Suite 792,South Daniel,IN,2199,2003-12-03,22,0,ACTIVE
1766832006,Kirk,Wilcox,Kirk Wilcox,kirk.wilcox@company.com,company.com,2019-12-22,Business Development Representative,SALES,50856,MID,1766831920,2544 Dana Heights Apt. 082,Kylebury,GU,11157,1969-11-05,56,6,ACTIVE
1766832567,Krista,Jones,Krista Jones,krista.jones@company.com,company.com,2020-03-02,Systems Administrator,IT,48628,JUNIOR,1766832548,312 Salazar Plain Suite 328,Edwardmouth,NV,15523,1968-12-05,57,5,ON LEAVE
1766832523,Krista,Powell,Krista Powell,krista.powell@company.com,company.com,2020-11-06,Talent Acquisition Specialist,HR,124672,SENIOR,1766831847,3360 Chris Underpass,New Anitaberg,GA,32101,1960-11-20,65,5,ACTIVE
1766831849,Kristen,Harris,Kristen Harris,kristen.harris@company.com,company.com,2021-07-03,Hr Generalist,HR,114508,SENIOR,1766831818,732 Figueroa Mission Apt. 626,Port Ryanmouth,AL,648,1995-01-19,30,4,ON LEAVE
1766832078,Kristin,Knight,Kristin Knight,kristin.knight@company.com,company.com,2025-11-06,Hr Generalist,HR,47958,JUNIOR,1766831874,35596 Pham Cliffs,Lake Audreyfurt,IN,85993,1960-11-24,65,0,TERMINATED
1766831910,Kristine,Jones,Kristine Jones,kristine.jones@company.com,company.com,2017-04-09,Hr Assistant,HR,123679,SENIOR,11346,32490 Jodi Ville Apt. 683,New Amanda,KY,87826,1966-10-31,59,8,ON LEAVE
1766832116,Krystal,Sandoval,Krystal Sandoval,krystal.sandoval@company.com,company.com,2017-10-04,Devops Engineer,IT,79246,MID,1766831818,6566 Anderson Mountain,Michaelfurt,MO,14615,1977-09-04,48,8,ACTIVE
1766832805,Kyle,Carson,Kyle Carson,kyle.carson@company.com,company.com,2025-02-13,Security Analyst,IT,41616,JUNIOR,1766832478,38774 Dunn Locks Apt. 583,North Abigail,IA,31135,1993-03-14,32,0,ON LEAVE
1766832660,Kyle,Johnson,Kyle Johnson,kyle.johnson@company.com,company.com,2021-08-11,Business Intelligence Analyst,ANALYTICS,143071,SENIOR,1766832056,8219 Lowe Cliff Suite 716,South Thomas,IL,6849,1985-07-27,40,4,ACTIVE
1766832383,Larry,Olson,Larry Olson,larry.olson@company.com,company.com,2025-05-27,Hr Manager,HR,101298,SENIOR,1766831954,5381 Palmer Island Suite 383,New Elizabethtown,MO,53527,1977-06-23,48,0,TERMINATED
1766832715,Latasha,Maddox,Latasha Maddox,latasha.maddox@company.com,company.com,2018-09-26,Sales Associate,SALES,130528,SENIOR,,056 Christopher Light,Manuelport,RI,83852,1988-10-14,37,7,ACTIVE
1766832259,Latoya,Hansen,Latoya Hansen,latoya.hansen@company.com,company.com,2025-12-26,Learning & Development Lead,HR,46965,JUNIOR,1766831998,167 Phillips Divide,Port Dawnchester,VA,6834,1978-05-02,47,0,ON LEAVE
1766832000,Laura,Becker,Laura Becker,laura.becker@company.com,company.com,2024-07-30,Hr Generalist,HR,134402,SENIOR,1766831924,2942 Wong Oval Apt. 379,East Richard,MA,6561,1998-12-28,26,1,TERMINATED
1766832152,Laura,Christensen,Laura Christensen,laura.christensen@company.com,company.com,2018-08-04,Product Analyst,ANALYTICS,121605,SENIOR,1766831866,60875 Mann Branch Suite 530,Port Sabrina,WI,41787,1979-04-17,46,7,ACTIVE
1766832442,Laura,Reynolds,Laura Reynolds,laura.reynolds@company.com,company.com,2022-03-27,Systems Administrator,IT,99244,SENIOR,1766832052,909 Hendricks Lock,Lake Michealshire,MH,67020,1977-01-27,48,3,ACTIVE
1766832328,Lauren,Neal,Lauren Neal,lauren.neal@company.com,company.com,2025-02-08,Sales Manager,SALES,69181,MID,1766832014,0883 Joseph Roads,New Jennifer,ID,99674,1981-06-15,44,0,ON LEAVE
1766832412,Lauren,Owens,Lauren Owens,lauren.owens@company.com,company.com,2019-08-24,Hr Generalist,HR,101143,SENIOR,1766832363,58347 Rebecca Trafficway Suite 450,Humphreyfurt,WV,20795,1997-10-14,28,6,ON LEAVE
1766832333,Lauren,Smith,Lauren Smith,lauren.smith@company.com,company.com,2023-01-03,Account Executive,SALES,92917,SENIOR,1766831915,393 Craig Skyway Suite 061,Port Jose,NV,44960,1998-05-25,27,2,ON LEAVE
1766832730,Laurie,Kelley,Laurie Kelley,laurie.kelley@company.com,company.com,2018-07-18,Data Analyst,ANALYTICS,66492,MID,1766832346,87423 Glenn Lock,Laneside,AZ,44531,1963-07-03,62,7,ON LEAVE
1766831932,Laurie,Williams,Laurie Williams,laurie.williams@company.com,company.com,2024-10-03,Analytics Manager,ANALYTICS,45037,JUNIOR,1766831903,551 Ramos Loop Suite 016,Johnsonshire,NC,12541,2003-11-03,22,1,ON LEAVE
1766832227,Lawrence,Rodriguez,Lawrence Rodriguez,lawrence.rodriguez@company.com,company.com,2016-06-20,It Support Specialist,IT,54888,MID,1766832092,1708 Caroline Course Suite 824,Williamstown,LA,90887,1982-08-10,43,9,ACTIVE
1766832448,Leah,Snyder,Leah Snyder,leah.snyder@company.com,company.com,2025-05-09,Sales Manager,SALES,111933,SENIOR,1766832246,2187 Henry Forest,Lake Joshua,VT,60177,1977-01-10,48,0,ACTIVE
1766832130,Lee,Hensley,Lee Hensley,lee.hensley@company.com,company.com,2025-07-18,Sales Operations Analyst,SALES,90566,SENIOR,1766831993,0869 Joyce Ridges,Kellymouth,KS,60210,1994-06-20,31,0,TERMINATED
1766832373,Leroy,Perez,Leroy Perez,leroy.perez@company.com,company.com,2024-03-08,Talent Acquisition Specialist,HR,69892,MID,11865,678 Glenn Parkways,North Kathleenchester,TN,96141,1971-10-06,54,1,ACTIVE
1766832004,Leroy,Rivera,Leroy Rivera,leroy.rivera@company.com,company.com,2018-08-18,Analytics Manager,ANALYTICS,58486,MID,1766831903,0482 Chloe Trail,Cooperland,AZ,5974,1994-07-26,31,7,ON LEAVE
1766832759,Linda,Bailey,Linda Bailey,linda.bailey@company.com,company.com,2016-03-30,Analytics Manager,ANALYTICS,84051,SENIOR,1766831835,42645 Cummings Shoal,Sheenaton,WY,60560,1964-04-07,61,9,ACTIVE
1766831964,Linda,Clarke,Linda Clarke,linda.clarke@company.com,company.com,2019-05-16,Data Analyst,ANALYTICS,111024,SENIOR,1766831892,267 Duran Shoals Suite 475,Port Aaronstad,GA,3830,1983-08-28,42,6,ACTIVE
1766832496,Linda,Kirby,Linda Kirby,linda.kirby@company.com,company.com,2016-03-19,Analytics Manager,ANALYTICS,80156,SENIOR,,1023 Hall Underpass Apt. 974,North Joseph,MS,92346,1998-11-29,27,9,ON LEAVE
1766832787,Lindsay,Hansen,Lindsay Hansen,lindsay.hansen@company.com,company.com,2020-07-31,Sales Manager,SALES,57913,MID,1766832700,268 David Lake Apt. 913,Calhounfurt,DC,26048,1998-04-02,27,5,ON LEAVE
1766831897,Lindsay,Peterson,Lindsay Peterson,lindsay.peterson@company.com,company.com,2020-08-10,Talent Acquisition Specialist,HR,78195,MID,1766831818,512 Acosta Fall,West Jordan,GA,78615,1965-07-08,60,5,ON LEAVE
1766831957,Lindsey,Jones,Lindsey Jones,lindsey.jones@company.com,company.com,2016-12-16,Security Analyst,IT,132659,SENIOR,10441,08240 Steven Loaf Apt. 020,Bradleystad,OH,89861,1976-12-16,49,9,ACTIVE
1766832491,Lindsey,Logan,Lindsey Logan,lindsey.logan@company.com,company.com,2024-05-09,Sales Manager,SALES,144317,SENIOR,1766832384,113 Ruiz Well Apt. 005,West Tiffanybury,MN,28673,2003-08-23,22,1,ON LEAVE
1766832630,Lindsey,Stewart,Lindsey Stewart,lindsey.stewart@company.com,company.com,2016-10-07,Hr Generalist,HR,93524,SENIOR,1766832238,00833 Mathews Underpass,Port Christianbury,SC,11458,1964-04-24,61,9,TERMINATED
1766832221,Lisa,Christensen,Lisa Christensen,lisa.christensen@company.com,company.com,2018-08-01,Product Analyst,ANALYTICS,83757,SENIOR,1766831931,440 Timothy Bridge,Holmesstad,NC,67245,1979-10-30,46,7,ON LEAVE
1766832798,Lisa,Church,Lisa Church,lisa.church@company.com,company.com,2021-12-10,Talent Acquisition Specialist,HR,80985,SENIOR,1766832117,8501 Gutierrez Valley Suite 951,Palmermouth,OK,48626,1997-11-10,28,4,ON LEAVE
1766832324,Lisa,Davis,Lisa Davis,lisa.davis@company.com,company.com,2022-09-21,Sales Operations Analyst,SALES,70234,MID,1766832190,0358 Hughes Forge Suite 451,Walkerburgh,NM,29863,1982-01-05,43,3,TERMINATED
1766831974,Lisa,Flores,Lisa Flores,lisa.flores@company.com,company.com,2017-04-09,It Support Specialist,IT,71316,MID,,0327 Watson Center,East Emily,NE,89815,2000-06-02,25,8,TERMINATED
1766832189,Lisa,Hensley,Lisa Hensley,lisa.hensley@company.com,company.com,2023-09-30,It Manager,IT,64285,MID,1766831946,6705 Jesse Lights Suite 593,Robertmouth,MH,55914,2000-10-04,25,2,ACTIVE
1766832602,Lisa,Jones,Lisa Jones,lisa.jones@company.com,company.com,2024-08-06,Sales Operations Analyst,SALES,53083,MID,1766832403,7442 Wilkins Corner,Lake Jill,AR,81380,1989-02-25,36,1,ON LEAVE
1766832817,Lisa,Mack,Lisa Mack,lisa.mack@company.com,company.com,2016-08-31,Data Engineer,ANALYTICS,112872,SENIOR,11783,7913 Collins Keys Suite 928,East Anthonyfort,AS,11768,1981-05-04,44,9,ON LEAVE
1766831912,Lisa,White,Lisa White,lisa.white@company.com,company.com,2017-11-12,Business Intelligence Analyst,ANALYTICS,41538,JUNIOR,1766831889,8129 Scott Meadows Apt. 509,South Natalie,OH,83997,1967-09-06,58,8,ACTIVE
1766832174,Lisa,Williams,Lisa Williams,lisa.williams@company.com,company.com,2019-03-06,Sales Manager,SALES,74502,MID,1766831955,774 Garcia Square,Theresaberg,MP,44998,1967-09-23,58,6,ACTIVE
1766832018,Loretta,Jackson,Loretta Jackson,loretta.jackson@company.com,company.com,2018-12-26,It Support Specialist,IT,115594,SENIOR,,3368 Paul Points,Port Jeffreychester,NV,60306,1964-05-01,61,7,ACTIVE
1766832709,Loretta,Phillips,Loretta Phillips,loretta.phillips@company.com,company.com,2021-10-20,Product Analyst,ANALYTICS,134436,SENIOR,1766832091,6210 David Mountain,Jonesside,CA,52497,1987-05-28,38,4,ACTIVE
1766832211,Lori,Boyer,Lori Boyer,lori.boyer@company.com,company.com,2019-12-04,Data Analyst,ANALYTICS,56910,MID,,39947 Cody Extension Suite 907,South Ashley,AK,84244,1999-01-25,26,6,TERMINATED
1766832533,Lori,Davis,Lori Davis,lori.davis@company.com,company.com,2022-11-16,Analytics Manager,ANALYTICS,48695,JUNIOR,1766832375,0721 Frost River,Catherineshire,AL,29261,2000-01-08,25,3,ON LEAVE
1766832089,Lori,Evans,Lori Evans,lori.evans@company.com,company.com,2017-05-28,Business Intelligence Analyst,ANALYTICS,76257,MID,1766832084,8978 Jensen Harbors,Jenniferfurt,OH,46287,1999-10-02,26,8,ON LEAVE
1766832180,Lucas,Arellano,Lucas Arellano,lucas.arellano@company.com,company.com,2025-01-26,Sales Manager,SALES,40649,JUNIOR,,237 Young Canyon,East Carla,KS,28775,1966-10-17,59,0,ACTIVE
1766832659,Madeline,Hardy,Madeline Hardy,madeline.hardy@company.com,company.com,2019-08-08,Learning & Development Lead,HR,68563,MID,1766832043,13508 Katherine Place,South Amandaburgh,VT,16842,1985-09-07,40,6,ON LEAVE
1766832398,Marc,Smith,Marc Smith,marc.smith@company.com,company.com,2019-01-29,Business Development Representative,SALES,104155,SENIOR,1766832394,662 Singh Heights,Davisberg,AZ,95434,2000-09-24,25,6,ACTIVE
1766832014,Marcus,Gallegos,Marcus Gallegos,marcus.gallegos@company.com,company.com,2025-10-31,Security Analyst,IT,59153,MID,,0920 Jason Locks Suite 207,South Thomasview,NH,22649,1991-06-15,34,0,TERMINATED
1766832435,Margaret,Weber,Margaret Weber,margaret.weber@company.com,company.com,2021-03-15,Business Intelligence Analyst,ANALYTICS,49894,JUNIOR,1766832079,088 Johns Cliff Suite 154,North Carlyside,AZ,68347,1970-10-27,55,4,ON LEAVE
1766832133,Maria,Anderson,Maria Anderson,maria.anderson@company.com,company.com,2022-12-14,Account Executive,SALES,44134,JUNIOR,1766832125,69642 Martin Stream,Jacksonland,SC,76294,1970-07-02,55,3,TERMINATED
1766832561,Maria,Hayes,Maria Hayes,maria.hayes@company.com,company.com,2023-05-15,Sales Associate,SALES,103293,SENIOR,1766831934,4493 Tracy Spring Apt. 163,West Brittanyhaven,AZ,40664,1963-07-30,62,2,ON LEAVE
1766832217,Maria,Kelly,Maria Kelly,maria.kelly@company.com,company.com,2020-06-12,Hr Manager,HR,149019,SENIOR,1766832084,7141 Lindsay Extension,New Jason,AS,77343,2000-03-28,25,5,TERMINATED
1766831956,Maria,Stevens,Maria Stevens,maria.stevens@company.com,company.com,2025-04-28,Business Development Representative,SALES,143941,SENIOR,1766831857,2577 Latoya Course,Dakotaberg,WA,39812,1981-02-06,44,0,ACTIVE
1766832665,Mariah,Carson,Mariah Carson,mariah.carson@company.com,company.com,2016-03-08,It Manager,IT,141254,SENIOR,1766832414,91932 Mcbride Parkways Suite 757,Tammyview,ME,66108,1961-12-08,64,9,ON LEAVE
1766832047,Marie,Fuentes,Marie Fuentes,marie.fuentes@company.com,company.com,2020-10-21,Data Analyst,ANALYTICS,112035,SENIOR,1766831820,629 Jason Lake Suite 687,Taylorberg,GA,39671,1983-06-19,42,5,ON LEAVE
1766832366,Marie,Higgins,Marie Higgins,marie.higgins@company.com,company.com,2019-09-08,Hr Manager,HR,55746,MID,1766832270,76988 Jessica Rest Suite 736,New Amandaberg,PR,49294,1987-02-24,38,6,ACTIVE
1766831893,Marie,Weiss,Marie Weiss,marie.weiss@company.com,company.com,2017-07-28,Devops Engineer,IT,143379,SENIOR,1766831874,92422 Everett Spurs Apt. 838,North Aliciaborough,MP,87689,1962-10-25,63,8,ACTIVE
1766832222,Mark,Berger,Mark Berger,mark.berger@company.com,company.com,2020-06-09,Sales Manager,SALES,57863,MID,1766832195,13254 Brady Branch Apt. 819,South Randall,ID,7657,1973-01-05,52,5,ON LEAVE
1766832097,Mark,Levy,Mark Levy,mark.levy@company.com,company.com,2016-10-21,It Manager,IT,85817,SENIOR,1766831920,178 Wagner Club,Nicoleshire,OH,19674,1975-06-27,50,9,ACTIVE
1766832323,Mark,Nunez,Mark Nunez,mark.nunez@company.com,company.com,2023-11-11,Hr Assistant,HR,139882,SENIOR,1766832079,53656 Good Falls Apt. 976,Marshborough,FM,52403,2001-11-16,24,2,ACTIVE
1766832368,Martha,Williams,Martha Williams,martha.williams@company.com,company.com,2020-03-10,Hr Assistant,HR,42552,JUNIOR,1766832060,1145 Jeffery Stream Suite 460,Cruzbury,AS,89672,1984-07-25,41,5,ACTIVE
1766832438,Marvin,Wilson,Marvin Wilson,marvin.wilson@company.com,company.com,2024-12-21,Hr Generalist,HR,60014,MID,1766832159,9012 Tucker Ranch,West Kayla,PA,55664,1989-11-16,36,1,ACTIVE
1766832198,Mary,Chambers,Mary Chambers,mary.chambers@company.com,company.com,2021-06-01,Data Engineer,ANALYTICS,75032,MID,,094 Brenda Square Apt. 108,Allenhaven,MO,88265,1984-01-21,41,4,ACTIVE
1766831911,Mary,Fuller,Mary Fuller,mary.fuller@company.com,company.com,2025-02-05,Talent Acquisition Specialist,HR,59146,MID,1766831889,3963 Dylan Run,Rebeccabury,NC,85363,1977-01-24,48,0,ACTIVE
1766832758,Mary,Howell,Mary Howell,mary.howell@company.com,company.com,2017-04-28,Business Development Representative,SALES,61663,MID,1766832021,32401 Graves Groves,Kimberlyton,DE,12119,1992-11-13,33,8,ON LEAVE
1766832781,Mary,Smith,Mary Smith,mary.smith@company.com,company.com,2024-04-06,Business Development Representative,SALES,99913,SENIOR,1766832642,37531 Wright Junction Apt. 669,Port Timothyville,PW,17452,1980-06-07,45,1,TERMINATED
1766832127,Mary,Turner,Mary Turner,mary.turner@company.com,company.com,2020-03-31,Hr Assistant,HR,131011,SENIOR,1766832004,61955 Wilkinson Highway Apt. 780,Amandaview,AR,75583,1961-04-27,64,5,ACTIVE
1766832208,Mary,Walls,Mary Walls,mary.walls@company.com,company.com,2020-07-04,Sales Operations Analyst,SALES,42418,JUNIOR,1766832037,483 Hinton Skyway,West Thomaston,PW,88373,1994-05-21,31,5,TERMINATED
1766832513,Mary,Watson,Mary Watson,mary.watson@company.com,company.com,2021-09-12,Sales Associate,SALES,140122,SENIOR,1766831857,21132 Johnson Crescent Suite 513,Zacharyfurt,CO,47304,1969-05-29,56,4,ON LEAVE
1766832571,Mary,Wilson,Mary Wilson,mary.wilson@company.com,company.com,2024-12-04,Analytics Manager,ANALYTICS,126860,SENIOR,1766832533,58308 Harris Road Suite 693,Jenniferport,AR,24291,1963-12-05,62,1,ON LEAVE
1766831994,Mason,Huffman,Mason Huffman,mason.huffman@company.com,company.com,2016-01-25,Systems Administrator,IT,85939,SENIOR,1766831934,4431 Davis Inlet,West Matthew,MT,24952,1978-03-21,47,9,ACTIVE
1766832149,Matthew,Black,Matthew Black,matthew.black@company.com,company.com,2025-10-01,Analytics Manager,ANALYTICS,119786,SENIOR,1766831955,4160 Michelle Fall Apt. 591,North Shelbystad,DC,33330,1974-12-23,51,0,ON LEAVE
1766832766,Matthew,Buchanan,Matthew Buchanan,matthew.buchanan@company.com,company.com,2017-05-23,Analytics Manager,ANALYTICS,144901,SENIOR,1766832636,0744 Erica Valley,Lake Jeremy,VI,2787,1963-12-25,62,8,TERMINATED
1766832697,Matthew,Garcia,Matthew Garcia,matthew.garcia@company.com,company.com,2020-12-08,Sales Associate,SALES,129706,SENIOR,1766832155,3703 Robles Points,North Jeremyfort,IL,69835,1997-06-11,28,5,ACTIVE
1766832150,Matthew,Hernandez,Matthew Hernandez,matthew.hernandez@company.com,company.com,2025-02-14,Devops Engineer,IT,140757,SENIOR,1766832015,72286 Vicki Forges,Nicholasberg,MN,50424,1976-11-29,49,0,TERMINATED
1766832377,Matthew,Holt,Matthew Holt,matthew.holt@company.com,company.com,2021-06-28,It Manager,IT,85369,SENIOR,1766831942,0764 Mackenzie Estates,Lake Kara,TN,34484,1993-11-11,32,4,ACTIVE
1766832363,Matthew,Miller,Matthew Miller,matthew.miller@company.com,company.com,2017-02-21,Analytics Manager,ANALYTICS,149360,SENIOR,,2034 Smith Ports,North Joshua,TN,61330,1988-01-06,37,8,ON LEAVE
1766831868,Matthew,Park,Matthew Park,matthew.park@company.com,company.com,2017-06-02,Sales Associate,SALES,69767,MID,1766831850,26705 Harris Station,South Bryanmouth,CA,77931,1985-09-20,40,8,ACTIVE
1766832614,Matthew,Roberts,Matthew Roberts,matthew.roberts@company.com,company.com,2024-08-10,Hr Manager,HR,145954,SENIOR,,22364 Kenneth Ramp,Torresberg,AZ,46236,1996-03-30,29,1,TERMINATED
1766832808,Matthew,Williams,Matthew Williams,matthew.williams@company.com,company.com,2016-07-18,It Manager,IT,85649,SENIOR,1766832536,93987 Billy Inlet,Anthonychester,NH,6448,2000-08-05,25,9,ON LEAVE
1766832773,Maurice,Sullivan,Maurice Sullivan,maurice.sullivan@company.com,company.com,2024-03-19,It Manager,IT,108999,SENIOR,1766832000,21509 Brandon Ramp,South Kyle,NM,66721,1976-10-31,49,1,ON LEAVE
1766831916,Mckenzie,Blackwell,Mckenzie Blackwell,mckenzie.blackwell@company.com,company.com,2023-11-01,Learning & Development Lead,HR,62377,MID,,85846 Lowe Shore Apt. 280,Andrewside,DE,9643,1994-09-12,31,2,ACTIVE
1766832792,Meagan,Waters,Meagan Waters,meagan.waters@company.com,company.com,2020-02-24,Sales Operations Analyst,SALES,148689,SENIOR,1766832438,7284 Mark Hill Suite 285,South Tracy,MN,17468,1997-02-05,28,5,ACTIVE
1766832507,Megan,Davis,Megan Davis,megan.davis@company.com,company.com,2018-01-25,It Support Specialist,IT,134258,SENIOR,,7819 Kimberly Turnpike,Maryside,MS,23093,1964-11-11,61,7,TERMINATED
1766832175,Megan,Lee,Megan Lee,megan.lee@company.com,company.com,2017-09-26,Learning & Development Lead,HR,63247,MID,1766831889,70974 Christopher Ports Suite 911,West Tammy,WI,4625,1979-01-24,46,8,TERMINATED
1766832648,Melanie,Gonzalez,Melanie Gonzalez,melanie.gonzalez@company.com,company.com,2019-02-06,Security Analyst,IT,118582,SENIOR,10143,80492 Eaton Islands,New Olivia,FL,90062,1973-08-28,52,6,TERMINATED
1766832652,Melanie,Schwartz,Melanie Schwartz,melanie.schwartz@company.com,company.com,2024-05-16,Sales Associate,SALES,81591,SENIOR,1766832571,240 Donald Fall Suite 268,Port Dominique,OK,81412,1960-06-09,65,1,ACTIVE
1766831984,Melanie,Woods,Melanie Woods,melanie.woods@company.com,company.com,2018-11-23,It Manager,IT,95224,SENIOR,1766831859,9325 Gonzalez Alley,Lake Jenny,KY,34100,1999-06-16,26,7,ACTIVE
1766832582,Melissa,Carney,Melissa Carney,melissa.carney@company.com,company.com,2018-11-23,Systems Administrator,IT,89744,SENIOR,1766832389,6328 Melissa Villages Apt. 571,Ramosfort,IL,4098,1978-06-05,47,7,TERMINATED
1766832238,Melissa,Costa,Melissa Costa,melissa.costa@company.com,company.com,2022-10-04,Hr Manager,HR,88689,SENIOR,,184 Martinez Roads Apt. 311,Christophermouth,ND,56970,1988-05-10,37,3,TERMINATED
1766832632,Melissa,Hamilton,Melissa Hamilton,melissa.hamilton@company.com,company.com,2021-12-30,Hr Manager,HR,105043,SENIOR,1766832166,080 Andrade Ports,Brownhaven,MD,11497,1980-06-07,45,3,ON LEAVE
1766832469,Melissa,Johnson,Melissa Johnson,melissa.johnson@company.com,company.com,2025-04-13,Data Analyst,ANALYTICS,123278,SENIOR,1766831892,08090 Vasquez Mount Suite 996,New Devinview,MT,97937,1987-09-18,38,0,ACTIVE
1766832331,Melissa,Nelson,Melissa Nelson,melissa.nelson@company.com,company.com,2023-11-14,Hr Assistant,HR,132975,SENIOR,1766832296,97037 Jeffrey Street,Harveychester,NH,60122,1980-12-23,45,2,ON LEAVE
1766832679,Melissa,Potter,Melissa Potter,melissa.potter@company.com,company.com,2017-11-12,Hr Assistant,HR,134642,SENIOR,1766831932,67661 Foster Ville,West Samantha,NJ,99630,1990-05-02,35,8,ACTIVE
1766832087,Melissa,Rogers,Melissa Rogers,melissa.rogers@company.com,company.com,2017-11-06,Business Development Representative,SALES,121930,SENIOR,1766831990,755 Henry Ways Suite 646,Grimesfort,AL,6354,1982-10-01,43,8,ACTIVE
1766832587,Melvin,Alvarez,Melvin Alvarez,melvin.alvarez@company.com,company.com,2020-09-13,Learning & Development Lead,HR,133139,SENIOR,1766832385,9469 Coleman Square,East Stephen,KS,40309,1984-12-07,41,5,TERMINATED
1766831889,Michael,Harris,Michael Harris,michael.harris@company.com,company.com,2025-03-05,Analytics Manager,ANALYTICS,85281,SENIOR,1766831818,125 Rogers Ridges Apt. 653,Tammymouth,MT,61816,2002-04-13,23,0,ACTIVE
1766831913,Michael,Johnson,Michael Johnson,michael.johnson@company.com,company.com,2018-03-31,Security Analyst,IT,146628,SENIOR,1766831895,068 Jordan Estate,Daughertychester,HI,64689,1995-09-29,30,7,ACTIVE
1766832205,Michael,Miller,Michael Miller,michael.miller@company.com,company.com,2022-06-06,Data Analyst,ANALYTICS,138166,SENIOR,,7596 Mark Path,Lake Larryfort,NV,14424,1996-03-23,29,3,ON LEAVE
1766832114,Michael,Schultz,Michael Schultz,michael.schultz@company.com,company.com,2021-02-10,Devops Engineer,IT,136488,SENIOR,1766831818,92548 Taylor Mill Apt. 131,Terrellshire,KY,88196,1985-10-06,40,4,ACTIVE
1766832505,Michael,Smith,Michael Smith,michael.smith@company.com,company.com,2022-10-08,Sales Manager,SALES,104872,SENIOR,1766832451,29012 Michelle Pines,Port Jeffrey,CO,76702,1961-01-11,64,3,ACTIVE
1766832497,Michael,Stevens,Michael Stevens,michael.stevens@company.com,company.com,2020-12-07,Talent Acquisition Specialist,HR,119823,SENIOR,1766832149,97130 Stevenson Road,West Keith,MH,33831,1973-01-20,52,5,ACTIVE
1766832584,Michael,Williams,Michael Williams,michael.williams@company.com,company.com,2016-04-12,Hr Assistant,HR,141718,SENIOR,1766831963,91534 Danielle Ville,West Cindy,PW,66468,1973-02-18,52,9,ON LEAVE
1766832141,Micheal,Hayes,Micheal Hayes,micheal.hayes@company.com,company.com,2025-12-18,Learning & Development Lead,HR,140563,SENIOR,11010,672 Barnes Key,West Andrew,NE,17340,1977-07-31,48,0,ON LEAVE
1766831860,Michele,Banks,Michele Banks,michele.banks@company.com,company.com,2019-01-02,Hr Assistant,HR,141014,SENIOR,1766831813,3662 William Rue Apt. 957,Stevenville,KY,82429,1977-06-06,48,6,ON LEAVE
1766832100,Michelle,Brooks,Michelle Brooks,michelle.brooks@company.com,company.com,2020-01-26,Product Analyst,ANALYTICS,96031,SENIOR,1766832079,0121 Jaime Alley Apt. 727,Mariamouth,SC,99794,1977-09-13,48,5,TERMINATED
1766832268,Michelle,Colon,Michelle Colon,michelle.colon@company.com,company.com,2022-07-07,Data Analyst,ANALYTICS,94961,SENIOR,,02895 Hill Prairie Apt. 388,East Marcus,LA,36994,1970-10-18,55,3,ON LEAVE
1766832621,Michelle,Farley,Michelle Farley,michelle.farley@company.com,company.com,2017-05-11,Account Executive,SALES,124368,SENIOR,1766832190,50066 Kathryn Trace,New Wendy,OR,37844,1989-12-21,36,8,ON LEAVE
1766831899,Michelle,Hill,Michelle Hill,michelle.hill@company.com,company.com,2021-11-01,Devops Engineer,IT,46334,JUNIOR,1766831891,71600 Merritt Inlet,South Sandra,IN,27646,1978-05-27,47,4,ACTIVE
1766832356,Michelle,Knapp,Michelle Knapp,michelle.knapp@company.com,company.com,2023-02-03,Analytics Manager,ANALYTICS,142344,SENIOR,1766832005,1374 Stone Knoll,Ronaldmouth,TN,56397,1973-04-16,52,2,ACTIVE
1766832271,Michelle,Meza,Michelle Meza,michelle.meza@company.com,company.com,2025-04-06,Devops Engineer,IT,58791,MID,1766832189,507 Rivera Harbors,New Felicia,VI,61526,1980-10-13,45,0,ON LEAVE
1766832335,Mitchell,Trevino,Mitchell Trevino,mitchell.trevino@company.com,company.com,2021-06-26,It Support Specialist,IT,106758,SENIOR,,1417 Brittany Gateway,Goodwinmouth,SC,6921,1980-08-10,45,4,ON LEAVE
1766831864,Molly,Lindsey,Molly Lindsey,molly.lindsey@company.com,company.com,2020-10-13,Devops Engineer,IT,86817,SENIOR,1766831860,1454 Garcia Walk Apt. 284,Amyborough,MS,3385,1972-07-13,53,5,ON LEAVE
1766832586,Molly,Mendez,Molly Mendez,molly.mendez@company.com,company.com,2021-05-05,Product Analyst,ANALYTICS,57305,MID,1766832438,3185 Mitchell Camp Apt. 198,Watsonview,MT,84115,1998-11-11,27,4,ACTIVE
1766832478,Molly,Sullivan,Molly Sullivan,molly.sullivan@company.com,company.com,2020-08-24,Hr Assistant,HR,65877,MID,1766832414,3311 Henson Lake Suite 038,Rogersville,FM,89798,1966-09-22,59,5,ACTIVE
1766832371,Monica,Mcmahon,Monica Mcmahon,monica.mcmahon@company.com,company.com,2016-01-28,Hr Manager,HR,128990,SENIOR,1766832158,058 Cheryl Ports,South Angelaberg,TN,79872,1986-06-25,39,9,ACTIVE
1766832201,Morgan,Frank,Morgan Frank,morgan.frank@company.com,company.com,2025-09-30,Account Executive,SALES,63728,MID,10059,585 Wilson Camp,Port Charles,PA,18999,2002-04-21,23,0,ACTIVE
1766832463,Nancy,Williams,Nancy Williams,nancy.williams@company.com,company.com,2022-01-13,Systems Administrator,IT,146524,SENIOR,1766832232,34344 Wilson Village Apt. 164,Brandonchester,TX,13195,1981-09-22,44,3,TERMINATED
1766832680,Natalie,Edwards,Natalie Edwards,natalie.edwards@company.com,company.com,2023-08-19,Product Analyst,ANALYTICS,116045,SENIOR,1766832545,215 Mark Ridge,Wagnerside,MT,55428,1970-03-01,55,2,ON LEAVE
1766832179,Natalie,Miller,Natalie Miller,natalie.miller@company.com,company.com,2022-03-19,It Support Specialist,IT,80691,SENIOR,1766831938,06166 Mcdonald Springs,Rosechester,AR,28741,2001-01-19,24,3,ON LEAVE
1766832206,Natalie,Rich,Natalie Rich,natalie.rich@company.com,company.com,2019-09-02,Product Analyst,ANALYTICS,140126,SENIOR,1766832052,6792 Brittney Falls Apt. 129,Muellerside,IL,40214,1972-09-07,53,6,TERMINATED
1766832655,Natalie,Stanley,Natalie Stanley,natalie.stanley@company.com,company.com,2020-02-24,Sales Operations Analyst,SALES,116245,SENIOR,1766832586,7766 Lewis Turnpike,Donnaside,TX,45482,2003-04-30,22,5,ACTIVE
1766831894,Natasha,Franco,Natasha Franco,natasha.franco@company.com,company.com,2020-08-05,Product Analyst,ANALYTICS,73435,MID,1766831815,395 Santana Stream Apt. 403,Duranville,TN,65165,1986-02-21,39,5,ACTIVE
1766832711,Natasha,King,Natasha King,natasha.king@company.com,company.com,2022-03-30,Hr Manager,HR,103115,SENIOR,1766832025,10740 Chelsea Trail Suite 451,Port Chelsea,MH,68417,1996-12-24,29,3,ACTIVE
1766832132,Natasha,Mccann,Natasha Mccann,natasha.mccann@company.com,company.com,2025-04-26,Talent Acquisition Specialist,HR,78648,MID,1766832004,2325 Smith Run,North Kentside,PW,27768,1962-09-21,63,0,ON LEAVE
1766831848,Natasha,Miller,Natasha Miller,natasha.miller@company.com,company.com,2023-05-26,Sales Associate,SALES,68264,MID,1766831813,6264 Mark Points,Maryview,AZ,96805,1992-08-08,33,2,ACTIVE
1766832744,Natasha,Roberts,Natasha Roberts,natasha.roberts@company.com,company.com,2019-06-29,Data Analyst,ANALYTICS,115897,SENIOR,1766832642,978 Gabriela Summit,Jacobston,DE,97549,1983-09-25,42,6,ACTIVE
1766831838,Nathan,Baker,Nathan Baker,nathan.baker@company.com,company.com,2025-08-26,Sales Associate,SALES,86051,SENIOR,1766831818,10966 Dunn Center Suite 295,Youngview,MO,73028,1972-05-17,53,0,ON LEAVE
1766832617,Nathan,Harmon,Nathan Harmon,nathan.harmon@company.com,company.com,2019-06-17,Analytics Manager,ANALYTICS,76626,MID,1766831920,337 Turner Locks Apt. 654,Andrewschester,ME,38586,1971-07-21,54,6,ACTIVE
1766832172,Nathan,Peck,Nathan Peck,nathan.peck@company.com,company.com,2020-05-08,Talent Acquisition Specialist,HR,111324,SENIOR,1766831874,88181 Burns Falls,North Thomas,CA,69446,1987-04-08,38,5,ACTIVE
1766832464,Nathan,Spencer,Nathan Spencer,nathan.spencer@company.com,company.com,2016-02-16,Learning & Development Lead,HR,103132,SENIOR,1766831932,577 Melanie Streets,East Williamhaven,IL,10515,1976-01-01,49,9,ON LEAVE
1766832275,Nathan,Wise,Nathan Wise,nathan.wise@company.com,company.com,2019-03-26,Account Executive,SALES,105258,SENIOR,1766832079,409 Rachael Drive Suite 667,Racheltown,AZ,91438,1997-10-03,28,6,ON LEAVE
1766832190,Nathaniel,Roberts,Nathaniel Roberts,nathaniel.roberts@company.com,company.com,2021-10-01,Sales Manager,SALES,121949,SENIOR,,00457 Ronald Rapid Suite 084,New Austinmouth,VA,55890,1983-04-25,42,4,ACTIVE
1766831917,Neil,Waters,Neil Waters,neil.waters@company.com,company.com,2023-01-31,Account Executive,SALES,139039,SENIOR,1766831875,52777 Joseph Mill Apt. 616,Caseyview,SC,52637,1969-10-24,56,2,TERMINATED
1766832332,Nicholas,Bradley,Nicholas Bradley,nicholas.bradley@company.com,company.com,2019-02-06,Security Analyst,IT,136499,SENIOR,,406 May Corners Apt. 266,Port Mollyside,MD,85076,1975-11-14,50,6,ON LEAVE
1766832285,Nicholas,Cooper,Nicholas Cooper,nicholas.cooper@company.com,company.com,2016-01-03,Sales Operations Analyst,SALES,78871,MID,1766832274,980 James Meadow Apt. 780,Lake Jeffreyshire,MA,26428,1990-09-19,35,9,ON LEAVE
1766832455,Nicholas,Thomas,Nicholas Thomas,nicholas.thomas@company.com,company.com,2018-05-22,Hr Manager,HR,93545,SENIOR,1766831973,223 Davis Extensions Suite 984,Marksmouth,NM,58958,1995-10-12,30,7,ACTIVE
1766832503,Nicholas,Wall,Nicholas Wall,nicholas.wall@company.com,company.com,2023-03-20,Security Analyst,IT,68241,MID,10791,273 Rodriguez Dam,Franciscoberg,VA,44630,1997-09-24,28,2,ACTIVE
1766832447,Nicole,Edwards,Nicole Edwards,nicole.edwards@company.com,company.com,2018-02-10,Data Engineer,ANALYTICS,95537,SENIOR,1766832342,0885 Laura Cliff,North Shellychester,PW,57816,1975-07-20,50,7,ON LEAVE
1766832642,Nicole,Paul,Nicole Paul,nicole.paul@company.com,company.com,2021-10-25,Hr Assistant,HR,105588,SENIOR,1766832549,666 Carr Isle Suite 801,Natalietown,AR,73286,1962-07-03,63,4,TERMINATED
1766832595,Nicole,Simmons,Nicole Simmons,nicole.simmons@company.com,company.com,2024-11-11,Systems Administrator,IT,42457,JUNIOR,1766832025,084 Dillon Ports,Dalestad,WV,20961,1981-12-15,44,1,ON LEAVE
1766831891,Nicole,Vaughn,Nicole Vaughn,nicole.vaughn@company.com,company.com,2016-04-18,Sales Manager,SALES,123740,SENIOR,1766831831,71062 Snyder Extensions Apt. 507,Matthewton,IL,61211,1965-12-06,60,9,ACTIVE
1766831922,Nina,Nichols,Nina Nichols,nina.nichols@company.com,company.com,2019-03-17,Learning & Development Lead,HR,123250,SENIOR,1766831835,1013 Beck Pines,Port Sara,VA,13772,2000-03-12,25,6,ON LEAVE
1766832326,Nina,Parker,Nina Parker,nina.parker@company.com,company.com,2020-05-21,Learning & Development Lead,HR,98237,SENIOR,1766832042,3229 Catherine Lodge,Wolfhaven,LA,95545,1965-05-02,60,5,TERMINATED
1766832504,Olivia,Peterson,Olivia Peterson,olivia.peterson@company.com,company.com,2016-12-28,It Support Specialist,IT,106317,SENIOR,1766832134,01788 Kristin Bypass Suite 253,Port James,NE,4974,1991-07-23,34,8,TERMINATED
1766832112,Pamela,Anderson,Pamela Anderson,pamela.anderson@company.com,company.com,2023-01-12,Sales Associate,SALES,124624,SENIOR,1766832092,10021 Vicki Ville Apt. 863,Hancockbury,PW,72680,2000-12-15,25,2,ON LEAVE
1766832007,Pamela,Ayala,Pamela Ayala,pamela.ayala@company.com,company.com,2022-06-15,Devops Engineer,IT,48405,JUNIOR,1766831988,34135 Samantha Groves Suite 430,Andersonport,DC,49913,2001-01-21,24,3,ON LEAVE
1766832564,Patricia,Hill,Patricia Hill,patricia.hill@company.com,company.com,2025-09-01,Business Intelligence Analyst,ANALYTICS,100850,SENIOR,1766832079,62507 James Port Apt. 058,Michaelberg,MT,90668,1973-04-12,52,0,ACTIVE
1766831947,Patricia,Kramer,Patricia Kramer,patricia.kramer@company.com,company.com,2018-06-06,It Support Specialist,IT,149148,SENIOR,1766831903,908 Graham Haven,Walshshire,RI,47003,1981-06-25,44,7,ACTIVE
1766832242,Patricia,Rios,Patricia Rios,patricia.rios@company.com,company.com,2019-11-04,Security Analyst,IT,60495,MID,1766832117,643 Roach Neck Suite 091,Raymondburgh,PR,65881,1980-05-27,45,6,ON LEAVE
1766832472,Patricia,Russell,Patricia Russell,patricia.russell@company.com,company.com,2016-03-24,Systems Administrator,IT,81386,SENIOR,1766832203,707 Smith Way,Smithport,NH,12768,1987-05-21,38,9,TERMINATED
1766832322,Patrick,Avila,Patrick Avila,patrick.avila@company.com,company.com,2023-04-20,Talent Acquisition Specialist,HR,58383,MID,1766831860,1464 Taylor Passage,Obrienshire,LA,85925,1993-09-30,32,2,TERMINATED
1766832801,Patrick,Baker,Patrick Baker,patrick.baker@company.com,company.com,2018-02-13,Hr Generalist,HR,149549,SENIOR,1766831963,297 Michele Well Apt. 753,East Davidland,AK,99476,1974-02-15,51,7,TERMINATED
1766832454,Patrick,George,Patrick George,patrick.george@company.com,company.com,2024-05-25,It Support Specialist,IT,80739,SENIOR,1766832085,8663 Livingston Highway Apt. 415,Millerhaven,VI,8061,1995-09-09,30,1,ACTIVE
1766832046,Patrick,Nash,Patrick Nash,patrick.nash@company.com,company.com,2024-01-12,Hr Manager,HR,146847,SENIOR,1766831968,3059 Elizabeth Place Suite 057,Lake Lori,GA,33682,1965-06-02,60,1,ACTIVE
1766832372,Patrick,Perkins,Patrick Perkins,patrick.perkins@company.com,company.com,2018-11-22,Data Analyst,ANALYTICS,125967,SENIOR,,9363 Jackson Causeway,Jamesborough,PW,19872,2001-02-22,24,7,TERMINATED
1766832763,Patrick,Zimmerman,Patrick Zimmerman,patrick.zimmerman@company.com,company.com,2018-08-21,Data Analyst,ANALYTICS,51594,MID,10935,947 Jamie Springs Suite 291,Joneschester,GU,90420,1989-11-08,36,7,ACTIVE
1766832057,Paul,Berger,Paul Berger,paul.berger@company.com,company.com,2017-05-07,Sales Operations Analyst,SALES,85899,SENIOR,1766831913,99525 Isaac Burgs,East Kyle,IN,33426,1978-06-22,47,8,ACTIVE
1766831914,Paul,Klein,Paul Klein,paul.klein@company.com,company.com,2019-05-06,Learning & Development Lead,HR,129480,SENIOR,1766831860,827 Hobbs Run,Lake Michelletown,CA,57616,1982-12-11,43,6,ACTIVE
1766832024,Pedro,Sexton,Pedro Sexton,pedro.sexton@company.com,company.com,2019-07-04,Hr Manager,HR,73956,MID,,260 Matthew Spurs Apt. 504,South Jimmyview,NM,34763,1986-07-04,39,6,ACTIVE
1766832554,Peter,Waller,Peter Waller,peter.waller@company.com,company.com,2020-09-21,Hr Manager,HR,89521,SENIOR,1766832381,18583 Rachel Falls Suite 611,Lake Trevorshire,PR,59674,1993-07-30,32,5,ON LEAVE
1766832482,Philip,Farmer,Philip Farmer,philip.farmer@company.com,company.com,2025-01-30,Product Analyst,ANALYTICS,56849,MID,11686,1471 Victoria Drives Suite 089,North Stephaniehaven,AZ,70781,1962-02-08,63,0,ACTIVE
1766832108,Phillip,Middleton,Phillip Middleton,phillip.middleton@company.com,company.com,2023-08-14,Sales Manager,SALES,109860,SENIOR,1766832017,876 Hess Corners,Gregorybury,ND,21276,1970-07-07,55,2,ACTIVE
1766832615,Rachel,Crawford,Rachel Crawford,rachel.crawford@company.com,company.com,2025-10-27,Devops Engineer,IT,43025,JUNIOR,1766832190,7788 Gonzalez Club,Smithland,OK,5265,1998-06-21,27,0,TERMINATED
1766832105,Rachel,Houston,Rachel Houston,rachel.houston@company.com,company.com,2022-06-24,It Manager,IT,88608,SENIOR,1766832020,540 Andrew Station Suite 915,North Kenneth,HI,95000,1964-11-13,61,3,TERMINATED
1766831953,Rachel,Jones,Rachel Jones,rachel.jones@company.com,company.com,2020-04-03,Systems Administrator,IT,140771,SENIOR,1766831864,7653 Megan Tunnel,Carterview,GA,18985,1972-01-11,53,5,ACTIVE
1766831833,Rachel,Keith,Rachel Keith,rachel.keith@company.com,company.com,2021-10-22,Business Intelligence Analyst,ANALYTICS,131448,SENIOR,1766831818,2408 Angel Lane,Wilkinsonbury,OH,64628,1974-02-25,51,4,ACTIVE
1766832241,Rachel,Smith,Rachel Smith,rachel.smith@company.com,company.com,2016-01-17,Sales Associate,SALES,47331,JUNIOR,1766832084,4084 Johnson Land,Suttonchester,OH,10530,1989-07-19,36,9,ACTIVE
1766832186,Rachel,Waters,Rachel Waters,rachel.waters@company.com,company.com,2016-01-28,It Support Specialist,IT,125596,SENIOR,,1716 Clayton Union,North Ryanborough,IN,53165,1983-06-23,42,9,TERMINATED
1766832486,Rachel,Yang,Rachel Yang,rachel.yang@company.com,company.com,2016-05-31,Systems Administrator,IT,46422,JUNIOR,1766831874,89801 Joshua Cliffs,South Judithview,SD,94607,1964-11-20,61,9,ON LEAVE
1766832029,Ralph,Jordan,Ralph Jordan,ralph.jordan@company.com,company.com,2024-05-27,Talent Acquisition Specialist,HR,92393,SENIOR,1766831818,9341 Vanessa Place Apt. 362,Jackchester,DC,25068,1971-03-13,54,1,ACTIVE
1766832771,Ralph,Vazquez,Ralph Vazquez,ralph.vazquez@company.com,company.com,2016-10-27,Learning & Development Lead,HR,112300,SENIOR,1766831921,69625 Joyce Field,Ellisontown,NJ,83533,1991-09-13,34,9,ACTIVE
1766832144,Randy,Brown,Randy Brown,randy.brown@company.com,company.com,2023-10-23,Sales Associate,SALES,149252,SENIOR,1766831851,984 Justin Course Suite 696,South Nicoleburgh,IN,74167,1988-12-01,37,2,ACTIVE
1766831866,Ray,Weaver,Ray Weaver,ray.weaver@company.com,company.com,2020-06-07,Analytics Manager,ANALYTICS,43327,JUNIOR,,198 Koch Squares Apt. 701,West Dianafort,FL,91796,2003-02-28,22,5,ACTIVE
1766832745,Raymond,Beck,Raymond Beck,raymond.beck@company.com,company.com,2017-04-27,Security Analyst,IT,134975,SENIOR,1766831851,593 Brown Heights,Sandraton,WA,82288,1998-06-24,27,8,ACTIVE
1766831972,Rebecca,Anderson,Rebecca Anderson,rebecca.anderson@company.com,company.com,2023-09-01,Hr Manager,HR,59995,MID,1766831946,99658 Michael Falls Apt. 510,Scottbury,AK,10205,1993-12-29,31,2,ACTIVE
1766831949,Rebecca,Manning,Rebecca Manning,rebecca.manning@company.com,company.com,2024-04-16,Hr Assistant,HR,87387,SENIOR,1766831872,10099 Hicks Mills,Brandonhaven,MS,25104,1963-05-24,62,1,ACTIVE
1766832245,Rebecca,Patterson,Rebecca Patterson,rebecca.patterson@company.com,company.com,2019-05-19,Hr Generalist,HR,65081,MID,,34538 Lee Courts,North Maureenstad,MH,17958,1999-11-09,26,6,ACTIVE
1766832002,Rebecca,Robinson,Rebecca Robinson,rebecca.robinson@company.com,company.com,2024-01-22,It Manager,IT,141421,SENIOR,1766831955,1885 Conway Overpass Suite 957,West Davidshire,KS,75578,2003-05-17,22,1,TERMINATED
1766832616,Rebecca,Turner,Rebecca Turner,rebecca.turner@company.com,company.com,2018-06-28,Systems Administrator,IT,99098,SENIOR,1766832586,95703 Robert Plaza Apt. 977,West Brittneystad,VI,71414,1967-11-10,58,7,ACTIVE
1766831996,Rebekah,Smith,Rebekah Smith,rebekah.smith@company.com,company.com,2024-03-27,Product Analyst,ANALYTICS,123483,SENIOR,1766831908,58175 Ariana Rest,Christianstad,OR,19080,1981-08-11,44,1,ON LEAVE
1766832574,Regina,Crane,Regina Crane,regina.crane@company.com,company.com,2024-05-12,Learning & Development Lead,HR,78187,MID,,78620 Pratt Terrace Apt. 254,North Robinstad,VA,71592,1977-03-30,48,1,TERMINATED
1766831882,Renee,Johnson,Renee Johnson,renee.johnson@company.com,company.com,2017-11-06,Hr Generalist,HR,137487,SENIOR,1766831857,66887 Elizabeth Forks,Gomezstad,NM,6093,1972-05-29,53,8,ON LEAVE
1766832347,Rhonda,Acosta,Rhonda Acosta,rhonda.acosta@company.com,company.com,2019-09-03,Learning & Development Lead,HR,83202,SENIOR,,219 Megan Isle,North Cody,FM,80165,1999-05-30,26,6,ON LEAVE
1766832673,Richard,Bryant,Richard Bryant,richard.bryant@company.com,company.com,2020-10-06,Product Analyst,ANALYTICS,77916,MID,1766831847,09406 Jesus Port Apt. 149,Kirbyborough,VA,2452,2002-04-19,23,5,ACTIVE
1766832696,Richard,Hoffman,Richard Hoffman,richard.hoffman@company.com,company.com,2018-10-16,Hr Assistant,HR,116845,SENIOR,1766832235,8037 Butler Mission Apt. 277,Simmonsport,VI,21587,2000-12-08,25,7,ON LEAVE
1766832769,Richard,Holder,Richard Holder,richard.holder@company.com,company.com,2023-07-29,Data Analyst,ANALYTICS,91726,SENIOR,,23029 Brian Fords,Elizabethberg,WV,99415,1965-02-18,60,2,ACTIVE
1766831939,Richard,Rowland,Richard Rowland,richard.rowland@company.com,company.com,2020-06-22,Product Analyst,ANALYTICS,90706,SENIOR,,3001 Jennifer Mall,East Jeff,HI,95011,1996-09-22,29,5,TERMINATED
1766832610,Richard,Tran,Richard Tran,richard.tran@company.com,company.com,2022-08-16,Sales Operations Analyst,SALES,114915,SENIOR,1766831913,9625 Teresa Parks Apt. 986,Lake Sergioview,AZ,97485,1980-04-06,45,3,TERMINATED
1766832492,Richard,Velasquez,Richard Velasquez,richard.velasquez@company.com,company.com,2017-04-09,Systems Administrator,IT,74655,MID,1766832022,692 Eric Mission,Allenchester,DC,55122,2001-03-06,24,8,ON LEAVE
1766832493,Richard,Williams,Richard Williams,richard.williams@company.com,company.com,2019-12-27,Sales Associate,SALES,82502,SENIOR,1766832026,87174 Danielle Throughway,West Charles,IA,1138,1961-03-22,64,6,ACTIVE
1766832658,Rick,Garcia,Rick Garcia,rick.garcia@company.com,company.com,2020-05-24,Data Engineer,ANALYTICS,149722,SENIOR,1766832200,62090 Zachary Point,South David,AL,85489,1977-11-13,48,5,TERMINATED
1766831997,Ricky,Harrison,Ricky Harrison,ricky.harrison@company.com,company.com,2019-09-12,It Support Specialist,IT,147054,SENIOR,1766831908,27961 Carpenter Plaza Suite 970,Lake Tammyton,OH,19829,1964-02-18,61,6,ACTIVE
1766831925,Ricky,Reyes,Ricky Reyes,ricky.reyes@company.com,company.com,2020-02-21,Sales Associate,SALES,80958,SENIOR,1766831895,7224 Roberts Mountain,New Alyssa,OH,83510,1977-01-01,48,5,ON LEAVE
1766832593,Robert,Alexander,Robert Alexander,robert.alexander@company.com,company.com,2022-03-29,It Manager,IT,113861,SENIOR,1766832125,3458 Tucker Coves Apt. 128,Erikton,MH,2876,1985-11-19,40,3,TERMINATED
1766832754,Robert,Brown,Robert Brown,robert.brown@company.com,company.com,2021-11-13,It Support Specialist,IT,134005,SENIOR,1766831859,524 Mccarty Greens Apt. 899,Marshallstad,KY,68453,1972-04-22,53,4,TERMINATED
1766832280,Robert,Carlson,Robert Carlson,robert.carlson@company.com,company.com,2017-03-25,It Manager,IT,67566,MID,,36710 Blackburn Cliffs Apt. 003,West Lori,KY,81273,1973-03-16,52,8,ACTIVE
1766832666,Robert,Chandler,Robert Chandler,robert.chandler@company.com,company.com,2021-08-02,Security Analyst,IT,48378,JUNIOR,,2126 Woods Knoll,New Valerie,SD,26665,1991-05-24,34,4,ACTIVE
1766832803,Robert,Grant,Robert Grant,robert.grant@company.com,company.com,2018-01-29,Sales Operations Analyst,SALES,101417,SENIOR,,700 Herrera Rest Suite 362,Port Bobbyshire,IN,69999,1965-05-25,60,7,ON LEAVE
1766832226,Robert,Hernandez,Robert Hernandez,robert.hernandez@company.com,company.com,2022-04-10,Product Analyst,ANALYTICS,119774,SENIOR,1766831875,85150 Angela Pine,Port Sabrinahaven,TN,4460,2000-08-15,25,3,TERMINATED
1766831993,Robert,Jackson,Robert Jackson,robert.jackson@company.com,company.com,2021-01-26,Sales Manager,SALES,44809,JUNIOR,1766831855,97945 Debra Isle Apt. 017,Hansonfort,NH,4217,1983-06-04,42,4,ON LEAVE
1766832721,Robert,Mason,Robert Mason,robert.mason@company.com,company.com,2016-06-20,It Support Specialist,IT,122710,SENIOR,1766832445,8175 Rachel Estate Suite 594,Hartside,WA,90796,1986-04-27,39,9,ACTIVE
1766832634,Robert,Mcintyre,Robert Mcintyre,robert.mcintyre@company.com,company.com,2023-06-23,It Support Specialist,IT,112840,SENIOR,,982 Jeffery Bridge Suite 193,Lake Colleenstad,NH,62416,1998-12-25,27,2,ON LEAVE
1766832254,Robert,Monroe,Robert Monroe,robert.monroe@company.com,company.com,2025-12-26,Analytics Manager,ANALYTICS,145282,SENIOR,10668,749 David Plains,Lloydhaven,CO,99625,1965-08-06,60,0,ACTIVE
1766832444,Robert,Moreno,Robert Moreno,robert.moreno@company.com,company.com,2018-05-01,Hr Assistant,HR,83998,SENIOR,1766832022,09210 Wells Passage Apt. 716,West Paulfort,ID,13210,1997-04-21,28,7,ACTIVE
1766832330,Robert,Wells,Robert Wells,robert.wells@company.com,company.com,2023-10-06,It Support Specialist,IT,60430,MID,1766831942,58384 Reginald Fort Apt. 347,East Theresastad,NM,8687,1984-10-22,41,2,TERMINATED
1766831878,Robert,Wilson,Robert Wilson,robert.wilson@company.com,company.com,2019-11-09,Hr Generalist,HR,70762,MID,1766831820,81497 David Fields Apt. 674,Evansland,VI,25638,1994-11-12,31,6,TERMINATED
1766832590,Roger,Torres,Roger Torres,roger.torres@company.com,company.com,2025-10-02,Data Analyst,ANALYTICS,54848,MID,,228 Karen Terrace,North Stephanietown,ND,8343,1972-05-26,53,0,ON LEAVE
1766832474,Ronald,Bell,Ronald Bell,ronald.bell@company.com,company.com,2018-09-30,Sales Operations Analyst,SALES,49907,JUNIOR,1766832274,746 Justin Island Suite 056,Tonyahaven,NV,32083,1960-11-20,65,7,ACTIVE
1766832005,Ronald,Kaiser,Ronald Kaiser,ronald.kaiser@company.com,company.com,2025-05-03,It Manager,IT,91004,SENIOR,,929 Paul Divide Suite 432,Odonnellshire,AR,65371,1987-09-17,38,0,TERMINATED
1766832283,Ronald,Lyons,Ronald Lyons,ronald.lyons@company.com,company.com,2019-03-11,It Support Specialist,IT,73520,MID,1766832236,809 Smith Prairie Apt. 011,Tonyburgh,WA,87299,1978-10-17,47,6,ON LEAVE
1766832626,Ronald,Roman,Ronald Roman,ronald.roman@company.com,company.com,2017-07-14,Systems Administrator,IT,139496,SENIOR,1766832421,04955 Davis Crossroad Apt. 865,Port Andrewberg,CA,74046,1985-07-06,40,8,ON LEAVE
1766832749,Rose,Davis,Rose Davis,rose.davis@company.com,company.com,2016-11-20,It Manager,IT,104833,SENIOR,1766832727,24446 Smith Summit Apt. 053,Suttonside,KS,55555,1987-12-04,38,9,ACTIVE
1766832385,Ross,Rowland,Ross Rowland,ross.rowland@company.com,company.com,2023-06-13,Analytics Manager,ANALYTICS,108758,SENIOR,11036,381 Bailey Tunnel Apt. 119,New Aaron,AZ,1804,1994-06-28,31,2,ACTIVE
1766832405,Russell,Molina,Russell Molina,russell.molina@company.com,company.com,2022-07-20,Data Engineer,ANALYTICS,89640,SENIOR,1766831998,03952 Patrick Heights Apt. 141,Franklinview,NY,71523,1962-07-26,63,3,TERMINATED
1766832552,Ryan,Brown,Ryan Brown,ryan.brown@company.com,company.com,2019-12-04,Sales Operations Analyst,SALES,69145,MID,1766832423,65211 Amanda Light Suite 881,Andersonfurt,MI,27270,1992-10-27,33,6,TERMINATED
1766832209,Ryan,Curry,Ryan Curry,ryan.curry@company.com,company.com,2018-05-09,It Support Specialist,IT,54139,MID,1766832058,1096 Henderson Cape,New Laura,VA,97581,1964-01-06,61,7,TERMINATED
1766832596,Ryan,Hughes,Ryan Hughes,ryan.hughes@company.com,company.com,2017-01-14,Data Analyst,ANALYTICS,106044,SENIOR,1766832479,656 Williams Well Suite 277,Lake Andre,PW,41705,1965-08-19,60,8,TERMINATED
1766831902,Ryan,Sanchez,Ryan Sanchez,ryan.sanchez@company.com,company.com,2025-08-28,It Support Specialist,IT,123694,SENIOR,1766831876,11088 Jessica Shore Apt. 870,Lake Davidborough,AL,39070,1993-11-19,32,0,ACTIVE
1766832099,Ryan,Vasquez,Ryan Vasquez,ryan.vasquez@company.com,company.com,2021-09-16,Devops Engineer,IT,116362,SENIOR,1766832022,008 Mark Green Suite 190,New Jose,IA,76745,1986-11-07,39,4,TERMINATED
1766832572,Sabrina,Dodson,Sabrina Dodson,sabrina.dodson@company.com,company.com,2017-05-29,Data Engineer,ANALYTICS,74475,MID,1766832540,4534 Brown Mission,Matthewside,TX,16687,1960-05-06,65,8,TERMINATED
1766832049,Sabrina,Simpson,Sabrina Simpson,sabrina.simpson@company.com,company.com,2020-06-26,Business Development Representative,SALES,120135,SENIOR,1766832024,6016 Sanchez Circles,West Jose,FL,40748,1961-06-29,64,5,ON LEAVE
1766832603,Sally,Phillips,Sally Phillips,sally.phillips@company.com,company.com,2016-11-26,Learning & Development Lead,HR,63295,MID,1766832189,95473 Danny Crest Suite 227,Josephside,NH,94155,1976-03-05,49,9,ACTIVE
1766832748,Samantha,Bailey,Samantha Bailey,samantha.bailey@company.com,company.com,2021-03-23,It Support Specialist,IT,126915,SENIOR,1766832545,28649 Jordan Lodge Apt. 998,East Brian,PA,10787,1965-10-28,60,4,TERMINATED
1766832143,Samantha,Jensen,Samantha Jensen,samantha.jensen@company.com,company.com,2016-11-15,Hr Manager,HR,130834,SENIOR,1766831847,01779 Michael Rapid Suite 307,Jonesview,MP,1363,2003-03-15,22,9,ACTIVE
1766832627,Samantha,Robinson,Samantha Robinson,samantha.robinson@company.com,company.com,2019-09-03,Business Intelligence Analyst,ANALYTICS,91898,SENIOR,1766832414,68885 Megan Villages Apt. 784,Port Marthaland,OH,73324,1979-06-01,46,6,ACTIVE
1766832589,Samuel,Watson,Samuel Watson,samuel.watson@company.com,company.com,2017-03-05,Account Executive,SALES,58494,MID,1766832116,577 Elizabeth Square Suite 315,South Michaelshire,GA,70674,1978-10-14,47,8,ON LEAVE
1766832777,Sandra,Frye,Sandra Frye,sandra.frye@company.com,company.com,2018-06-18,Hr Manager,HR,134347,SENIOR,,04076 James Branch,North Jennifer,UT,51527,1980-11-27,45,7,ACTIVE
1766832813,Sandra,Martin,Sandra Martin,sandra.martin@company.com,company.com,2018-02-15,Hr Generalist,HR,137288,SENIOR,1766832793,75077 Rebecca Forge Suite 441,Kimberlyport,DC,28903,1966-07-12,59,7,ACTIVE
1766832699,Sara,Cole,Sara Cole,sara.cole@company.com,company.com,2024-04-09,Devops Engineer,IT,122610,SENIOR,1766832058,338 Kelly Drive,New Timothy,NV,10292,1978-07-23,47,1,TERMINATED
1766832258,Sara,Soto,Sara Soto,sara.soto@company.com,company.com,2020-01-10,Systems Administrator,IT,138415,SENIOR,,126 Laura Spurs Apt. 435,Lake James,AL,30034,1960-11-17,65,5,ON LEAVE
1766832079,Sarah,Jackson,Sarah Jackson,sarah.jackson@company.com,company.com,2017-12-20,Hr Manager,HR,81660,SENIOR,1766831988,27378 Anderson Motorway,Michaelland,CO,89064,1979-05-25,46,8,ACTIVE
1766832071,Sarah,Lopez,Sarah Lopez,sarah.lopez@company.com,company.com,2023-06-24,It Support Specialist,IT,81070,SENIOR,1766832024,384 Paul Forks,Lake Sheila,DC,12294,1983-03-30,42,2,ACTIVE
1766832688,Sarah,Myers,Sarah Myers,sarah.myers@company.com,company.com,2021-07-05,Sales Operations Analyst,SALES,48530,JUNIOR,1766832593,9242 Roy Plain,Alexandraville,OH,62470,1992-03-27,33,4,ON LEAVE
1766832171,Sarah,Taylor,Sarah Taylor,sarah.taylor@company.com,company.com,2021-02-16,Sales Manager,SALES,46505,JUNIOR,1766832084,14302 James Islands Apt. 040,North Matthewfurt,ME,15190,1996-08-18,29,4,ACTIVE
1766832662,Sarah,Thomas,Sarah Thomas,sarah.thomas@company.com,company.com,2018-02-22,Sales Operations Analyst,SALES,141666,SENIOR,1766832203,81932 Thomas Flats Suite 804,Jennachester,AR,27190,1964-08-20,61,7,TERMINATED
1766832683,Sarah,Turner,Sarah Turner,sarah.turner@company.com,company.com,2016-07-08,Devops Engineer,IT,110443,SENIOR,1766832145,730 Wu Trail Apt. 707,Lake Brianside,CO,30442,1963-08-19,62,9,TERMINATED
1766832058,Sarah,White,Sarah White,sarah.white@company.com,company.com,2019-05-12,Analytics Manager,ANALYTICS,86616,SENIOR,1766831847,30145 Tara Tunnel,North Alejandroport,DE,9930,1995-05-26,30,6,ACTIVE
1766832295,Savannah,Soto,Savannah Soto,savannah.soto@company.com,company.com,2023-01-12,Account Executive,SALES,130084,SENIOR,1766831826,688 Parks Manors Suite 392,West Robyn,UT,96694,1994-03-29,31,2,ACTIVE
1766832364,Scott,Booker,Scott Booker,scott.booker@company.com,company.com,2020-06-19,Analytics Manager,ANALYTICS,44100,JUNIOR,1766831977,85710 White Pike,Rhondafurt,SC,23968,1963-04-06,62,5,ON LEAVE
1766831876,Scott,Gutierrez,Scott Gutierrez,scott.gutierrez@company.com,company.com,2018-02-07,Product Analyst,ANALYTICS,43977,JUNIOR,1766831855,0831 Emily Center Apt. 170,Port Donna,PR,66247,1980-05-01,45,7,ON LEAVE
1766832451,Scott,Mccarthy,Scott Mccarthy,scott.mccarthy@company.com,company.com,2017-02-28,Hr Generalist,HR,90632,SENIOR,1766832064,4130 Tyler Village,East Timothy,MH,65181,1974-01-20,51,8,TERMINATED
1766832350,Scott,Pope,Scott Pope,scott.pope@company.com,company.com,2021-07-16,Hr Assistant,HR,95324,SENIOR,1766831949,7184 Andersen Gardens,East Hector,IN,19689,1961-04-21,64,4,ON LEAVE
1766832026,Sean,Jefferson,Sean Jefferson,sean.jefferson@company.com,company.com,2025-03-30,Data Engineer,ANALYTICS,103304,SENIOR,1766831870,467 Gonzalez Hills,Guerrerochester,NY,15582,1996-07-24,29,0,TERMINATED
1766831829,Seth,Le,Seth Le,seth.le@company.com,company.com,2019-05-18,Sales Associate,SALES,89014,SENIOR,1766831818,5644 Heather Glens Suite 879,Danielsstad,NJ,59753,1964-10-11,61,6,ACTIVE
1766832547,Shannon,Gibson,Shannon Gibson,shannon.gibson@company.com,company.com,2017-05-07,It Support Specialist,IT,142297,SENIOR,1766832134,703 James Village,New Janet,NM,50045,1976-08-10,49,8,ON LEAVE
1766831938,Shannon,Harris,Shannon Harris,shannon.harris@company.com,company.com,2018-05-05,Sales Associate,SALES,107454,SENIOR,1766831921,05309 Frost Station Suite 552,Port Melissaville,MO,14938,1979-07-12,46,7,ACTIVE
1766832443,Shannon,Mitchell,Shannon Mitchell,shannon.mitchell@company.com,company.com,2025-11-20,Data Analyst,ANALYTICS,102018,SENIOR,1766832091,403 Erika Motorway,East Daniel,AR,46384,1971-08-21,54,0,ACTIVE
1766832557,Shannon,Serrano,Shannon Serrano,shannon.serrano@company.com,company.com,2020-06-19,Hr Generalist,HR,87937,SENIOR,,9828 Pratt Points Apt. 639,North Amandaview,OR,54106,1997-02-05,28,5,ON LEAVE
1766832294,Shannon,Thornton,Shannon Thornton,shannon.thornton@company.com,company.com,2023-04-07,Sales Operations Analyst,SALES,86484,SENIOR,1766832200,2138 Gonzalez Flat,East Toddland,ND,92909,1970-06-28,55,2,ACTIVE
1766832487,Sharon,Knox,Sharon Knox,sharon.knox@company.com,company.com,2017-12-17,Learning & Development Lead,HR,47879,JUNIOR,,82588 Caitlin Inlet,Martinmouth,GU,39974,1983-01-28,42,8,ACTIVE
1766831847,Shaun,Ferrell,Shaun Ferrell,shaun.ferrell@company.com,company.com,2024-08-10,Systems Administrator,IT,97210,SENIOR,1766831805,8398 Espinoza Pike,Port Thomas,NC,96393,1994-06-16,31,1,ACTIVE
1766832054,Shawn,Knapp,Shawn Knapp,shawn.knapp@company.com,company.com,2025-03-22,Data Analyst,ANALYTICS,70527,MID,,810 Lewis Fords Suite 268,Robinview,MO,48341,1984-08-27,41,0,ON LEAVE
1766831966,Shawn,Watkins,Shawn Watkins,shawn.watkins@company.com,company.com,2017-06-11,Business Development Representative,SALES,76099,MID,1766831903,6478 Nicole Canyon Apt. 235,Perezmouth,WY,51470,1971-11-24,54,8,ACTIVE
1766832020,Sheila,Austin,Sheila Austin,sheila.austin@company.com,company.com,2016-04-14,Hr Manager,HR,49076,JUNIOR,,7734 Debbie Junction,Mistyport,NE,28467,1967-02-04,58,9,TERMINATED
1766832338,Sheila,Thompson,Sheila Thompson,sheila.thompson@company.com,company.com,2019-09-30,Business Development Representative,SALES,126887,SENIOR,1766832064,03568 Michael Plains Suite 120,East Dana,CA,45081,1988-06-12,37,6,ON LEAVE
1766832489,Shelby,Hunter,Shelby Hunter,shelby.hunter@company.com,company.com,2021-10-18,Data Engineer,ANALYTICS,65666,MID,1766832212,792 Kathleen Lights Suite 660,Lake Megan,MO,77260,1981-12-13,44,4,ON LEAVE
1766832300,Shelley,Hubbard,Shelley Hubbard,shelley.hubbard@company.com,company.com,2020-07-09,Hr Manager,HR,89962,SENIOR,1766832042,008 Joshua Key Suite 680,Brandonhaven,NY,72718,1988-03-08,37,5,ON LEAVE
1766832094,Shelly,Ford,Shelly Ford,shelly.ford@company.com,company.com,2024-11-24,Account Executive,SALES,88455,SENIOR,1766831942,5112 Todd Burg Suite 770,West Lisachester,ID,33040,2003-06-17,22,1,ON LEAVE
1766831992,Shelly,Koch,Shelly Koch,shelly.koch@company.com,company.com,2021-10-02,Hr Manager,HR,135205,SENIOR,1766831880,06897 Huber Throughway Apt. 059,North Tonyhaven,UT,62201,1987-08-10,38,4,ACTIVE
1766831817,Shelly,Patterson,Shelly Patterson,shelly.patterson@company.com,company.com,2023-03-17,Business Intelligence Analyst,ANALYTICS,45239,JUNIOR,1766831806,04608 Walker Key Suite 969,West Eric,TX,35013,1989-04-27,36,2,ACTIVE
1766832095,Shelly,Rivera,Shelly Rivera,shelly.rivera@company.com,company.com,2024-06-07,Learning & Development Lead,HR,112400,SENIOR,11938,2593 Robert Prairie Apt. 217,New Danielland,MH,81521,1986-07-30,39,1,ACTIVE
1766831887,Sherry,Cannon,Sherry Cannon,sherry.cannon@company.com,company.com,2018-09-07,Hr Assistant,HR,107692,SENIOR,1766831866,406 Harrell Turnpike Suite 010,New Christopherhaven,ID,50809,1981-03-02,44,7,ACTIVE
1766831946,Sherry,Garcia,Sherry Garcia,sherry.garcia@company.com,company.com,2025-10-13,Sales Manager,SALES,132607,SENIOR,1766831835,873 Castaneda Crossing,North Danielport,FM,88139,1961-04-01,64,0,ACTIVE
1766832428,Sherry,Grant,Sherry Grant,sherry.grant@company.com,company.com,2018-10-14,Account Executive,SALES,73210,MID,1766832377,87746 Davis Hollow Apt. 210,North Mary,WY,23448,1997-06-14,28,7,ACTIVE
1766832532,Sherry,Howard,Sherry Howard,sherry.howard@company.com,company.com,2017-02-06,Hr Manager,HR,85530,SENIOR,1766832407,58084 Christopher Passage Apt. 802,New Ellen,AL,81424,1974-07-21,51,8,ON LEAVE
1766832159,Sherry,Stewart,Sherry Stewart,sherry.stewart@company.com,company.com,2020-06-25,Analytics Manager,ANALYTICS,132562,SENIOR,1766831963,0422 Williams Glen,North Stephanie,UT,66078,1988-06-02,37,5,ACTIVE
1766832181,Sonia,Rivas,Sonia Rivas,sonia.rivas@company.com,company.com,2024-08-14,Security Analyst,IT,83457,SENIOR,1766832171,21655 Bridges Fork,Paulberg,ID,83672,1977-01-23,48,1,ON LEAVE
1766832508,Sonya,Allen,Sonya Allen,sonya.allen@company.com,company.com,2016-12-15,Sales Operations Analyst,SALES,131088,SENIOR,,2872 Aguirre Shoal,New Johnshire,MO,9722,1968-06-16,57,9,TERMINATED
1766832138,Spencer,Cain,Spencer Cain,spencer.cain@company.com,company.com,2016-05-31,Sales Associate,SALES,111378,SENIOR,1766832002,19631 Ross Pines Apt. 071,Lake Cynthia,HI,55816,1963-08-16,62,9,ON LEAVE
1766832345,Spencer,Taylor,Spencer Taylor,spencer.taylor@company.com,company.com,2021-05-20,Business Intelligence Analyst,ANALYTICS,123218,SENIOR,,762 Morris Port Suite 783,Kellytown,FL,3783,2002-03-22,23,4,ACTIVE
1766832237,Stacey,Hill,Stacey Hill,stacey.hill@company.com,company.com,2020-04-03,Talent Acquisition Specialist,HR,40357,JUNIOR,1766832017,01001 Nelson Rue Apt. 851,Maryborough,MT,81082,1972-07-09,53,5,ACTIVE
1766832515,Stacey,Webster,Stacey Webster,stacey.webster@company.com,company.com,2024-06-02,Learning & Development Lead,HR,62169,MID,1766832328,0972 Ralph Coves Apt. 052,Davidborough,MN,53850,1963-09-10,62,1,ON LEAVE
1766832494,Stephanie,Abbott,Stephanie Abbott,stephanie.abbott@company.com,company.com,2016-03-31,Data Engineer,ANALYTICS,53240,MID,1766832280,861 Anthony Trail Suite 943,Victoriaberg,WA,96061,1988-01-11,37,9,ACTIVE
1766831995,Stephanie,Fox,Stephanie Fox,stephanie.fox@company.com,company.com,2018-04-28,Business Development Representative,SALES,77326,MID,1766831826,848 Jones Points,Alexanderville,KS,47964,1967-07-21,58,7,ON LEAVE
1766832675,Stephanie,Jones,Stephanie Jones,stephanie.jones@company.com,company.com,2025-09-25,Data Engineer,ANALYTICS,124783,SENIOR,1766832037,746 Pamela Roads Suite 779,Saraburgh,UT,56339,1966-10-15,59,0,TERMINATED
1766832077,Stephanie,Moss,Stephanie Moss,stephanie.moss@company.com,company.com,2019-03-08,Data Engineer,ANALYTICS,101853,SENIOR,,52425 Cross Square,North Mike,NM,97638,1980-09-04,45,6,ON LEAVE
1766832796,Steven,Mosley,Steven Mosley,steven.mosley@company.com,company.com,2025-10-14,Systems Administrator,IT,112807,SENIOR,1766832187,1967 Jeremiah Plains,North Raymond,NM,85986,1998-06-26,27,0,ACTIVE
1766832732,Susan,Green,Susan Green,susan.green@company.com,company.com,2025-09-22,Business Intelligence Analyst,ANALYTICS,75251,MID,1766831866,68863 Jason Meadow Suite 163,East Ryanfort,OK,93896,1964-01-18,61,0,TERMINATED
1766832123,Susan,Perez,Susan Perez,susan.perez@company.com,company.com,2018-02-22,Talent Acquisition Specialist,HR,43205,JUNIOR,10287,0057 Holland Station Apt. 085,North Anne,DE,42457,2000-12-02,25,7,ACTIVE
1766831915,Susan,Schultz,Susan Schultz,susan.schultz@company.com,company.com,2016-05-12,Sales Operations Analyst,SALES,138140,SENIOR,1766831818,95481 Courtney Hollow Apt. 021,Edwardsburgh,DE,90544,1978-11-17,47,9,ON LEAVE
1766832147,Susan,Sheppard,Susan Sheppard,susan.sheppard@company.com,company.com,2016-05-06,Learning & Development Lead,HR,112006,SENIOR,1766832091,23645 Alvarado Passage,New Christinaberg,VA,18796,1967-11-13,58,9,TERMINATED
1766832562,Suzanne,Daniel,Suzanne Daniel,suzanne.daniel@company.com,company.com,2016-07-26,Hr Manager,HR,84634,SENIOR,1766832175,2054 Suzanne Circles,West Jenniferbury,MI,88238,1966-04-21,59,9,ACTIVE
1766832606,Suzanne,Summers,Suzanne Summers,suzanne.summers@company.com,company.com,2017-05-17,Talent Acquisition Specialist,HR,92933,SENIOR,1766832597,10356 Morris Port,Shaffermouth,AS,47996,1978-06-26,47,8,ACTIVE
1766832775,Tammy,Bowen,Tammy Bowen,tammy.bowen@company.com,company.com,2018-12-28,It Manager,IT,141176,SENIOR,1766832445,44268 Johnson Course,New Tomland,MS,20505,2003-11-16,22,6,ACTIVE
1766832609,Tammy,Burke,Tammy Burke,tammy.burke@company.com,company.com,2017-05-30,Learning & Development Lead,HR,90577,SENIOR,1766831892,607 Daniel Tunnel Apt. 644,Port Deborahtown,NJ,75804,1989-02-08,36,8,TERMINATED
1766832536,Tanya,Bowman,Tanya Bowman,tanya.bowman@company.com,company.com,2018-07-29,Analytics Manager,ANALYTICS,83840,SENIOR,1766832378,436 Ann Greens Apt. 140,North Tyler,MN,77747,1983-12-25,42,7,ON LEAVE
1766832028,Taylor,Roberts,Taylor Roberts,taylor.roberts@company.com,company.com,2022-03-15,Sales Operations Analyst,SALES,71341,MID,1766831923,6665 Bell Walk Apt. 027,Kellyton,AS,54485,1965-07-11,60,3,ACTIVE
1766832702,Teresa,Cordova,Teresa Cordova,teresa.cordova@company.com,company.com,2024-10-28,Hr Generalist,HR,146855,SENIOR,1766831837,378 Hester Court,West Danashire,KY,38390,1982-10-24,43,1,ACTIVE
1766832570,Teresa,Forbes,Teresa Forbes,teresa.forbes@company.com,company.com,2024-06-25,Hr Generalist,HR,123071,SENIOR,,601 Erica Islands Apt. 468,South Dannyshire,NJ,46665,1971-01-15,54,1,ACTIVE
1766832762,Teresa,Guzman,Teresa Guzman,teresa.guzman@company.com,company.com,2016-05-08,Business Development Representative,SALES,49056,JUNIOR,1766832710,19753 Ana Rapids,West Cheryl,PW,62787,1976-10-29,49,9,ON LEAVE
1766832756,Teresa,Hernandez,Teresa Hernandez,teresa.hernandez@company.com,company.com,2025-10-28,It Support Specialist,IT,135682,SENIOR,1766832374,3896 Melissa Crest Suite 395,South Deannaport,AZ,81227,1961-02-11,64,0,TERMINATED
1766832724,Terrance,Young,Terrance Young,terrance.young@company.com,company.com,2025-07-28,Sales Operations Analyst,SALES,96513,SENIOR,1766832125,8916 Michael Mews Apt. 641,Vaughnport,WV,71460,1984-03-12,41,0,ACTIVE
1766832017,Terri,Fuller,Terri Fuller,terri.fuller@company.com,company.com,2022-06-19,Analytics Manager,ANALYTICS,113150,SENIOR,1766832015,7236 Davis Landing Suite 863,Chadshire,GA,70196,1995-03-21,30,3,ON LEAVE
1766832329,Thomas,Bailey,Thomas Bailey,thomas.bailey@company.com,company.com,2024-04-27,Security Analyst,IT,74998,MID,1766832244,8621 Andrew Mews Apt. 416,Mccartymouth,OR,56737,1982-08-21,43,1,ACTIVE
1766831973,Thomas,Brewer,Thomas Brewer,thomas.brewer@company.com,company.com,2016-04-06,Analytics Manager,ANALYTICS,145255,SENIOR,1766831963,99425 Arthur Shoals Apt. 659,Phyllismouth,MH,89025,1983-09-27,42,9,TERMINATED
1766832413,Thomas,Edwards,Thomas Edwards,thomas.edwards@company.com,company.com,2017-06-13,Business Intelligence Analyst,ANALYTICS,43718,JUNIOR,1766832366,1718 Richard Mill Apt. 552,Joannemouth,NV,67873,2001-10-31,24,8,ACTIVE
1766832281,Thomas,Espinoza,Thomas Espinoza,thomas.espinoza@company.com,company.com,2020-02-10,Hr Manager,HR,106881,SENIOR,1766831938,670 Gregg Wall,Cranemouth,MD,11152,1964-11-02,61,5,ACTIVE
1766831877,Thomas,Gordon,Thomas Gordon,thomas.gordon@company.com,company.com,2021-10-17,Security Analyst,IT,103226,SENIOR,1766831874,777 Jennifer Locks,Mcintoshport,PR,58791,1996-10-02,29,4,ON LEAVE
1766832126,Thomas,Jones,Thomas Jones,thomas.jones@company.com,company.com,2024-02-11,Learning & Development Lead,HR,141929,SENIOR,,302 Banks Springs Apt. 706,East Reneeberg,AR,51884,1989-10-17,36,1,TERMINATED
1766831967,Thomas,Khan,Thomas Khan,thomas.khan@company.com,company.com,2024-06-22,Account Executive,SALES,115786,SENIOR,1766831946,50817 James Walks Suite 102,Marieshire,NH,68913,1980-12-27,45,1,TERMINATED
1766831965,Thomas,Lee,Thomas Lee,thomas.lee@company.com,company.com,2017-02-02,Product Analyst,ANALYTICS,78343,MID,1766831889,7163 Amy Highway,Port Lawrence,MA,58581,1964-09-11,61,8,ACTIVE
1766832669,Thomas,Maynard,Thomas Maynard,thomas.maynard@company.com,company.com,2021-05-16,Systems Administrator,IT,91070,SENIOR,,86541 Joshua Street Apt. 662,Webbberg,GA,99808,1962-10-11,63,4,ACTIVE
1766832084,Thomas,Melendez,Thomas Melendez,thomas.melendez@company.com,company.com,2023-06-28,Hr Manager,HR,54441,MID,1766831876,240 Webb River Suite 245,Alvinchester,PR,19042,1988-01-31,37,2,ON LEAVE
1766832048,Thomas,Preston,Thomas Preston,thomas.preston@company.com,company.com,2017-03-25,Data Engineer,ANALYTICS,91443,SENIOR,1766831913,75115 Dominique Landing Apt. 152,Maureenstad,MI,98989,1991-12-02,34,8,ACTIVE
1766832645,Thomas,Vega,Thomas Vega,thomas.vega@company.com,company.com,2021-11-11,Security Analyst,IT,64985,MID,1766831875,90817 Potter Lights,New Aliciaberg,VI,10386,1964-06-17,61,4,TERMINATED
1766831896,Thomas,Warren,Thomas Warren,thomas.warren@company.com,company.com,2025-07-20,Learning & Development Lead,HR,48625,JUNIOR,1766831876,0914 Kelly Village Suite 284,Velezfurt,MH,27601,2001-11-03,24,0,ACTIVE
1766832109,Tiffany,Taylor,Tiffany Taylor,tiffany.taylor@company.com,company.com,2016-05-13,Account Executive,SALES,50506,MID,,84773 David Harbors,Robertville,KS,92608,1999-01-26,26,9,TERMINATED
1766832611,Timothy,Bryan,Timothy Bryan,timothy.bryan@company.com,company.com,2025-11-03,It Support Specialist,IT,67960,MID,1766832397,161 Howard Expressway Suite 357,Lake Rickstad,WA,62228,1979-12-29,45,0,ACTIVE
1766831970,Timothy,Friedman,Timothy Friedman,timothy.friedman@company.com,company.com,2020-10-28,Data Analyst,ANALYTICS,70462,MID,11061,1323 Andrea Plaza,Calvinborough,WA,37681,1964-05-06,61,5,ACTIVE
1766832034,Timothy,Jones,Timothy Jones,timothy.jones@company.com,company.com,2023-08-24,Sales Associate,SALES,147454,SENIOR,1766831932,98765 Noble Summit Suite 042,Brianland,WA,67850,1976-07-20,49,2,ACTIVE
1766832734,Timothy,Roberts,Timothy Roberts,timothy.roberts@company.com,company.com,2019-04-23,It Support Specialist,IT,94895,SENIOR,1766832084,29815 Brown Garden,New Danielchester,PW,97611,1984-10-09,41,6,ACTIVE
1766832656,Tina,Beard,Tina Beard,tina.beard@company.com,company.com,2023-01-24,It Manager,IT,106243,SENIOR,1766832238,297 Hubbard Gateway,East Charlesmouth,IL,8768,1964-05-01,61,2,ACTIVE
1766832325,Tina,Becker,Tina Becker,tina.becker@company.com,company.com,2020-11-02,Account Executive,SALES,64318,MID,,802 Burnett Ranch,Morriston,CO,18688,1980-05-08,45,5,ACTIVE
1766831886,Tina,Hernandez,Tina Hernandez,tina.hernandez@company.com,company.com,2025-05-20,Talent Acquisition Specialist,HR,98196,SENIOR,1766831847,108 Ortega Motorway Suite 892,North Derrickville,NC,90036,1988-11-01,37,0,ACTIVE
1766832088,Tina,Morris,Tina Morris,tina.morris@company.com,company.com,2018-03-22,Sales Operations Analyst,SALES,142821,SENIOR,,07859 Collins Mount,Cruzhaven,OR,47142,1976-07-26,49,7,ACTIVE
1766832484,Tina,Wilson,Tina Wilson,tina.wilson@company.com,company.com,2017-11-25,Learning & Development Lead,HR,145248,SENIOR,1766832254,84861 Holmes Garden Apt. 248,Alanmouth,AZ,23325,1994-08-19,31,8,TERMINATED
1766832460,Tommy,Delgado,Tommy Delgado,tommy.delgado@company.com,company.com,2021-09-10,It Support Specialist,IT,55923,MID,1766832394,3960 Marissa Glen Suite 119,Joneshaven,CA,34118,1969-12-16,56,4,ACTIVE
1766832549,Tony,Ferguson,Tony Ferguson,tony.ferguson@company.com,company.com,2024-03-25,Hr Manager,HR,67649,MID,1766832375,738 Kerr Square Suite 473,New Derekburgh,AK,6901,1999-09-05,26,1,ACTIVE
1766832800,Traci,Reed,Traci Reed,traci.reed@company.com,company.com,2017-10-25,Sales Operations Analyst,SALES,54827,MID,1766832342,592 Brandi Courts Apt. 117,New Meganview,KY,12600,1981-10-17,44,8,TERMINATED
1766832473,Tracy,Gamble,Tracy Gamble,tracy.gamble@company.com,company.com,2025-09-22,Product Analyst,ANALYTICS,50978,MID,1766832175,79391 Curtis Plaza,East Derek,MD,19180,1962-03-22,63,0,ON LEAVE
1766832067,Tracy,Jones,Tracy Jones,tracy.jones@company.com,company.com,2025-05-19,Devops Engineer,IT,137673,SENIOR,,7444 Charles River,Briggsshire,AL,11935,1974-10-02,51,0,ACTIVE
1766832069,Tracy,Preston,Tracy Preston,tracy.preston@company.com,company.com,2018-12-02,Hr Assistant,HR,109001,SENIOR,1766831872,38343 Santos Fords Apt. 611,Johnsonland,AL,49274,1978-04-19,47,7,ACTIVE
1766832249,Travis,King,Travis King,travis.king@company.com,company.com,2016-08-10,Hr Assistant,HR,135816,SENIOR,11112,6942 Cisneros Station,East Matthewshire,AZ,11775,2002-09-09,23,9,TERMINATED
1766832277,Travis,Reyes,Travis Reyes,travis.reyes@company.com,company.com,2019-12-31,Security Analyst,IT,101535,SENIOR,1766831931,9614 Davis Trace,Mathewsland,ID,48871,1993-05-16,32,5,TERMINATED
1766832631,Trevor,Morgan,Trevor Morgan,trevor.morgan@company.com,company.com,2019-10-13,Sales Associate,SALES,103840,SENIOR,1766832270,3055 Brown Wells,Gomezfurt,CA,18354,1968-07-03,57,6,ON LEAVE
1766831813,Troy,Gordon,Troy Gordon,troy.gordon@company.com,company.com,2022-03-16,Hr Manager,HR,128665,SENIOR,1766831806,026 Smith Way Suite 571,New Alex,HI,39590,1993-12-08,32,3,ACTIVE
1766831961,Troy,Mccarty,Troy Mccarty,troy.mccarty@company.com,company.com,2016-04-05,Security Analyst,IT,49685,JUNIOR,1766831949,3484 Bennett Valleys,New Trevorfurt,SC,57689,2003-01-17,22,9,TERMINATED
1766832136,Tyler,Cole,Tyler Cole,tyler.cole@company.com,company.com,2017-05-12,Business Intelligence Analyst,ANALYTICS,95536,SENIOR,1766832056,5572 Robin Roads Apt. 702,New Sherryland,GA,20989,1989-05-21,36,8,TERMINATED
1766832743,Tyler,Johnson,Tyler Johnson,tyler.johnson@company.com,company.com,2025-05-10,Talent Acquisition Specialist,HR,126065,SENIOR,1766831815,309 Michael Square Apt. 669,Lake Elizabeth,CO,62674,1998-01-16,27,0,ACTIVE
1766831962,Tyler,Porter,Tyler Porter,tyler.porter@company.com,company.com,2023-07-30,Devops Engineer,IT,51610,MID,1766831850,551 Cooper Isle,Juliaport,AZ,87524,1993-04-25,32,2,ON LEAVE
1766832397,Valerie,Kim,Valerie Kim,valerie.kim@company.com,company.com,2018-12-25,It Manager,IT,71598,MID,,00575 Leslie Land Apt. 216,Smithfort,NJ,44087,1994-01-08,31,7,TERMINATED
1766832173,Vanessa,Dean,Vanessa Dean,vanessa.dean@company.com,company.com,2019-08-05,Analytics Manager,ANALYTICS,43354,JUNIOR,10347,692 Hardin Haven Suite 770,New Nicholas,TX,65509,1962-09-29,63,6,TERMINATED
1766832040,Vanessa,Hoffman,Vanessa Hoffman,vanessa.hoffman@company.com,company.com,2021-05-17,Account Executive,SALES,139820,SENIOR,1766831876,38805 Hawkins Radial,Lake Rachaelmouth,IL,36034,1985-03-28,40,4,ACTIVE
1766832516,Vanessa,Nguyen,Vanessa Nguyen,vanessa.nguyen@company.com,company.com,2016-10-16,Security Analyst,IT,44391,JUNIOR,1766832158,610 Douglas Lodge,New Adamberg,CO,35614,1987-01-14,38,9,ON LEAVE
1766832107,Veronica,Jones,Veronica Jones,veronica.jones@company.com,company.com,2022-10-14,Business Development Representative,SALES,40133,JUNIOR,,941 Angela Summit,Jessicaton,ND,31773,1999-04-20,26,3,ACTIVE
1766831859,Veronica,Smith,Veronica Smith,veronica.smith@company.com,company.com,2025-09-05,Business Intelligence Analyst,ANALYTICS,52058,MID,1766831857,109 Linda Corners,Lake Candicetown,DE,56640,1985-03-24,40,0,TERMINATED
1766832720,Victor,Day,Victor Day,victor.day@company.com,company.com,2018-07-14,Data Engineer,ANALYTICS,74053,MID,1766832367,54721 Lisa Path Suite 384,North Trevor,NH,69266,1968-12-27,57,7,TERMINATED
1766832755,Victoria,Brown,Victoria Brown,victoria.brown@company.com,company.com,2017-10-11,Talent Acquisition Specialist,HR,63125,MID,1766832301,1232 Kerr Cove,Clarkburgh,KY,23984,2000-08-09,25,8,ACTIVE
1766831999,Vincent,Chan,Vincent Chan,vincent.chan@company.com,company.com,2022-04-16,Sales Operations Analyst,SALES,65964,MID,1766831855,566 Humphrey Bridge Apt. 901,Lake Daniellefurt,CT,63774,1981-01-29,44,3,ACTIVE
1766832542,Virginia,Sanford,Virginia Sanford,virginia.sanford@company.com,company.com,2025-09-20,Sales Manager,SALES,149014,SENIOR,1766832190,65779 Bell Junctions,Olsonton,ND,2501,1987-08-08,38,0,ON LEAVE
1766832248,Walter,Stevenson,Walter Stevenson,walter.stevenson@company.com,company.com,2019-09-25,Data Engineer,ANALYTICS,52059,MID,1766831924,483 Bates River Suite 473,North Timothy,OR,51261,1985-02-08,40,6,ACTIVE
1766832401,Wendy,Ball,Wendy Ball,wendy.ball@company.com,company.com,2024-09-21,Business Intelligence Analyst,ANALYTICS,92609,SENIOR,1766832222,9370 Cordova Park Suite 940,South Lisatown,VI,2858,2002-10-14,23,1,ON LEAVE
1766832457,Wendy,Diaz,Wendy Diaz,wendy.diaz@company.com,company.com,2021-12-01,Data Engineer,ANALYTICS,64482,MID,1766832134,8428 Buchanan Vista,East Timothy,MT,18121,1974-11-10,51,4,TERMINATED
1766832389,Wendy,Gutierrez,Wendy Gutierrez,wendy.gutierrez@company.com,company.com,2019-02-04,Hr Manager,HR,83731,SENIOR,,17595 Mallory Mountain Apt. 711,Hammondtown,NY,58851,2003-06-29,22,6,ACTIVE
1766831968,Wendy,Martin,Wendy Martin,wendy.martin@company.com,company.com,2018-09-30,It Support Specialist,IT,75633,MID,1766831931,24662 Carter Manor,Port Carrie,OR,88534,1964-07-18,61,7,ON LEAVE
1766832431,Wesley,Jenkins,Wesley Jenkins,wesley.jenkins@company.com,company.com,2025-11-25,It Support Specialist,IT,44183,JUNIOR,1766832015,2827 Glover Tunnel Suite 882,Lake Amandaside,LA,74417,2000-08-24,25,0,ACTIVE
1766831852,Whitney,Jones,Whitney Jones,whitney.jones@company.com,company.com,2016-06-30,Account Executive,SALES,112146,SENIOR,1766831847,51772 Singh Falls Apt. 679,West James,CO,39919,1988-07-31,37,9,ACTIVE
1766832418,William,Davis,William Davis,william.davis@company.com,company.com,2022-01-22,Business Development Representative,SALES,128701,SENIOR,1766832121,12811 Sheri Plain,Ortegaville,PA,99178,1995-10-05,30,3,ACTIVE
1766832738,William,Goodwin,William Goodwin,william.goodwin@company.com,company.com,2020-04-16,Account Executive,SALES,41477,JUNIOR,,333 Fleming Village Apt. 821,New Monica,OH,31020,1977-07-14,48,5,ACTIVE
1766832247,William,Johnson,William Johnson,william.johnson@company.com,company.com,2020-07-03,Business Intelligence Analyst,ANALYTICS,140450,SENIOR,1766832108,039 Cook Roads Apt. 450,Ritaville,PA,17611,1974-09-30,51,5,ON LEAVE
1766832182,William,Smith,William Smith,william.smith@company.com,company.com,2024-10-10,Data Analyst,ANALYTICS,143817,SENIOR,1766831891,2348 Cox Oval,West Frank,GA,67458,1972-01-04,53,1,TERMINATED
1766832011,William,Walker,William Walker,william.walker@company.com,company.com,2025-09-13,Data Engineer,ANALYTICS,82010,SENIOR,1766831972,02257 Smith Landing,Lake Julieport,HI,12168,1962-01-07,63,0,ACTIVE
1766832633,William,Williams,William Williams,william.williams@company.com,company.com,2017-08-31,Sales Manager,SALES,98545,SENIOR,,22546 Cole Forge Suite 989,Laurashire,AS,79467,2001-01-24,24,8,TERMINATED
1766832318,Willie,Holland,Willie Holland,willie.holland@company.com,company.com,2023-05-21,It Support Specialist,IT,56377,MID,10249,39074 Patterson Cove,Carlosborough,MD,97281,1973-09-25,52,2,ACTIVE
1766831836,Willie,Johnson,Willie Johnson,willie.johnson@company.com,company.com,2017-03-21,Hr Assistant,HR,49962,JUNIOR,1766831835,48953 Long Corner Apt. 724,South Willie,WV,99177,1994-08-20,31,8,ACTIVE
1766832387,Xavier,Owens,Xavier Owens,xavier.owens@company.com,company.com,2016-02-15,Sales Operations Analyst,SALES,126541,SENIOR,1766832022,063 Frederick Underpass Suite 211,Rodriguezfort,DC,59018,1999-11-02,26,9,ON LEAVE
1766832423,Zachary,Daniels,Zachary Daniels,zachary.daniels@company.com,company.com,2019-08-29,It Manager,IT,64811,MID,1766831876,489 Michael Divide,Huffmanberg,AK,96940,1987-06-19,38,6,ACTIVE
1766832776,Zachary,Johnson,Zachary Johnson,zachary.johnson@company.com,company.com,2017-10-31,Hr Assistant,HR,136581,SENIOR,1766832479,814 Richard Fort,Lake Jerry,OH,39840,1960-02-28,65,8,ACTIVE
1766832287,Zachary,Walker,Zachary Walker,zachary.walker@company.com,company.com,2023-09-11,Hr Assistant,HR,144601,SENIOR,1766831934,978 Caroline Lights,New Emily,MD,82825,2000-04-26,25,2,ACTIVE
