employee_id,first_name,last_name,full_name,email,email_domain,hire_date,job_title,department,salary,salary_band,manager_id,address,city,state,zip_code,birth_date,age,tenure_years,status
1766820320,Aaron,Baker,Aaron Baker,aaron.baker@company.com,company.com,2021-07-08,Security Analyst,IT,61581,MID,1766820277,44938 Carolyn Heights,Gomezfort,SC,41798,1970-03-09,55,4,ACTIVE
1766820584,Aaron,Hull,Aaron Hull,aaron.hull@company.com,company.com,2020-09-06,Hr Manager,HR,131509,SENIOR,1766820469,384 Kevin Forest,Marisaborough,NV,65046,1963-07-10,62,5,ON LEAVE
1766820598,Aaron,Jackson,Aaron Jackson,aaron.jackson@company.com,company.com,2022-09-01,Sales Operations Analyst,SALES,128326,SENIOR,,5976 Ethan Ranch,Kimberlyport,PR,60429,1969-07-10,56,3,ACTIVE
1766820098,Aaron,Long,Aaron Long,aaron.long@company.com,company.com,2020-10-01,Learning & Development Lead,HR,78331,MID,1766819579,561 Phillips Summit,Jamesbury,WV,53378,1973-09-02,52,5,ACTIVE
1766820579,Aaron,Payne,Aaron Payne,aaron.payne@company.com,company.com,2025-10-28,Data Engineer,ANALYTICS,99270,SENIOR,1766820335,4971 Heather Isle,Hopkinsburgh,WA,63502,1965-12-04,60,0,ACTIVE
1766820011,Aaron,Rodriguez,Aaron Rodriguez,aaron.rodriguez@company.com,company.com,2020-07-28,Security Analyst,IT,120676,SENIOR,1766819960,60551 Roger Estates Suite 883,Port Charlesstad,WV,25887,1977-08-05,48,5,ACTIVE
1766820465,Aaron,Wagner,Aaron Wagner,aaron.wagner@company.com,company.com,2025-02-25,Hr Manager,HR,68626,MID,1766819848,02828 Tony Highway,Wallaceborough,GU,45024,1991-01-27,34,0,TERMINATED
1766819990,Aaron,Wang,Aaron Wang,aaron.wang@company.com,company.com,2019-02-07,Sales Manager,SALES,117147,SENIOR,11114,8316 Daniel Village,Brownmouth,MP,55927,1982-02-13,43,6,ACTIVE
1766820109,Abigail,Hooper,Abigail Hooper,abigail.hooper@company.com,company.com,2018-08-20,Systems Administrator,IT,137129,SENIOR,1766819672,69785 Mccarty Cape,Garciaside,IL,76965,1979-06-13,46,7,ACTIVE
1766819847,Abigail,Murphy,Abigail Murphy,abigail.murphy@company.com,company.com,2018-12-14,Product Analyst,ANALYTICS,40135,JUNIOR,1766819778,989 Zachary Harbors,Kaylafort,NM,43809,1986-11-15,39,7,TERMINATED
1766819582,Abigail,Phillips,Abigail Phillips,abigail.phillips@company.com,company.com,2017-03-07,Data Analyst,ANALYTICS,63182,MID,1766819546,873 Bass Tunnel,North Charlesstad,CA,68881,1996-08-25,29,8,TERMINATED
1766819989,Abigail,Smith,Abigail Smith,abigail.smith@company.com,company.com,2020-01-01,Learning & Development Lead,HR,120903,SENIOR,1766819905,10347 Michelle Harbor Apt. 720,Simsside,ME,10284,1982-11-21,43,5,ON LEAVE
1766819781,Adam,Patterson,Adam Patterson,adam.patterson@company.com,company.com,2020-04-22,Business Intelligence Analyst,ANALYTICS,75822,MID,1766819686,4290 Brian Tunnel,Beanchester,OR,33751,1963-01-20,62,5,TERMINATED
1766820796,Adam,Skinner,Adam Skinner,adam.skinner@company.com,company.com,2016-07-21,Business Development Representative,SALES,97972,SENIOR,1766819911,399 Baker Cove Apt. 318,Johnsonmouth,SC,44906,1995-09-21,30,9,ACTIVE
1766820117,Adrienne,Brown,Adrienne Brown,adrienne.brown@company.com,company.com,2024-02-08,Product Analyst,ANALYTICS,78782,MID,1766819842,375 White Hill Apt. 760,West Christinachester,VT,62949,1974-01-16,51,1,ACTIVE
1766819906,Alan,Ortiz,Alan Ortiz,alan.ortiz@company.com,company.com,2021-03-03,Security Analyst,IT,40441,JUNIOR,1766819579,509 Camacho Springs Apt. 366,Snyderville,FL,73474,1978-07-14,47,4,TERMINATED
1766820110,Alan,Randall,Alan Randall,alan.randall@company.com,company.com,2018-01-10,Sales Associate,SALES,120545,SENIOR,1766819622,4898 Lisa Wall,East Eric,MA,68446,1969-02-08,56,7,ON LEAVE
1766819736,Albert,Steele,Albert Steele,albert.steele@company.com,company.com,2016-12-27,Product Analyst,ANALYTICS,106343,SENIOR,1766819718,12781 Stephen Forges Apt. 311,Stephenview,ME,59651,1966-05-17,59,9,ACTIVE
1766819934,Alec,Collins,Alec Collins,alec.collins@company.com,company.com,2018-09-24,Hr Generalist,HR,86042,SENIOR,,70649 Elliott Extension Suite 580,Lake Matthewstad,FL,23264,1960-11-17,65,7,TERMINATED
1766820432,Alejandra,Graves,Alejandra Graves,alejandra.graves@company.com,company.com,2024-07-23,Hr Manager,HR,109793,SENIOR,1766820119,05328 Victoria Locks Suite 081,North Amy,MA,65758,1982-03-20,43,1,ACTIVE
1766819953,Alejandro,Mclean,Alejandro Mclean,alejandro.mclean@company.com,company.com,2022-10-30,Talent Acquisition Specialist,HR,68185,MID,1766819823,054 Patricia Centers,New Stephenville,NJ,25277,1981-06-18,44,3,ACTIVE
1766819654,Alex,Woods,Alex Woods,alex.woods@company.com,company.com,2019-05-26,Business Development Representative,SALES,96146,SENIOR,1766819626,276 Neal Prairie,West Elizabeth,SC,53735,1964-04-29,61,6,TERMINATED
1766819744,Alexandra,Adams,Alexandra Adams,alexandra.adams@company.com,company.com,2024-06-05,Data Engineer,ANALYTICS,103841,SENIOR,1766819534,600 Joe Port Apt. 671,Adamshire,IL,28551,1960-02-17,65,1,ACTIVE
1766820527,Alexandra,Ballard,Alexandra Ballard,alexandra.ballard@company.com,company.com,2024-10-23,Hr Assistant,HR,91719,SENIOR,1766820447,252 Brown Junction Suite 948,South Karenburgh,AK,38657,1964-12-01,61,1,ACTIVE
1766820511,Alexandra,Reid,Alexandra Reid,alexandra.reid@company.com,company.com,2024-01-03,Hr Generalist,HR,144920,SENIOR,11178,852 Jessica Prairie Suite 927,East Edward,GU,2561,1975-02-13,50,1,ON LEAVE
1766819761,Alexandra,Wade,Alexandra Wade,alexandra.wade@company.com,company.com,2017-02-18,It Manager,IT,133056,SENIOR,1766819617,8248 Chang Fall,New Annport,NY,20456,1999-08-19,26,8,ACTIVE
1766820302,Alexis,Mendoza,Alexis Mendoza,alexis.mendoza@company.com,company.com,2017-03-10,Business Development Representative,SALES,132665,SENIOR,1766819680,30577 Andrews Landing,Timothystad,AZ,33380,1965-04-18,60,8,ACTIVE
1766820344,Alexis,Norman,Alexis Norman,alexis.norman@company.com,company.com,2020-02-01,Product Analyst,ANALYTICS,50142,MID,1766819930,7203 Thomas Plains,Kelleychester,OH,12774,1992-01-09,33,5,ACTIVE
1766819581,Alexis,Pope,Alexis Pope,alexis.pope@company.com,company.com,2018-07-10,Devops Engineer,IT,100064,SENIOR,1766819565,7252 Teresa Mission Suite 652,Franklinton,PW,31886,1976-01-01,49,7,ACTIVE
1766820023,Alexis,Tanner,Alexis Tanner,alexis.tanner@company.com,company.com,2019-05-22,It Manager,IT,44782,JUNIOR,1766819555,260 Beard Green Suite 034,East Bradley,TN,9856,1991-08-14,34,6,ACTIVE
1766820260,Alexis,Wilson,Alexis Wilson,alexis.wilson@company.com,company.com,2021-11-12,Talent Acquisition Specialist,HR,60845,MID,1766819916,516 Everett Keys,Emmaland,WI,32348,2000-08-19,25,4,ON LEAVE
1766820119,Alicia,Davila,Alicia Davila,alicia.davila@company.com,company.com,2024-06-13,Sales Manager,SALES,80623,SENIOR,1766819568,0218 Christopher Inlet,South Stephanieport,AS,21340,2003-07-13,22,1,ON LEAVE
1766819978,Alicia,Sexton,Alicia Sexton,alicia.sexton@company.com,company.com,2021-09-29,Business Intelligence Analyst,ANALYTICS,142766,SENIOR,1766819718,89809 Thomas Throughway Apt. 037,South Marcuston,MN,4549,1991-02-15,34,4,ACTIVE
1766820746,Allen,Vaughn,Allen Vaughn,allen.vaughn@company.com,company.com,2017-05-08,It Support Specialist,IT,122959,SENIOR,1766820149,90621 Julie Forks,South Brenda,MS,40784,1984-04-02,41,8,ACTIVE
1766820472,Allison,Bell,Allison Bell,allison.bell@company.com,company.com,2023-06-24,Sales Associate,SALES,95478,SENIOR,1766820282,3181 Antonio Lakes Apt. 342,Jeffreymouth,DE,15574,1972-12-20,53,2,TERMINATED
1766820045,Allison,Benson,Allison Benson,allison.benson@company.com,company.com,2024-01-19,Security Analyst,IT,75426,MID,1766819534,8977 Curry Unions Apt. 838,Sydneyfurt,WA,76402,1965-02-11,60,1,TERMINATED
1766820079,Allison,Holland,Allison Holland,allison.holland@company.com,company.com,2021-10-12,Data Analyst,ANALYTICS,81854,SENIOR,1766819986,922 Kathleen Alley Apt. 713,Robertfort,UT,97005,1966-12-19,59,4,ACTIVE
1766819690,Allison,Perry,Allison Perry,allison.perry@company.com,company.com,2025-10-25,Business Intelligence Analyst,ANALYTICS,138706,SENIOR,1766819577,6615 Michael Corners,North Pamelaside,MN,30235,1992-03-17,33,0,ACTIVE
1766819737,Alyssa,Carrillo,Alyssa Carrillo,alyssa.carrillo@company.com,company.com,2025-08-12,Data Analyst,ANALYTICS,50893,MID,1766819555,77894 Brown Viaduct,Davisburgh,HI,58436,1968-09-17,57,0,ACTIVE
1766820489,Alyssa,Norman,Alyssa Norman,alyssa.norman@company.com,company.com,2019-11-21,It Manager,IT,112129,SENIOR,1766820414,6414 Berry Glen,Wiseside,DC,63496,1996-07-18,29,6,ON LEAVE
1766819916,Alyssa,Thompson,Alyssa Thompson,alyssa.thompson@company.com,company.com,2021-11-11,Product Analyst,ANALYTICS,65180,MID,1766819718,0577 Jay Points Apt. 542,Lake Adrianaville,VA,81750,1975-11-15,50,4,ACTIVE
1766820158,Alyssa,Wagner,Alyssa Wagner,alyssa.wagner@company.com,company.com,2018-09-08,Data Analyst,ANALYTICS,136088,SENIOR,1766819871,12273 Christopher Points,Lake Erik,PA,53645,1982-11-16,43,7,TERMINATED
1766819674,Amanda,Fry,Amanda Fry,amanda.fry@company.com,company.com,2019-08-26,It Support Specialist,IT,94906,SENIOR,1766819547,04969 Vargas Mills,Simsmouth,OK,11674,1969-12-04,56,6,ACTIVE
1766820502,Amanda,Hall,Amanda Hall,amanda.hall@company.com,company.com,2020-05-07,Data Analyst,ANALYTICS,133808,SENIOR,1766820145,545 Joann Shoals,West Thomas,MP,46645,1989-06-27,36,5,TERMINATED
1766819609,Amanda,Jenkins,Amanda Jenkins,amanda.jenkins@company.com,company.com,2023-12-15,Sales Associate,SALES,61857,MID,1766819541,7712 Mackenzie Union Suite 031,New Elizabethmouth,NY,64973,1991-06-10,34,2,ON LEAVE
1766820076,Amanda,Smith,Amanda Smith,amanda.smith@company.com,company.com,2021-05-11,Business Development Representative,SALES,102487,SENIOR,1766819858,10750 Donald Brooks,Elizabethmouth,FL,87115,2002-05-11,23,4,ACTIVE
1766820774,Amanda,Waters,Amanda Waters,amanda.waters@company.com,company.com,2024-07-05,Product Analyst,ANALYTICS,133680,SENIOR,1766820364,944 Michael Common Suite 882,Alvarezburgh,IN,64707,1988-08-11,37,1,ON LEAVE
1766820697,Amber,Mendez,Amber Mendez,amber.mendez@company.com,company.com,2021-01-01,Hr Manager,HR,94444,SENIOR,1766820390,72558 Garza Stream Suite 223,Jamesfurt,TX,81729,1975-11-06,50,4,ON LEAVE
1766820623,Amy,Andersen,Amy Andersen,amy.andersen@company.com,company.com,2018-03-29,It Support Specialist,IT,75795,MID,1766820432,40736 Burns Throughway,Teresaberg,PA,32949,1960-02-16,65,7,ACTIVE
1766820342,Amy,Hughes,Amy Hughes,amy.hughes@company.com,company.com,2020-10-11,Data Analyst,ANALYTICS,62916,MID,1766820267,91902 Lucas Prairie,West Jason,CO,6732,1990-05-04,35,5,ACTIVE
1766820275,Amy,Lee,Amy Lee,amy.lee@company.com,company.com,2021-11-21,Account Executive,SALES,65258,MID,1766820214,9603 Campos Skyway Suite 988,New Brendastad,ME,29046,1964-04-29,61,4,ON LEAVE
1766820452,Amy,Ortiz,Amy Ortiz,amy.ortiz@company.com,company.com,2018-07-12,Product Analyst,ANALYTICS,74497,MID,1766820241,714 Poole Mission Suite 272,Port Dawn,ND,59044,1961-05-19,64,7,ACTIVE
1766819874,Amy,Pugh,Amy Pugh,amy.pugh@company.com,company.com,2021-11-25,Sales Manager,SALES,105670,SENIOR,1766819870,003 Patricia Ways,Lawrencefurt,AS,94666,1985-01-10,40,4,ON LEAVE
1766820379,Amy,Robinson,Amy Robinson,amy.robinson@company.com,company.com,2019-12-28,Sales Manager,SALES,134141,SENIOR,10929,89875 Robert Centers Apt. 065,West Sherritown,RI,27386,1972-07-26,53,5,ACTIVE
1766820565,Amy,Rocha,Amy Rocha,amy.rocha@company.com,company.com,2019-06-19,Sales Operations Analyst,SALES,85810,SENIOR,,0986 Julie Vista Suite 264,Lake Adrianabury,WA,37611,2000-01-10,25,6,ACTIVE
1766820012,Amy,Weaver,Amy Weaver,amy.weaver@company.com,company.com,2018-04-02,Talent Acquisition Specialist,HR,80299,SENIOR,1766819848,86123 Thomas Way,North Michael,IA,77915,1966-10-28,59,7,TERMINATED
1766819600,Amy,Williams,Amy Williams,amy.williams@company.com,company.com,2017-09-09,Business Development Representative,SALES,40087,JUNIOR,1766819568,726 Ricky Ridges,South Joshua,OR,28521,2002-05-11,23,8,ON LEAVE
1766820357,Ana,Santos,Ana Santos,ana.santos@company.com,company.com,2023-07-11,Systems Administrator,IT,112446,SENIOR,1766819534,1661 Patterson Port Apt. 839,West Wesleyshire,AL,74103,2001-07-23,24,2,TERMINATED
1766820350,Andre,Mendoza,Andre Mendoza,andre.mendoza@company.com,company.com,2022-04-18,Sales Associate,SALES,140002,SENIOR,,2833 Alyssa Station,Lindahaven,SD,22905,1972-11-28,53,3,ON LEAVE
1766820218,Andrea,Collins,Andrea Collins,andrea.collins@company.com,company.com,2021-09-12,Systems Administrator,IT,57602,MID,,064 Cynthia Center,Ryanfort,GU,54670,1994-11-23,31,4,TERMINATED
1766820362,Andrea,Lewis,Andrea Lewis,andrea.lewis@company.com,company.com,2022-04-04,Hr Generalist,HR,130762,SENIOR,1766820001,7950 Stephen Plaza Apt. 198,Wallaceland,MN,14451,1998-02-27,27,3,ACTIVE
1766820217,Andrea,Sawyer,Andrea Sawyer,andrea.sawyer@company.com,company.com,2024-06-08,It Manager,IT,50877,MID,1766819905,611 Tony Villages,Kevinchester,VT,39801,1999-04-11,26,1,TERMINATED
1766820449,Andrew,Carroll,Andrew Carroll,andrew.carroll@company.com,company.com,2016-01-20,Account Executive,SALES,61587,MID,10815,364 Stuart Squares,Port Mark,MS,48099,1978-05-05,47,9,ACTIVE
1766820445,Andrew,Downs,Andrew Downs,andrew.downs@company.com,company.com,2023-05-28,Hr Generalist,HR,85724,SENIOR,1766820423,55433 Keller Keys,Thomasville,NC,13994,1966-11-20,59,2,ACTIVE
1766820233,Andrew,Mcbride,Andrew Mcbride,andrew.mcbride@company.com,company.com,2022-01-15,Security Analyst,IT,62398,MID,,6552 Allen Drive Suite 826,Stevensmouth,AS,73044,1998-09-07,27,3,ACTIVE
1766820304,Andrew,Middleton,Andrew Middleton,andrew.middleton@company.com,company.com,2023-06-05,Business Intelligence Analyst,ANALYTICS,90379,SENIOR,1766820230,5861 Timothy Landing Apt. 390,East Heatherfort,CT,30795,1998-12-22,27,2,ACTIVE
1766819661,Andrew,Miller,Andrew Miller,andrew.miller@company.com,company.com,2020-07-04,Hr Generalist,HR,109000,SENIOR,1766819649,48635 Walsh Greens,West Jason,IA,42671,2001-01-03,24,5,ACTIVE
1766819985,Andrew,Stewart,Andrew Stewart,andrew.stewart@company.com,company.com,2018-07-26,It Manager,IT,131172,SENIOR,1766819718,0878 Morris Street,Henrybury,KY,9013,1960-11-01,65,7,ACTIVE
1766819545,Andrew,Vega,Andrew Vega,andrew.vega@company.com,company.com,2024-08-10,Sales Operations Analyst,SALES,98844,SENIOR,,1466 Maxwell Loop,New Tracyville,NE,38274,1983-08-31,42,1,ACTIVE
1766819835,Angel,Mccarthy,Angel Mccarthy,angel.mccarthy@company.com,company.com,2020-12-16,Business Intelligence Analyst,ANALYTICS,59819,MID,1766819617,7890 Garcia Route Apt. 709,North Joshua,NV,84925,1987-02-19,38,5,TERMINATED
1766820219,Angela,Adams,Angela Adams,angela.adams@company.com,company.com,2018-06-01,Account Executive,SALES,49185,JUNIOR,1766820139,5176 Ford Harbor,Grayside,FM,49710,1971-05-12,54,7,ACTIVE
1766820325,Angela,Coleman,Angela Coleman,angela.coleman@company.com,company.com,2022-10-27,Sales Operations Analyst,SALES,97665,SENIOR,1766819913,575 Jeffrey Village Suite 960,Smithtown,MI,83593,1995-03-24,30,3,TERMINATED
1766820394,Angela,Gonzalez,Angela Gonzalez,angela.gonzalez@company.com,company.com,2016-02-10,Sales Operations Analyst,SALES,42567,JUNIOR,1766819930,396 Shannon Drives,Whiteton,GU,96687,1964-07-25,61,9,ACTIVE
1766820723,Angela,Huber,Angela Huber,angela.huber@company.com,company.com,2016-08-30,Product Analyst,ANALYTICS,54205,MID,1766820277,8612 Lucas Ranch Apt. 246,Jacksonfort,DE,22253,2001-05-18,24,9,ON LEAVE
1766819586,Angela,Walker,Angela Walker,angela.walker@company.com,company.com,2024-04-21,Talent Acquisition Specialist,HR,41409,JUNIOR,,50105 Arnold Lane,Trevinoland,LA,59191,1984-11-15,41,1,ACTIVE
1766819873,Ann,Perez,Ann Perez,ann.perez@company.com,company.com,2022-07-10,Account Executive,SALES,137790,SENIOR,1766819823,00510 Morgan Glens Apt. 227,Port Ronnieville,GU,71412,1998-07-03,27,3,ACTIVE
1766820102,Anna,Jordan,Anna Jordan,anna.jordan@company.com,company.com,2016-10-24,Data Engineer,ANALYTICS,142275,SENIOR,1766819772,994 Beverly Gateway Apt. 882,Port Lisa,AZ,25990,1980-12-23,45,9,ACTIVE
1766820168,Anna,Long,Anna Long,anna.long@company.com,company.com,2020-12-05,Devops Engineer,IT,50361,MID,1766819916,5341 Albert Island,East Jillian,PR,56301,1990-01-21,35,5,ON LEAVE
1766819727,Anna,Russell,Anna Russell,anna.russell@company.com,company.com,2019-10-01,Data Engineer,ANALYTICS,50680,MID,1766819685,668 Shepard Mission,Brookeberg,GA,90202,1979-04-17,46,6,TERMINATED
1766820763,Anne,Kelley,Anne Kelley,anne.kelley@company.com,company.com,2023-02-10,It Manager,IT,71187,MID,1766820267,2256 Mendez Ridge Suite 039,Davidport,CO,25764,1966-08-03,59,2,TERMINATED
1766819813,Annette,Abbott,Annette Abbott,annette.abbott@company.com,company.com,2018-08-29,Business Intelligence Analyst,ANALYTICS,112583,SENIOR,11760,982 Christopher Roads Suite 832,Perezton,AR,18869,1963-05-01,62,7,ON LEAVE
1766819870,Anthony,Chavez,Anthony Chavez,anthony.chavez@company.com,company.com,2023-04-19,It Manager,IT,61806,MID,1766819823,288 Mack Villages,Lake Heidi,AS,29674,1988-05-24,37,2,ACTIVE
1766819937,Anthony,Cohen,Anthony Cohen,anthony.cohen@company.com,company.com,2017-05-04,Talent Acquisition Specialist,HR,104414,SENIOR,1766819880,1503 Kathleen Rapid Apt. 596,East Donna,DE,72344,1964-12-13,61,8,ACTIVE
1766820491,Anthony,Erickson,Anthony Erickson,anthony.erickson@company.com,company.com,2017-02-07,Data Analyst,ANALYTICS,111673,SENIOR,1766819651,77980 Carolyn Meadow,North Elizabeth,MA,27139,1981-01-13,44,8,TERMINATED
1766820803,Anthony,Middleton,Anthony Middleton,anthony.middleton@company.com,company.com,2024-03-05,It Support Specialist,IT,117477,SENIOR,1766820227,17439 Brandon Walks,Leonardtown,DC,45875,1977-02-12,48,1,TERMINATED
1766819684,Anthony,Smith,Anthony Smith,anthony.smith@company.com,company.com,2019-01-21,Business Intelligence Analyst,ANALYTICS,84552,SENIOR,1766819626,184 Williams Pass,West Faith,CT,45044,1976-10-28,49,6,ACTIVE
1766819695,Anthony,Washington,Anthony Washington,anthony.washington@company.com,company.com,2020-09-02,Analytics Manager,ANALYTICS,128675,SENIOR,1766819601,0648 Johnny Point Apt. 502,New Brandon,WA,99547,1969-01-11,56,5,ON LEAVE
1766820434,Antonio,Cordova,Antonio Cordova,antonio.cordova@company.com,company.com,2016-11-03,Learning & Development Lead,HR,70708,MID,1766819610,7665 Pittman Court Suite 496,Mckeeland,NC,12276,1998-07-06,27,9,ACTIVE
1766820116,Antonio,Little,Antonio Little,antonio.little@company.com,company.com,2019-02-22,Systems Administrator,IT,127908,SENIOR,11279,7290 Jennifer Turnpike Suite 094,East Christopherburgh,NE,15868,1968-09-20,57,6,TERMINATED
1766819763,Antonio,Massey,Antonio Massey,antonio.massey@company.com,company.com,2016-03-29,Sales Manager,SALES,148704,SENIOR,,280 Parks Rue Apt. 352,West Dale,HI,87808,1990-06-06,35,9,TERMINATED
1766820642,Antonio,Walker,Antonio Walker,antonio.walker@company.com,company.com,2019-04-09,Business Development Representative,SALES,76450,MID,1766820332,9959 Anne Extensions,Brandonstad,NJ,62212,1973-10-26,52,6,ACTIVE
1766820499,April,Copeland,April Copeland,april.copeland@company.com,company.com,2021-10-13,Product Analyst,ANALYTICS,117100,SENIOR,1766819864,426 Natalie Plains Suite 285,Matthewfort,WA,74950,1971-02-21,54,4,ON LEAVE
1766819700,April,Jimenez,April Jimenez,april.jimenez@company.com,company.com,2025-02-08,Sales Operations Analyst,SALES,79540,MID,,285 Elliott Springs,East Ricardomouth,NH,41710,1974-01-26,51,0,ACTIVE
1766820393,April,Jones,April Jones,april.jones@company.com,company.com,2022-03-01,Hr Manager,HR,58938,MID,1766819998,34795 Tim Club,Port Kelly,OR,22720,1989-01-29,36,3,TERMINATED
1766820411,Ariel,Horton,Ariel Horton,ariel.horton@company.com,company.com,2025-03-02,Learning & Development Lead,HR,132046,SENIOR,1766820214,34290 Williams Ville Suite 409,Lake Staceyville,AL,33014,1986-06-01,39,0,ACTIVE
1766819616,Arthur,Burnett,Arthur Burnett,arthur.burnett@company.com,company.com,2025-06-25,Business Intelligence Analyst,ANALYTICS,131067,SENIOR,1766819534,3207 Steve Harbors Suite 782,Samanthaberg,MS,29191,1975-08-27,50,0,TERMINATED
1766820124,Ashlee,Johnson,Ashlee Johnson,ashlee.johnson@company.com,company.com,2019-08-12,Business Development Representative,SALES,86731,SENIOR,1766819617,933 Omar Prairie,Margaretview,MN,32484,1984-07-15,41,6,ACTIVE
1766820238,Ashley,Cruz,Ashley Cruz,ashley.cruz@company.com,company.com,2020-10-17,Learning & Development Lead,HR,79715,MID,11913,9025 Ross Burg Suite 181,Pittmanport,MT,89606,1973-12-05,52,5,TERMINATED
1766820322,Ashley,Lewis,Ashley Lewis,ashley.lewis@company.com,company.com,2016-08-25,Learning & Development Lead,HR,148173,SENIOR,1766819943,91560 Chad Gateway,North Stephenport,MI,2490,1964-02-06,61,9,TERMINATED
1766820701,Ashley,Powell,Ashley Powell,ashley.powell@company.com,company.com,2022-10-29,Learning & Development Lead,HR,132657,SENIOR,1766819874,510 Laura Park Suite 859,New Steven,AS,26221,1993-05-18,32,3,TERMINATED
1766819543,Ashley,Walsh,Ashley Walsh,ashley.walsh@company.com,company.com,2018-01-28,Hr Assistant,HR,73353,MID,1766819540,64787 Maria Plaza,South Jamesbury,AK,24900,2003-01-05,22,7,TERMINATED
1766820589,Ashley,Wells,Ashley Wells,ashley.wells@company.com,company.com,2019-02-24,Sales Associate,SALES,43506,JUNIOR,1766820351,32217 Huff Estate,West Eric,MD,83297,1973-02-25,52,6,ACTIVE
1766820227,Ashley,White,Ashley White,ashley.white@company.com,company.com,2021-05-05,Hr Generalist,HR,127938,SENIOR,1766819686,620 Fletcher Track,Cabrerastad,WV,5938,1974-02-06,51,4,ON LEAVE
1766820241,Audrey,Davidson,Audrey Davidson,audrey.davidson@company.com,company.com,2019-11-22,Analytics Manager,ANALYTICS,57348,MID,10530,46917 Stevens Avenue Apt. 675,Nicoleberg,AS,61072,1969-09-03,56,6,TERMINATED
1766819718,Austin,Camacho,Austin Camacho,austin.camacho@company.com,company.com,2025-09-12,Sales Manager,SALES,61232,MID,1766819534,84709 Patricia Wells Apt. 021,Brooksmouth,NJ,28056,1966-12-15,59,0,ACTIVE
1766820818,Austin,Martinez,Austin Martinez,austin.martinez@company.com,company.com,2023-01-25,Talent Acquisition Specialist,HR,140907,SENIOR,1766820242,881 Taylor Terrace Apt. 739,East Kimberlymouth,FM,6288,1997-12-20,28,2,TERMINATED
1766820632,Austin,Walker,Austin Walker,austin.walker@company.com,company.com,2019-04-22,Sales Operations Analyst,SALES,40586,JUNIOR,1766819976,7687 Jason Creek,Jonesview,KY,94638,1996-12-13,29,6,ACTIVE
1766819895,Barbara,Anderson,Barbara Anderson,barbara.anderson@company.com,company.com,2017-06-30,Security Analyst,IT,60491,MID,1766819823,120 Christopher Valleys Apt. 574,Chloefort,SC,10199,1982-03-07,43,8,ACTIVE
1766820767,Barbara,Bean,Barbara Bean,barbara.bean@company.com,company.com,2018-07-04,Sales Operations Analyst,SALES,89941,SENIOR,1766820553,9367 Nancy Union Suite 821,Vargasburgh,UT,85556,1982-04-27,43,7,ON LEAVE
1766819572,Barbara,Garcia,Barbara Garcia,barbara.garcia@company.com,company.com,2023-09-28,Data Analyst,ANALYTICS,112044,SENIOR,1766819541,026 Macias Freeway Suite 660,Carolineborough,ID,51098,1966-05-04,59,2,ON LEAVE
1766820377,Barbara,Mckinney,Barbara Mckinney,barbara.mckinney@company.com,company.com,2017-04-19,Talent Acquisition Specialist,HR,110053,SENIOR,1766820022,365 Parsons Expressway Suite 770,Lake Andrewborough,GU,65345,1993-02-10,32,8,ACTIVE
1766819868,Barry,Hill,Barry Hill,barry.hill@company.com,company.com,2017-02-17,It Manager,IT,118028,SENIOR,1766819585,528 Fitzgerald Villages Suite 947,East Christina,CA,52749,1974-07-21,51,8,ACTIVE
1766820645,Becky,Adams,Becky Adams,becky.adams@company.com,company.com,2024-05-30,Sales Manager,SALES,58812,MID,1766820139,72700 Patton Mountains Suite 512,Lopezview,MP,863,1979-07-25,46,1,ACTIVE
1766820232,Becky,Gardner,Becky Gardner,becky.gardner@company.com,company.com,2025-03-25,Sales Operations Analyst,SALES,50691,MID,,947 Samantha Port,Port Christopherfurt,OH,72508,1980-05-15,45,0,ACTIVE
1766819837,Becky,Luna,Becky Luna,becky.luna@company.com,company.com,2017-05-06,Security Analyst,IT,49632,JUNIOR,1766819786,5459 Timothy Mountain Apt. 361,Lake Kimberlyfurt,AL,9677,1991-09-09,34,8,ACTIVE
1766819977,Belinda,Bryant,Belinda Bryant,belinda.bryant@company.com,company.com,2017-01-03,Systems Administrator,IT,137554,SENIOR,1766819620,99893 Davis Mount Suite 628,Brownport,MN,94647,1969-01-31,56,8,TERMINATED
1766820570,Benjamin,Nguyen,Benjamin Nguyen,benjamin.nguyen@company.com,company.com,2021-09-16,Devops Engineer,IT,141819,SENIOR,,37969 Tyler Brooks,Jonesmouth,AZ,61130,1982-01-10,43,4,ACTIVE
1766819881,Bernard,Freeman,Bernard Freeman,bernard.freeman@company.com,company.com,2021-06-04,Sales Associate,SALES,112306,SENIOR,1766819577,39177 Huff Turnpike Suite 976,Yateschester,FM,20868,1980-04-03,45,4,ACTIVE
1766820055,Bethany,Holt,Bethany Holt,bethany.holt@company.com,company.com,2019-04-26,Sales Associate,SALES,130643,SENIOR,1766819903,235 Lucas Shore,Mariamouth,VT,53712,1961-08-04,64,6,ON LEAVE
1766819949,Bethany,Wang,Bethany Wang,bethany.wang@company.com,company.com,2022-12-02,Hr Generalist,HR,45046,JUNIOR,1766819676,7889 Franklin Pass,Floydfort,LA,89259,1984-01-02,41,3,ACTIVE
1766820482,Beverly,Medina,Beverly Medina,beverly.medina@company.com,company.com,2023-02-21,Data Engineer,ANALYTICS,98370,SENIOR,1766820087,084 Theresa Crossing Apt. 589,West Jessica,FM,8262,1973-11-02,52,2,TERMINATED
1766820679,Bianca,Miranda,Bianca Miranda,bianca.miranda@company.com,company.com,2017-09-25,Account Executive,SALES,136549,SENIOR,1766820139,32797 Victor Terrace Apt. 081,Millerville,NC,31157,1974-05-24,51,8,TERMINATED
1766820149,Blake,Holt,Blake Holt,blake.holt@company.com,company.com,2016-06-20,Product Analyst,ANALYTICS,76451,MID,1766820141,3192 Clark Viaduct Apt. 242,Richardberg,PW,52496,1992-03-14,33,9,TERMINATED
1766819615,Bobby,Sawyer,Bobby Sawyer,bobby.sawyer@company.com,company.com,2020-07-31,Data Engineer,ANALYTICS,79797,MID,11405,53414 Walters Cove,Kylefurt,NC,42043,1964-05-06,61,5,ON LEAVE
1766819659,Bonnie,Hale,Bonnie Hale,bonnie.hale@company.com,company.com,2025-06-17,Sales Manager,SALES,53110,MID,1766819585,147 Amanda Plains,Tonibury,AZ,7144,1990-10-28,35,0,ON LEAVE
1766820505,Bradley,Adkins,Bradley Adkins,bradley.adkins@company.com,company.com,2017-07-15,Devops Engineer,IT,94183,SENIOR,1766819972,9267 Harris Crossing Suite 424,Jeremyborough,NC,45832,1963-09-07,62,8,ON LEAVE
1766820744,Bradley,Tran,Bradley Tran,bradley.tran@company.com,company.com,2016-07-01,Security Analyst,IT,93874,SENIOR,1766819927,797 Jones Camp Apt. 954,North Kimberly,IA,52814,1963-07-19,62,9,TERMINATED
1766820336,Brady,Taylor,Brady Taylor,brady.taylor@company.com,company.com,2024-10-03,Hr Manager,HR,146028,SENIOR,11745,226 Jamie Causeway,Morseshire,VI,54004,1994-01-16,31,1,TERMINATED
1766820529,Brandi,Anderson,Brandi Anderson,brandi.anderson@company.com,company.com,2019-01-18,Product Analyst,ANALYTICS,51994,MID,1766820423,84697 Byrd Keys,East Anthony,IN,28942,2002-04-22,23,6,ACTIVE
1766820816,Brandi,Rodgers,Brandi Rodgers,brandi.rodgers@company.com,company.com,2020-06-22,Hr Generalist,HR,54247,MID,1766819948,9753 David Green,East Cameronmouth,MA,80153,1975-04-07,50,5,ACTIVE
1766819662,Brandon,Larsen,Brandon Larsen,brandon.larsen@company.com,company.com,2016-12-12,Data Engineer,ANALYTICS,104738,SENIOR,1766819626,656 Jacqueline Meadow Suite 237,East Deborah,KY,22780,1996-12-30,28,9,TERMINATED
1766819932,Brandon,Nelson,Brandon Nelson,brandon.nelson@company.com,company.com,2019-09-12,Hr Assistant,HR,65355,MID,1766819816,179 George Throughway Apt. 093,Lake Terri,NC,40808,1965-10-28,60,6,ACTIVE
1766819840,Brandy,Fletcher,Brandy Fletcher,brandy.fletcher@company.com,company.com,2024-09-22,Systems Administrator,IT,130243,SENIOR,1766819832,89220 Walker Shoals,Hutchinsonfurt,SD,51437,1989-05-30,36,1,ACTIVE
1766819841,Brandy,Gomez,Brandy Gomez,brandy.gomez@company.com,company.com,2018-02-08,Hr Manager,HR,94219,SENIOR,,25989 Hale Station,Judithland,WI,63209,1961-07-22,64,7,ACTIVE
1766820524,Brenda,Wilson,Brenda Wilson,brenda.wilson@company.com,company.com,2018-03-23,Sales Associate,SALES,102752,SENIOR,1766820462,1613 Cindy Keys Apt. 135,East Amyton,MT,75047,1998-07-23,27,7,TERMINATED
1766820448,Brent,Wilson,Brent Wilson,brent.wilson@company.com,company.com,2021-10-12,Talent Acquisition Specialist,HR,114593,SENIOR,1766819868,93004 Shane Valleys Apt. 139,New Caitlin,MA,12612,1964-08-03,61,4,ON LEAVE
1766820376,Brett,Brown,Brett Brown,brett.brown@company.com,company.com,2017-06-08,Business Intelligence Analyst,ANALYTICS,135029,SENIOR,,41516 Garrison Walks,Buckleyton,AR,22436,1972-10-04,53,8,ACTIVE
1766820332,Brian,Ball,Brian Ball,brian.ball@company.com,company.com,2019-02-06,Security Analyst,IT,45238,JUNIOR,1766819620,8210 Nicholas Crossing Suite 654,East Luisside,UT,88074,1985-03-20,40,6,ON LEAVE
1766820208,Brian,Bush,Brian Bush,brian.bush@company.com,company.com,2016-12-06,Hr Assistant,HR,48569,JUNIOR,1766819913,2334 West Canyon,Hillburgh,PA,59909,2002-10-15,23,9,ON LEAVE
1766819865,Brian,Davis,Brian Davis,brian.davis@company.com,company.com,2019-09-12,Security Analyst,IT,51190,MID,1766819676,847 Oliver Village Apt. 830,Fergusontown,NC,66701,1980-09-30,45,6,TERMINATED
1766820523,Brian,Harris,Brian Harris,brian.harris@company.com,company.com,2024-03-16,It Manager,IT,113602,SENIOR,1766819927,087 Sarah Alley Apt. 640,Lake Oliviastad,ME,46757,1988-12-05,37,1,ACTIVE
1766819721,Brian,Howell,Brian Howell,brian.howell@company.com,company.com,2020-05-13,Devops Engineer,IT,95509,SENIOR,1766819555,34337 Jason Skyway,Port Nancy,KY,57693,1996-01-05,29,5,TERMINATED
1766820289,Brian,Johnston,Brian Johnston,brian.johnston@company.com,company.com,2016-06-27,It Manager,IT,68847,MID,10546,9502 Spencer Mill,Gravesfort,NE,74864,1981-11-28,44,9,ACTIVE
1766820135,Brian,King,Brian King,brian.king@company.com,company.com,2016-07-20,Devops Engineer,IT,44417,JUNIOR,1766819857,370 Booth Harbors Suite 714,South Hannahshire,AS,95798,1963-12-31,61,9,ACTIVE
1766820541,Brian,Knight,Brian Knight,brian.knight@company.com,company.com,2017-03-25,Systems Administrator,IT,114727,SENIOR,1766820217,201 Cox Lodge,West Rebecca,TX,55311,1985-10-12,40,8,TERMINATED
1766820395,Brian,Sawyer,Brian Sawyer,brian.sawyer@company.com,company.com,2017-10-02,Talent Acquisition Specialist,HR,136745,SENIOR,1766819685,1654 Jason Flats,Hensleyborough,MS,32090,1987-04-22,38,8,ON LEAVE
1766819580,Brian,Williams,Brian Williams,brian.williams@company.com,company.com,2023-04-25,Learning & Development Lead,HR,140860,SENIOR,1766819534,18471 David Inlet,East Rachelmouth,MI,47675,1988-05-01,37,2,ON LEAVE
1766819607,Briana,Hester,Briana Hester,briana.hester@company.com,company.com,2022-03-08,Sales Associate,SALES,135286,SENIOR,1766819577,95473 Ferrell Way,East Jill,VI,59341,1976-06-28,49,3,ON LEAVE
1766819640,Briana,Livingston,Briana Livingston,briana.livingston@company.com,company.com,2016-12-07,Product Analyst,ANALYTICS,58246,MID,1766819622,570 Cooper Corners Apt. 084,Lake Albertbury,GA,49860,1971-03-27,54,9,ON LEAVE
1766819833,Briana,Watson,Briana Watson,briana.watson@company.com,company.com,2018-10-31,Talent Acquisition Specialist,HR,119734,SENIOR,1766819659,4477 Hopkins Alley,Spencerton,HI,41928,1969-10-13,56,7,ON LEAVE
1766820583,Brianna,Simmons,Brianna Simmons,brianna.simmons@company.com,company.com,2016-01-15,Sales Operations Analyst,SALES,143837,SENIOR,1766820050,312 Chavez Glens,South Laurachester,OK,16099,1995-12-26,30,9,ON LEAVE
1766820815,Brittany,Brown,Brittany Brown,brittany.brown@company.com,company.com,2024-04-28,Data Analyst,ANALYTICS,63493,MID,1766819959,91991 Jill Well,Jasmineburgh,FL,91524,1998-02-20,27,1,ACTIVE
1766819560,Brittany,Solomon,Brittany Solomon,brittany.solomon@company.com,company.com,2021-05-03,Sales Associate,SALES,81834,SENIOR,,856 Mccullough Underpass,South Tyler,WI,79789,1987-11-30,38,4,ACTIVE
1766820046,Brooke,Gray,Brooke Gray,brooke.gray@company.com,company.com,2022-12-26,Learning & Development Lead,HR,63925,MID,,360 Jared Orchard,Port Cheryl,IN,9525,1962-04-01,63,3,ACTIVE
1766819652,Bruce,Allen,Bruce Allen,bruce.allen@company.com,company.com,2017-02-02,Data Analyst,ANALYTICS,69232,MID,1766819622,0770 Bruce Fords Suite 471,Snowview,CT,13411,1991-12-20,34,8,ON LEAVE
1766819547,Bruce,Ayala,Bruce Ayala,bruce.ayala@company.com,company.com,2016-02-21,Analytics Manager,ANALYTICS,104163,SENIOR,,850 Phillips Station,New Kaylaborough,AS,97498,1987-08-17,38,9,ON LEAVE
1766819971,Bruce,Gonzalez,Bruce Gonzalez,bruce.gonzalez@company.com,company.com,2023-10-04,Hr Generalist,HR,130961,SENIOR,1766819877,60615 Ortiz Island,Port Paul,MN,14686,1986-08-28,39,2,ON LEAVE
1766820466,Bruce,Jackson,Bruce Jackson,bruce.jackson@company.com,company.com,2019-04-28,Data Engineer,ANALYTICS,117530,SENIOR,11784,537 Mccormick Trail,Lestad,NC,60078,2002-11-16,23,6,TERMINATED
1766819910,Bruce,Wall,Bruce Wall,bruce.wall@company.com,company.com,2019-01-23,It Support Specialist,IT,145960,SENIOR,1766819778,19012 Morris Trace,Johnmouth,CA,51096,1976-12-07,49,6,ON LEAVE
1766819694,Bryan,Alexander,Bryan Alexander,bryan.alexander@company.com,company.com,2024-09-22,Hr Assistant,HR,56528,MID,1766819540,08772 Kyle Union,Jimenezberg,DE,27986,1978-10-07,47,1,ON LEAVE
1766820485,Bryan,Cervantes,Bryan Cervantes,bryan.cervantes@company.com,company.com,2024-11-04,Data Analyst,ANALYTICS,41010,JUNIOR,1766819534,74404 James Lake,Odomfort,AS,28175,1961-04-22,64,1,ACTIVE
1766820688,Bryan,Jones,Bryan Jones,bryan.jones@company.com,company.com,2021-12-13,It Support Specialist,IT,105000,SENIOR,1766819974,6189 Lisa Point,Aprilchester,NC,62342,1967-04-11,58,4,ACTIVE
1766820819,Candace,Williams,Candace Williams,candace.williams@company.com,company.com,2018-01-02,Hr Manager,HR,46885,JUNIOR,1766819867,945 Moran Ports,Sherylborough,DC,31462,1990-07-24,35,7,TERMINATED
1766820574,Candice,Knight,Candice Knight,candice.knight@company.com,company.com,2023-01-19,Talent Acquisition Specialist,HR,122846,SENIOR,1766819959,285 Karen Square Suite 916,North Gregory,VI,16683,1987-02-22,38,2,ACTIVE
1766819573,Carl,Lawson,Carl Lawson,carl.lawson@company.com,company.com,2024-04-05,Sales Associate,SALES,120672,SENIOR,1766819557,57024 Smith Park Suite 351,Lake Mario,TN,34698,1960-08-25,65,1,ACTIVE
1766820730,Carla,Romero,Carla Romero,carla.romero@company.com,company.com,2023-07-24,Sales Associate,SALES,48292,JUNIOR,1766819856,6125 Young Wall,Dickersonberg,OK,44427,1967-09-28,58,2,ON LEAVE
1766819901,Carla,Smith,Carla Smith,carla.smith@company.com,company.com,2024-11-25,Security Analyst,IT,50388,MID,1766819868,50954 Anna Brooks Apt. 841,West Melissa,MT,96076,1965-11-29,60,1,TERMINATED
1766820013,Carlos,Reed,Carlos Reed,carlos.reed@company.com,company.com,2016-07-27,Sales Associate,SALES,44273,JUNIOR,,0930 Owens Curve,South Jessicaburgh,MN,73825,1999-02-02,26,9,ACTIVE
1766820242,Carlos,Yates,Carlos Yates,carlos.yates@company.com,company.com,2024-10-25,Sales Manager,SALES,117807,SENIOR,1766820139,35578 Theodore Walks Suite 433,North Corey,AK,46516,1983-03-02,42,1,ACTIVE
1766820687,Carmen,Gibson,Carmen Gibson,carmen.gibson@company.com,company.com,2018-07-23,Talent Acquisition Specialist,HR,71921,MID,,210 Cody Ports Apt. 673,Kyleburgh,OK,56158,1970-04-24,55,7,ACTIVE
1766820195,Carol,Hernandez,Carol Hernandez,carol.hernandez@company.com,company.com,2020-02-10,Sales Associate,SALES,67828,MID,1766819877,5050 Carroll Mission Suite 445,East Veronica,VA,51232,1987-09-14,38,5,ON LEAVE
1766820547,Carol,Wheeler,Carol Wheeler,carol.wheeler@company.com,company.com,2020-11-15,Analytics Manager,ANALYTICS,142014,SENIOR,1766820511,439 Zimmerman Keys,Scotthaven,TN,51726,1988-09-19,37,5,TERMINATED
1766820261,Carolyn,Bennett,Carolyn Bennett,carolyn.bennett@company.com,company.com,2016-06-08,Business Intelligence Analyst,ANALYTICS,84217,SENIOR,1766819546,42933 Robin Path,Coxfurt,NM,99129,1995-10-31,30,9,TERMINATED
1766819536,Carolyn,Perry,Carolyn Perry,carolyn.perry@company.com,company.com,2024-08-15,Hr Manager,HR,86551,SENIOR,1766819534,4682 Deanna Falls,Ryanberg,AR,48623,1995-05-14,30,1,ACTIVE
1766819556,Carolyn,Peters,Carolyn Peters,carolyn.peters@company.com,company.com,2025-05-31,Hr Assistant,HR,117017,SENIOR,,0025 Edwin Extensions Suite 018,East Barbara,MO,60612,1963-06-29,62,0,ACTIVE
1766819854,Carolyn,Weeks,Carolyn Weeks,carolyn.weeks@company.com,company.com,2024-07-17,Hr Manager,HR,138205,SENIOR,1766819546,6452 Burgess Dam,West Williamhaven,SC,46912,1998-04-20,27,1,ON LEAVE
1766820739,Carrie,Hampton,Carrie Hampton,carrie.hampton@company.com,company.com,2017-02-07,Learning & Development Lead,HR,118250,SENIOR,1766820726,822 Kristen Streets,Maryberg,MO,90158,1984-06-28,41,8,TERMINATED
1766820664,Carrie,Miller,Carrie Miller,carrie.miller@company.com,company.com,2024-06-04,Talent Acquisition Specialist,HR,40551,JUNIOR,1766819823,411 Dana Park Suite 709,Everetttown,AL,21707,1960-02-01,65,1,ACTIVE
1766820611,Casey,Harris,Casey Harris,casey.harris@company.com,company.com,2017-07-12,Hr Assistant,HR,67412,MID,1766820014,614 Bob Divide Apt. 605,Jasonville,SD,80932,1991-08-26,34,8,TERMINATED
1766820548,Cassandra,Smith,Cassandra Smith,cassandra.smith@company.com,company.com,2020-01-11,It Manager,IT,128209,SENIOR,1766820504,02219 Sutton Squares Apt. 299,East Rebekah,AR,55710,1989-07-26,36,5,ON LEAVE
1766820696,Catherine,Castillo,Catherine Castillo,catherine.castillo@company.com,company.com,2025-12-20,Data Engineer,ANALYTICS,66145,MID,1766819948,395 Davis Extension,Aaronmouth,MH,28507,1974-05-02,51,0,ON LEAVE
1766820493,Catherine,Howard,Catherine Howard,catherine.howard@company.com,company.com,2016-07-07,Sales Operations Analyst,SALES,74517,MID,11740,324 King Lodge,Alanmouth,FM,81930,1969-06-21,56,9,ACTIVE
1766820546,Chad,Lopez,Chad Lopez,chad.lopez@company.com,company.com,2022-04-10,Talent Acquisition Specialist,HR,92838,SENIOR,1766820489,112 Vazquez Crest Apt. 032,Suzanneside,MI,80318,1964-07-30,61,3,ACTIVE
1766820162,Charles,Brown,Charles Brown,charles.brown@company.com,company.com,2021-08-19,Hr Assistant,HR,93692,SENIOR,1766819546,89445 Christopher Tunnel Apt. 404,South Christian,NV,16876,1972-12-13,53,4,ACTIVE
1766819867,Charles,Burch,Charles Burch,charles.burch@company.com,company.com,2017-09-07,Learning & Development Lead,HR,98436,SENIOR,1766819659,1297 Mark Crest Suite 705,North Antoniofort,NJ,59423,1966-03-03,59,8,ACTIVE
1766820032,Charles,Cherry,Charles Cherry,charles.cherry@company.com,company.com,2022-05-20,It Support Specialist,IT,116914,SENIOR,1766819842,160 Jasmine Burg Apt. 788,New Karlbury,MI,79717,2003-05-10,22,3,ACTIVE
1766820041,Charles,Jones,Charles Jones,charles.jones@company.com,company.com,2023-06-08,It Support Specialist,IT,69649,MID,1766819647,05659 Sarah Canyon Apt. 832,New Kimberlytown,MN,20409,1967-10-10,58,2,ACTIVE
1766819928,Charles,Price,Charles Price,charles.price@company.com,company.com,2018-12-09,Data Engineer,ANALYTICS,104515,SENIOR,1766819685,4356 Green Point,West Nicholasberg,RI,61790,1995-03-11,30,7,ON LEAVE
1766819948,Cheryl,Brown,Cheryl Brown,cheryl.brown@company.com,company.com,2024-08-22,Data Engineer,ANALYTICS,43655,JUNIOR,,705 Billy Fords,Barberfurt,MD,97884,1985-05-30,40,1,TERMINATED
1766820220,Cheryl,Mitchell,Cheryl Mitchell,cheryl.mitchell@company.com,company.com,2024-02-12,Data Engineer,ANALYTICS,87823,SENIOR,1766820205,843 Tucker Gateway Apt. 695,Port Timothymouth,GU,56774,1992-06-14,33,1,ON LEAVE
1766820722,Chris,Lamb,Chris Lamb,chris.lamb@company.com,company.com,2022-11-23,Hr Generalist,HR,141941,SENIOR,1766820465,3147 Mendez Spurs,Diazmouth,NC,31164,1997-12-29,27,3,TERMINATED
1766820256,Christie,Moyer,Christie Moyer,christie.moyer@company.com,company.com,2022-04-18,Learning & Development Lead,HR,136182,SENIOR,1766819710,7478 Russell Extension Suite 572,Matthewton,NJ,5853,1971-03-14,54,3,ACTIVE
1766820676,Christina,Mendoza,Christina Mendoza,christina.mendoza@company.com,company.com,2020-10-25,Account Executive,SALES,131142,SENIOR,1766820236,0754 Oneill Station,Ryanberg,MH,70635,1994-01-27,31,5,ON LEAVE
1766820369,Christina,White,Christina White,christina.white@company.com,company.com,2020-04-08,Systems Administrator,IT,146928,SENIOR,10515,6813 Mark Stravenue Suite 291,Dillonstad,NH,41017,1982-01-21,43,5,ON LEAVE
1766819921,Christina,Williams,Christina Williams,christina.williams@company.com,company.com,2018-02-06,Talent Acquisition Specialist,HR,96526,SENIOR,1766819626,599 Johnson Trace,East Victormouth,NJ,76705,2001-09-09,24,7,ACTIVE
1766819896,Christina,Wilson,Christina Wilson,christina.wilson@company.com,company.com,2021-09-13,It Support Specialist,IT,100310,SENIOR,1766819864,9621 Park Lake,East Jamieville,AL,35770,1971-05-07,54,4,ON LEAVE
1766819602,Christine,Barron,Christine Barron,christine.barron@company.com,company.com,2020-08-08,Business Intelligence Analyst,ANALYTICS,85576,SENIOR,,0235 Kennedy Route Suite 536,Karenhaven,WA,80402,1966-11-23,59,5,TERMINATED
1766820134,Christine,Henry,Christine Henry,christine.henry@company.com,company.com,2019-05-10,Devops Engineer,IT,79153,MID,1766819956,12117 Huang Lakes,Chandlerhaven,UT,71821,1965-04-06,60,6,ON LEAVE
1766820594,Christine,Hopkins,Christine Hopkins,christine.hopkins@company.com,company.com,2025-06-26,It Manager,IT,51781,MID,1766820471,3076 Lam Brooks,Berryview,VT,87838,1971-12-01,54,0,TERMINATED
1766819900,Christine,Johnson,Christine Johnson,christine.johnson@company.com,company.com,2021-06-17,Data Analyst,ANALYTICS,143169,SENIOR,1766819647,06091 Darin Mount,Jamesborough,IA,35079,1994-01-20,31,4,ACTIVE
1766819856,Christine,Mccormick,Christine Mccormick,christine.mccormick@company.com,company.com,2021-04-03,Talent Acquisition Specialist,HR,87329,SENIOR,1766819854,38309 Smith Motorway Suite 362,North Jamesberg,LA,33581,1997-10-30,28,4,ON LEAVE
1766820382,Christopher,Brown,Christopher Brown,christopher.brown@company.com,company.com,2023-08-22,Devops Engineer,IT,149681,SENIOR,1766819710,72133 Vincent Fork,New Katiestad,VA,95527,1990-03-06,35,2,ON LEAVE
1766820020,Christopher,Carlson,Christopher Carlson,christopher.carlson@company.com,company.com,2022-05-03,Business Development Representative,SALES,43616,JUNIOR,11099,9595 Walker Plains Suite 324,Palmerbury,VT,60629,1970-06-18,55,3,ACTIVE
1766819882,Christopher,Gross,Christopher Gross,christopher.gross@company.com,company.com,2021-07-27,Hr Generalist,HR,99180,SENIOR,1766819868,0771 Davis Route,Wernerbury,IN,86564,1986-04-29,39,4,ON LEAVE
1766819715,Christopher,Kane,Christopher Kane,christopher.kane@company.com,company.com,2016-05-06,It Support Specialist,IT,45254,JUNIOR,1766819541,1021 Daniel Groves,East Davidton,VA,90220,1974-03-08,51,9,ON LEAVE
1766820254,Christopher,Marsh,Christopher Marsh,christopher.marsh@company.com,company.com,2016-05-05,Sales Associate,SALES,125407,SENIOR,1766820022,492 Vanessa Mountain Apt. 544,Brownside,CO,20016,1990-01-17,35,9,ON LEAVE
1766819739,Christopher,Mullins,Christopher Mullins,christopher.mullins@company.com,company.com,2023-03-20,Product Analyst,ANALYTICS,100549,SENIOR,1766819689,977 Gay Junctions,Amyview,CO,7215,1973-01-17,52,2,ON LEAVE
1766820036,Christopher,Taylor,Christopher Taylor,christopher.taylor@company.com,company.com,2016-11-03,Sales Associate,SALES,99182,SENIOR,1766819639,23935 Scott Mount,East Timothyport,MD,11911,1964-11-09,61,9,TERMINATED
1766819888,Christopher,Vazquez,Christopher Vazquez,christopher.vazquez@company.com,company.com,2016-08-10,Learning & Development Lead,HR,143082,SENIOR,1766819874,35052 Monica Motorway,Brewermouth,ID,25675,1999-06-02,26,9,ON LEAVE
1766820187,Cindy,Mann,Cindy Mann,cindy.mann@company.com,company.com,2022-05-16,Analytics Manager,ANALYTICS,142651,SENIOR,,601 Taylor Islands Apt. 396,Port Matthew,GU,83829,1976-02-23,49,3,ACTIVE
1766820660,Cindy,Pacheco,Cindy Pacheco,cindy.pacheco@company.com,company.com,2017-05-25,Sales Manager,SALES,125762,SENIOR,1766820459,05797 Ortiz Radial Apt. 366,Andrewhaven,NY,22844,2000-07-09,25,8,TERMINATED
1766820483,Cindy,Ramirez,Cindy Ramirez,cindy.ramirez@company.com,company.com,2020-01-04,Learning & Development Lead,HR,46523,JUNIOR,1766820455,71665 Heather Bridge,West Christopherchester,IN,30133,2003-11-15,22,5,TERMINATED
1766820091,Cody,Rocha,Cody Rocha,cody.rocha@company.com,company.com,2023-05-16,Devops Engineer,IT,128531,SENIOR,1766819639,279 King Orchard Apt. 455,Port Jerryton,NH,40596,1966-09-08,59,2,ON LEAVE
1766820540,Cole,Zimmerman,Cole Zimmerman,cole.zimmerman@company.com,company.com,2019-12-18,Business Intelligence Analyst,ANALYTICS,45080,JUNIOR,1766820164,77683 Wilkins Ridges,Lisaberg,PA,88852,1991-01-07,34,6,ACTIVE
1766819931,Colleen,Dennis,Colleen Dennis,colleen.dennis@company.com,company.com,2024-07-04,Analytics Manager,ANALYTICS,63777,MID,1766819547,76969 Adrian Prairie Apt. 267,Amandaburgh,NM,10793,1971-08-30,54,1,ACTIVE
1766819756,Colleen,Shaw,Colleen Shaw,colleen.shaw@company.com,company.com,2021-04-21,Data Engineer,ANALYTICS,45523,JUNIOR,,3997 Norris Mews Apt. 754,Lake Crystal,DE,6252,1979-09-09,46,4,TERMINATED
1766819603,Corey,Taylor,Corey Taylor,corey.taylor@company.com,company.com,2020-12-09,Sales Associate,SALES,88454,SENIOR,1766819557,06753 Wilkins Skyway,Lake Kevinton,PR,92863,1996-08-02,29,5,ACTIVE
1766820758,Courtney,Gibson,Courtney Gibson,courtney.gibson@company.com,company.com,2023-09-17,Learning & Development Lead,HR,77024,MID,11659,060 Patrick Mall,Garciaberg,AZ,77102,2000-02-15,25,2,ACTIVE
1766820305,Courtney,Williams,Courtney Williams,courtney.williams@company.com,company.com,2020-09-11,Devops Engineer,IT,90724,SENIOR,1766820273,614 Webb Extension Apt. 126,Floresburgh,AR,66537,1963-07-12,62,5,TERMINATED
1766820284,Craig,Gentry,Craig Gentry,craig.gentry@company.com,company.com,2016-04-29,It Support Specialist,IT,132388,SENIOR,1766820076,168 Latoya Junction Apt. 322,Stevenview,CA,12322,2001-07-23,24,9,ACTIVE
1766820090,Craig,Nelson,Craig Nelson,craig.nelson@company.com,company.com,2017-07-12,Hr Assistant,HR,65842,MID,1766819931,6791 Solomon Park,Lake Rhonda,KY,73598,1979-01-16,46,8,TERMINATED
1766820311,Craig,Pierce,Craig Pierce,craig.pierce@company.com,company.com,2018-09-09,Learning & Development Lead,HR,52069,MID,,76542 Madison Fall Suite 317,East Pamela,MS,59172,1977-05-07,48,7,ACTIVE
1766820450,Crystal,Everett,Crystal Everett,crystal.everett@company.com,company.com,2017-11-23,Sales Manager,SALES,123818,SENIOR,1766820164,5769 Parks Viaduct,East Brendachester,VA,22544,1960-08-22,65,8,ACTIVE
1766820140,Crystal,Miller,Crystal Miller,crystal.miller@company.com,company.com,2025-10-24,Data Engineer,ANALYTICS,121908,SENIOR,1766819927,543 Long Prairie Suite 898,North Brendan,VI,73427,1980-01-12,45,0,TERMINATED
1766820463,Crystal,Sellers,Crystal Sellers,crystal.sellers@company.com,company.com,2023-07-09,Sales Associate,SALES,78227,MID,1766819924,45920 Lindsay Road,New Joshua,ID,55252,2002-12-14,23,2,ACTIVE
1766820647,Curtis,Smith,Curtis Smith,curtis.smith@company.com,company.com,2018-03-12,Analytics Manager,ANALYTICS,65392,MID,1766819823,00027 Victoria Junction Apt. 457,South Kevin,FM,85007,1982-07-09,43,7,TERMINATED
1766819724,Cynthia,Bradford,Cynthia Bradford,cynthia.bradford@company.com,company.com,2018-01-03,Systems Administrator,IT,54978,MID,1766819649,047 Sarah Mount Suite 534,North Catherine,PR,42624,2002-12-20,23,7,ACTIVE
1766820630,Cynthia,Price,Cynthia Price,cynthia.price@company.com,company.com,2017-08-24,Devops Engineer,IT,71509,MID,1766820504,1571 Brown Heights Apt. 878,Lake Joshua,MH,73610,1996-09-26,29,8,ACTIVE
1766820572,Dale,Richardson,Dale Richardson,dale.richardson@company.com,company.com,2020-03-11,Talent Acquisition Specialist,HR,60022,MID,1766820517,3923 Erik Highway,Barrystad,VI,88941,1998-11-07,27,5,ACTIVE
1766819646,Dana,Cooper,Dana Cooper,dana.cooper@company.com,company.com,2023-09-07,It Manager,IT,51511,MID,,078 Alisha Mews Apt. 395,East Rhonda,FL,74186,1994-06-01,31,2,ACTIVE
1766819920,Dana,Decker,Dana Decker,dana.decker@company.com,company.com,2020-06-19,It Support Specialist,IT,46430,JUNIOR,1766819547,3462 Thompson Divide Suite 435,Hughesville,CA,21237,1966-01-02,59,5,TERMINATED
1766819789,Dana,Hahn,Dana Hahn,dana.hahn@company.com,company.com,2021-05-30,Data Analyst,ANALYTICS,78614,MID,1766819685,670 Julie Avenue Apt. 981,New Kyle,KS,61812,2001-03-10,24,4,TERMINATED
1766819665,Daniel,Bowman,Daniel Bowman,daniel.bowman@company.com,company.com,2025-09-05,Analytics Manager,ANALYTICS,40693,JUNIOR,1766819541,27984 Joseph Radial Apt. 447,North Erica,GU,81869,1984-05-21,41,0,ACTIVE
1766819956,Daniel,Brown,Daniel Brown,daniel.brown@company.com,company.com,2020-12-09,Learning & Development Lead,HR,125633,SENIOR,1766819899,8476 Brown Lakes,East Latasha,ID,73101,1964-11-30,61,5,TERMINATED
1766819924,Daniel,Carr,Daniel Carr,daniel.carr@company.com,company.com,2023-09-09,It Support Specialist,IT,99639,SENIOR,1766819867,9477 Morgan Greens,North Billy,SC,44413,2001-03-14,24,2,ACTIVE
1766820338,Daniel,Compton,Daniel Compton,daniel.compton@company.com,company.com,2018-07-23,Hr Manager,HR,144303,SENIOR,1766820309,66213 Adams Square,Williamsbury,NH,12426,1982-02-09,43,7,TERMINATED
1766819634,Daniel,Hernandez,Daniel Hernandez,daniel.hernandez@company.com,company.com,2025-05-05,Learning & Development Lead,HR,99176,SENIOR,1766819546,927 Lisa Union Suite 825,North Michelletown,OR,15652,1980-11-29,45,0,ACTIVE
1766819828,Daniel,Marquez,Daniel Marquez,daniel.marquez@company.com,company.com,2021-07-27,Sales Associate,SALES,66189,MID,,91024 Heather Mills Suite 509,Mercadoberg,GA,69868,1975-09-27,50,4,ON LEAVE
1766820133,Daniel,Miller,Daniel Miller,daniel.miller@company.com,company.com,2018-11-22,Data Analyst,ANALYTICS,136327,SENIOR,1766819953,8754 Debbie Summit Suite 206,North Tylerberg,MP,43878,1974-02-27,51,7,ACTIVE
1766820092,Daniel,Moyer,Daniel Moyer,daniel.moyer@company.com,company.com,2016-02-20,It Manager,IT,105118,SENIOR,1766819899,3733 Mclean Bridge,Robinsontown,KS,68930,1964-09-02,61,9,ACTIVE
1766820268,Daniel,Nelson,Daniel Nelson,daniel.nelson@company.com,company.com,2022-11-02,Account Executive,SALES,128427,SENIOR,1766820131,07889 Williams Island Apt. 700,Port Bruceberg,SD,35171,1960-02-09,65,3,ACTIVE
1766819957,Daniel,Perkins,Daniel Perkins,daniel.perkins@company.com,company.com,2024-08-20,Hr Assistant,HR,109987,SENIOR,1766819799,572 Henry Row,Karenland,HI,97810,1960-01-25,65,1,ACTIVE
1766820735,Daniel,Thompson,Daniel Thompson,daniel.thompson@company.com,company.com,2024-07-15,Sales Associate,SALES,149510,SENIOR,1766820697,82590 Rogers Tunnel,South Jared,IA,43523,1964-12-06,61,1,TERMINATED
1766819839,Danielle,Jones,Danielle Jones,danielle.jones@company.com,company.com,2018-03-20,Sales Operations Analyst,SALES,67030,MID,1766819622,128 Simmons Underpass Suite 256,New Johnview,ID,5683,1983-05-01,42,7,ON LEAVE
1766820400,Danielle,Long,Danielle Long,danielle.long@company.com,company.com,2023-05-19,Data Analyst,ANALYTICS,85482,SENIOR,1766820372,139 Lopez Trail,Jakebury,AS,3322,2002-11-14,23,2,TERMINATED
1766820551,Danielle,Robinson,Danielle Robinson,danielle.robinson@company.com,company.com,2016-02-22,Hr Generalist,HR,149987,SENIOR,1766820089,1295 Vincent Courts Apt. 535,Harrellland,MH,35452,1976-11-22,49,9,ACTIVE
1766819671,Danielle,Rubio,Danielle Rubio,danielle.rubio@company.com,company.com,2018-06-18,Security Analyst,IT,147372,SENIOR,1766819649,9196 Reynolds Hills Suite 063,Jamesshire,WY,40624,1998-11-01,27,7,ON LEAVE
1766819904,Darius,Washington,Darius Washington,darius.washington@company.com,company.com,2025-05-07,Hr Assistant,HR,68436,MID,1766819649,70269 Wong Island Apt. 845,Fieldsfort,WA,24532,1997-10-08,28,0,ACTIVE
1766820510,Darlene,Hood,Darlene Hood,darlene.hood@company.com,company.com,2025-06-14,It Manager,IT,111057,SENIOR,11870,456 Williams Mountains Apt. 671,Scottchester,MA,20460,1996-01-01,29,0,TERMINATED
1766820389,Darrell,Larsen,Darrell Larsen,darrell.larsen@company.com,company.com,2017-12-08,It Support Specialist,IT,123605,SENIOR,1766820165,01479 Tracy Radial Apt. 341,South Diane,DC,65825,2000-07-18,25,8,TERMINATED
1766819678,Darren,Oneill,Darren Oneill,darren.oneill@company.com,company.com,2019-01-04,Data Engineer,ANALYTICS,118139,SENIOR,1766819646,461 Luis Pines,Marshallberg,NM,93480,1966-05-05,59,6,ACTIVE
1766819614,David,Cox,David Cox,david.cox@company.com,company.com,2017-07-22,Hr Manager,HR,58744,MID,1766819610,6872 Benson Circles Apt. 566,West Nicholas,VT,98714,1967-06-18,58,8,ON LEAVE
1766820706,David,Craig,David Craig,david.craig@company.com,company.com,2023-05-20,Product Analyst,ANALYTICS,115019,SENIOR,1766820001,353 Erika Fork Apt. 748,West Sherry,ID,22470,1997-02-26,28,2,ON LEAVE
1766820145,David,Evans,David Evans,david.evans@company.com,company.com,2019-04-08,Analytics Manager,ANALYTICS,41998,JUNIOR,1766820050,491 Murray Garden,Pageland,NJ,45057,1969-03-30,56,6,ACTIVE
1766819855,David,Herrera,David Herrera,david.herrera@company.com,company.com,2023-09-20,Business Development Representative,SALES,120125,SENIOR,1766819841,624 Lisa Extension Apt. 291,Adrianville,WA,9890,1988-07-27,37,2,ACTIVE
1766820029,David,Morris,David Morris,david.morris@company.com,company.com,2019-06-12,Learning & Development Lead,HR,108269,SENIOR,1766819892,0867 Sherri Junctions,Moonton,PR,25064,1990-08-17,35,6,TERMINATED
1766820387,David,Myers,David Myers,david.myers@company.com,company.com,2023-02-25,Hr Assistant,HR,128894,SENIOR,1766820001,07173 Shelton Isle Suite 659,Sharpside,AR,21959,1965-05-18,60,2,ACTIVE
1766820163,David,Thomas,David Thomas,david.thomas@company.com,company.com,2020-06-24,Learning & Development Lead,HR,83012,SENIOR,1766819676,38455 Jimmy Path Apt. 716,Davisfort,DC,74863,1983-06-28,42,5,ON LEAVE
1766819578,Dawn,Baker,Dawn Baker,dawn.baker@company.com,company.com,2021-02-15,Learning & Development Lead,HR,44632,JUNIOR,1766819568,1462 Anthony Rest Suite 458,Port Benjamin,GA,83169,1981-09-21,44,4,ON LEAVE
1766820108,Dean,Brown,Dean Brown,dean.brown@company.com,company.com,2017-09-30,Account Executive,SALES,49488,JUNIOR,1766819985,04448 Eric Valley,Port Amyville,NC,18629,1960-05-30,65,8,ACTIVE
1766820626,Dean,Roberts,Dean Roberts,dean.roberts@company.com,company.com,2017-10-28,Account Executive,SALES,139529,SENIOR,1766819974,3900 Jackson Squares,Sandrafurt,CO,59200,1987-06-11,38,8,ACTIVE
1766819657,Debbie,Sullivan,Debbie Sullivan,debbie.sullivan@company.com,company.com,2016-11-07,Sales Operations Analyst,SALES,128465,SENIOR,1766819626,7052 Nancy Forge Apt. 705,West Troyport,IL,97277,1988-02-11,37,9,ACTIVE
1766820114,Deborah,Mays,Deborah Mays,deborah.mays@company.com,company.com,2017-01-20,Sales Associate,SALES,111608,SENIOR,,314 Mark Unions Apt. 147,Mortonfurt,KY,69786,1994-08-15,31,8,ACTIVE
1766819878,Deborah,Shepherd,Deborah Shepherd,deborah.shepherd@company.com,company.com,2016-01-25,Talent Acquisition Specialist,HR,63678,MID,1766819761,6192 Baker View Suite 614,Johnsonshire,IN,90126,1967-06-24,58,9,ACTIVE
1766819845,Deborah,Turner,Deborah Turner,deborah.turner@company.com,company.com,2018-11-28,Hr Generalist,HR,92288,SENIOR,1766819593,076 Jeffrey Underpass,Karaside,GU,10180,1960-07-24,65,7,ACTIVE
1766820209,Debra,Goodwin,Debra Goodwin,debra.goodwin@company.com,company.com,2022-12-14,Sales Operations Analyst,SALES,122377,SENIOR,11793,8165 Guzman Ford Apt. 147,West Lisa,ME,75108,1998-02-16,27,3,ACTIVE
1766820621,Debra,Munoz,Debra Munoz,debra.munoz@company.com,company.com,2023-10-16,Analytics Manager,ANALYTICS,65621,MID,1766820171,90301 Alexander Crest Suite 140,New Tarashire,IN,43254,1997-12-30,27,2,ON LEAVE
1766820224,Denise,Hudson,Denise Hudson,denise.hudson@company.com,company.com,2018-10-10,Account Executive,SALES,136124,SENIOR,,437 Erica Hills,Port Jameshaven,TN,56845,1998-05-16,27,7,ACTIVE
1766820014,Denise,Torres,Denise Torres,denise.torres@company.com,company.com,2017-07-11,Learning & Development Lead,HR,44856,JUNIOR,1766819710,40039 Warren Fall,Port Aaron,OH,5747,1983-03-20,42,8,ACTIVE
1766820783,Dennis,Davidson,Dennis Davidson,dennis.davidson@company.com,company.com,2017-06-20,Analytics Manager,ANALYTICS,144248,SENIOR,1766820732,1257 Jennifer Haven,Cynthiaton,NV,2737,2000-06-20,25,8,ACTIVE
1766819885,Dennis,White,Dennis White,dennis.white@company.com,company.com,2023-04-18,Hr Assistant,HR,87895,SENIOR,1766819799,7026 Michelle Greens Suite 783,Cheryltown,IA,12897,1969-09-03,56,2,TERMINATED
1766819626,Derek,Hernandez,Derek Hernandez,derek.hernandez@company.com,company.com,2021-01-07,Hr Manager,HR,104241,SENIOR,1766819534,42861 John Street Apt. 604,North Shannonshire,CO,15152,1963-05-11,62,4,ACTIVE
1766820566,Derek,Olson,Derek Olson,derek.olson@company.com,company.com,2016-03-21,Talent Acquisition Specialist,HR,65908,MID,1766820189,80743 Timothy Cove Apt. 419,East Scottshire,VA,63753,1976-05-12,49,9,TERMINATED
1766820001,Derek,Strickland,Derek Strickland,derek.strickland@company.com,company.com,2020-04-22,It Support Specialist,IT,99866,SENIOR,1766819651,8622 Brown Streets,Simshaven,IN,99165,1992-10-04,33,5,ACTIVE
1766820234,Derek,Wallace,Derek Wallace,derek.wallace@company.com,company.com,2021-04-11,Account Executive,SALES,54033,MID,1766820163,0601 Nancy Ranch Suite 899,New Johnfurt,GA,91100,1968-02-09,57,4,ACTIVE
1766819955,Derrick,Bernard,Derrick Bernard,derrick.bernard@company.com,company.com,2016-12-27,Business Intelligence Analyst,ANALYTICS,129724,SENIOR,1766819610,812 Melendez Drives,Howemouth,NC,23711,1985-12-30,39,9,ACTIVE
1766820201,Derrick,Bishop,Derrick Bishop,derrick.bishop@company.com,company.com,2020-12-12,Business Intelligence Analyst,ANALYTICS,44628,JUNIOR,1766819972,776 Taylor Road Suite 433,Port Lisa,PW,32742,1979-03-19,46,5,ACTIVE
1766819655,Derrick,Chavez,Derrick Chavez,derrick.chavez@company.com,company.com,2024-11-06,Devops Engineer,IT,44556,JUNIOR,,596 Ortiz Park Suite 590,New Phillipberg,VI,96053,1993-05-24,32,1,ON LEAVE
1766819552,Derrick,Jordan,Derrick Jordan,derrick.jordan@company.com,company.com,2021-09-21,Data Engineer,ANALYTICS,74845,MID,1766819536,404 Howell Stream,Lake Anthonyberg,KY,44495,1965-01-31,60,4,ON LEAVE
1766819593,Derrick,Phillips,Derrick Phillips,derrick.phillips@company.com,company.com,2022-01-15,Analytics Manager,ANALYTICS,120917,SENIOR,1766819579,11042 Butler Roads,Johnport,AK,47399,2003-11-06,22,3,TERMINATED
1766820673,Desiree,Chang,Desiree Chang,desiree.chang@company.com,company.com,2016-05-15,Sales Manager,SALES,116928,SENIOR,1766820236,2270 Hudson Mountain Suite 729,Smithborough,NE,40352,1964-04-09,61,9,ACTIVE
1766820167,Destiny,Guzman,Destiny Guzman,destiny.guzman@company.com,company.com,2021-06-11,Sales Associate,SALES,95383,SENIOR,1766819842,8594 Spencer Roads Apt. 772,Hallport,OH,85262,1983-10-30,42,4,ACTIVE
1766820244,Diana,Franklin,Diana Franklin,diana.franklin@company.com,company.com,2016-07-20,Systems Administrator,IT,139647,SENIOR,10236,6450 Gomez Burgs Suite 329,South Jennifertown,PR,97868,1995-12-10,30,9,TERMINATED
1766820024,Diana,Murphy,Diana Murphy,diana.murphy@company.com,company.com,2021-04-23,Business Intelligence Analyst,ANALYTICS,140784,SENIOR,1766819686,31596 David Pass,South Amanda,SD,75359,1991-06-04,34,4,TERMINATED
1766819633,Diane,Zhang,Diane Zhang,diane.zhang@company.com,company.com,2019-09-08,Sales Associate,SALES,99129,SENIOR,1766819617,023 Bauer Junction Apt. 274,Kathyberg,WY,10149,1973-06-19,52,6,ACTIVE
1766819929,Donald,Bullock,Donald Bullock,donald.bullock@company.com,company.com,2019-02-05,Sales Associate,SALES,61616,MID,1766819832,53850 Aaron Neck,Hahntown,KY,94328,1973-03-17,52,6,TERMINATED
1766819834,Donald,Mitchell,Donald Mitchell,donald.mitchell@company.com,company.com,2023-06-10,It Support Specialist,IT,40185,JUNIOR,10463,804 Jake Branch Apt. 930,East Carolynberg,DE,19146,1962-09-28,63,2,ON LEAVE
1766820146,Donald,Williams,Donald Williams,donald.williams@company.com,company.com,2021-07-30,Business Intelligence Analyst,ANALYTICS,101896,SENIOR,1766820050,84491 Erik Port Suite 445,Timothystad,LA,12014,1978-02-16,47,4,TERMINATED
1766820788,Donna,Allen,Donna Allen,donna.allen@company.com,company.com,2020-01-24,Business Intelligence Analyst,ANALYTICS,56803,MID,1766820755,973 Crawford Forks,Wilkinsborough,AK,95751,1977-06-10,48,5,ACTIVE
1766820399,Donna,Davidson,Donna Davidson,donna.davidson@company.com,company.com,2016-04-17,It Manager,IT,121294,SENIOR,1766819593,3652 Randy Landing Suite 684,Port Jill,WI,77020,1990-06-30,35,9,ACTIVE
1766819858,Donna,Lambert,Donna Lambert,donna.lambert@company.com,company.com,2017-07-09,Hr Generalist,HR,143585,SENIOR,1766819714,922 James Circles Apt. 031,South Christinafort,AS,59116,1967-08-16,58,8,TERMINATED
1766819722,Donna,Leach,Donna Leach,donna.leach@company.com,company.com,2019-07-31,Data Engineer,ANALYTICS,114458,SENIOR,,6477 Taylor Curve,North Maryville,PR,10745,1970-08-31,55,6,ACTIVE
1766820184,Donna,Skinner,Donna Skinner,donna.skinner@company.com,company.com,2025-01-19,Talent Acquisition Specialist,HR,103662,SENIOR,1766819649,461 Brown Inlet,North Joyce,VT,97545,1980-06-21,45,0,ACTIVE
1766820424,Duane,Mitchell,Duane Mitchell,duane.mitchell@company.com,company.com,2018-11-08,Data Engineer,ANALYTICS,79483,MID,1766820096,6501 Cortez Well,Garciaville,OK,75794,1985-12-02,40,7,ON LEAVE
1766819539,Dustin,Cannon,Dustin Cannon,dustin.cannon@company.com,company.com,2024-03-21,Sales Operations Analyst,SALES,117317,SENIOR,1766819536,75293 Paula Road,Port Alexanderberg,NY,43639,2001-07-27,24,1,ON LEAVE
1766819988,Dustin,Clay,Dustin Clay,dustin.clay@company.com,company.com,2023-10-06,Security Analyst,IT,117506,SENIOR,1766819784,79458 Heather Valleys,Mullinsside,TX,27556,1965-07-08,60,2,ACTIVE
1766820069,Dustin,Fuller,Dustin Fuller,dustin.fuller@company.com,company.com,2024-04-08,Learning & Development Lead,HR,54852,MID,,221 Mary Prairie,Nathanchester,NE,31945,1992-11-09,33,1,ACTIVE
1766819712,Edgar,Lopez,Edgar Lopez,edgar.lopez@company.com,company.com,2020-08-07,Security Analyst,IT,99219,SENIOR,1766819541,52478 Teresa Track,Jonesburgh,VT,35505,1993-08-29,32,5,TERMINATED
1766820516,Edward,Armstrong,Edward Armstrong,edward.armstrong@company.com,company.com,2020-07-17,Hr Manager,HR,41523,JUNIOR,1766819953,533 Christina Light,South Jimmy,DE,54227,1999-09-13,26,5,ON LEAVE
1766820681,Edward,Carter,Edward Carter,edward.carter@company.com,company.com,2018-09-12,Devops Engineer,IT,51824,MID,1766820614,94189 Robert Extensions,Sarahhaven,WV,94802,1976-02-13,49,7,ACTIVE
1766820573,Edward,Roth,Edward Roth,edward.roth@company.com,company.com,2016-12-12,Systems Administrator,IT,50862,MID,1766820119,29523 Joanne Ferry,Garciamouth,WI,27188,2000-07-31,25,9,ON LEAVE
1766820461,Edward,Washington,Edward Washington,edward.washington@company.com,company.com,2019-01-16,Data Engineer,ANALYTICS,63157,MID,1766820188,797 Crawford Road Apt. 808,Santiagoland,CO,57220,1966-06-29,59,6,ACTIVE
1766820602,Elizabeth,Alexander,Elizabeth Alexander,elizabeth.alexander@company.com,company.com,2021-09-12,Business Intelligence Analyst,ANALYTICS,81310,SENIOR,10473,010 Becky Walk,North William,VI,44646,1961-11-03,64,4,ON LEAVE
1766819853,Elizabeth,Bradley,Elizabeth Bradley,elizabeth.bradley@company.com,company.com,2023-02-26,Systems Administrator,IT,85411,SENIOR,,2632 Steve Extension Suite 616,South Samuel,WV,10116,1971-05-13,54,2,ACTIVE
1766819815,Elizabeth,Brooks,Elizabeth Brooks,elizabeth.brooks@company.com,company.com,2019-01-23,It Support Specialist,IT,146824,SENIOR,1766819639,5034 Dalton Courts,Simsstad,OK,72849,2003-03-31,22,6,TERMINATED
1766819857,Elizabeth,Duncan,Elizabeth Duncan,elizabeth.duncan@company.com,company.com,2017-11-09,Sales Manager,SALES,124524,SENIOR,1766819725,895 Brock Union Suite 101,Jeffburgh,CT,45764,2001-04-19,24,8,ACTIVE
1766819951,Elizabeth,Ferguson,Elizabeth Ferguson,elizabeth.ferguson@company.com,company.com,2018-08-01,Hr Manager,HR,43479,JUNIOR,1766819842,719 Dodson Hills,Brianborough,ND,87583,1986-03-26,39,7,ON LEAVE
1766820156,Elizabeth,Miller,Elizabeth Miller,elizabeth.miller@company.com,company.com,2023-02-12,Systems Administrator,IT,73833,MID,1766820080,2056 Andrew Corners,West Nicolechester,GA,6783,1981-10-07,44,2,ACTIVE
1766819711,Elizabeth,Montoya,Elizabeth Montoya,elizabeth.montoya@company.com,company.com,2020-05-16,Data Engineer,ANALYTICS,64388,MID,1766819534,4587 Chandler Garden,Prattville,UT,73489,1983-04-30,42,5,ACTIVE
1766820620,Elizabeth,Morgan,Elizabeth Morgan,elizabeth.morgan@company.com,company.com,2023-06-17,It Manager,IT,118333,SENIOR,1766820132,9358 Alexander Prairie,Port Juliemouth,TX,25981,1967-09-20,58,2,ACTIVE
1766819778,Elizabeth,Navarro,Elizabeth Navarro,elizabeth.navarro@company.com,company.com,2022-06-11,It Manager,IT,130371,SENIOR,,062 Young Fords,West Tyler,MI,75862,1973-10-20,52,3,ACTIVE
1766819869,Elizabeth,Robles,Elizabeth Robles,elizabeth.robles@company.com,company.com,2016-11-10,Learning & Development Lead,HR,67610,MID,1766819626,00689 Laurie Garden,North Jonburgh,DE,98442,1984-01-25,41,9,ACTIVE
1766819927,Elizabeth,Watson,Elizabeth Watson,elizabeth.watson@company.com,company.com,2024-08-26,It Manager,IT,77794,MID,1766819686,569 Hawkins Vista,East Denisechester,DC,39908,2001-10-21,24,1,ON LEAVE
1766819565,Elizabeth,Wilson,Elizabeth Wilson,elizabeth.wilson@company.com,company.com,2016-07-15,Analytics Manager,ANALYTICS,61698,MID,,23457 Lane Radial,Martinland,TX,27907,1963-06-17,62,9,ACTIVE
1766820085,Ellen,Jones,Ellen Jones,ellen.jones@company.com,company.com,2021-07-17,It Manager,IT,147316,SENIOR,11142,21865 Bell Creek,South Williamberg,MO,70161,1967-07-24,58,4,ACTIVE
1766820443,Emily,Aguilar,Emily Aguilar,emily.aguilar@company.com,company.com,2025-01-09,It Manager,IT,42677,JUNIOR,1766819931,2073 King Course Apt. 198,Garciashire,GA,95147,1987-01-10,38,0,ACTIVE
1766820558,Emily,Cervantes,Emily Cervantes,emily.cervantes@company.com,company.com,2019-03-09,Hr Manager,HR,47026,JUNIOR,1766819868,885 Ward Mountains,New Ronnieland,AL,63252,1981-03-28,44,6,TERMINATED
1766820077,Emily,George,Emily George,emily.george@company.com,company.com,2025-02-16,Business Development Representative,SALES,65292,MID,1766819917,6699 Benjamin Burg,New Aaronstad,IL,64910,1991-01-11,34,0,ACTIVE
1766820130,Emily,Griffith,Emily Griffith,emily.griffith@company.com,company.com,2017-12-26,Sales Operations Analyst,SALES,131931,SENIOR,,8065 Jeffrey Route Suite 032,Russellton,MI,59164,1960-08-13,65,8,ACTIVE
1766819612,Emily,Herrera,Emily Herrera,emily.herrera@company.com,company.com,2020-04-19,Devops Engineer,IT,102592,SENIOR,1766819568,429 Dawn Overpass Apt. 836,New Richard,WI,29287,1982-07-13,43,5,TERMINATED
1766820154,Emily,Leonard,Emily Leonard,emily.leonard@company.com,company.com,2024-11-05,Sales Associate,SALES,84969,SENIOR,1766820072,68286 Ronald Roads,Lindseyburgh,NE,53808,1967-02-12,58,1,TERMINATED
1766820141,Eric,Crawford,Eric Crawford,eric.crawford@company.com,company.com,2018-01-27,Analytics Manager,ANALYTICS,65377,MID,,875 Evans Inlet,Larrystad,ME,67510,1966-01-30,59,7,ON LEAVE
1766820089,Eric,Cummings,Eric Cummings,eric.cummings@company.com,company.com,2020-08-29,It Support Specialist,IT,120499,SENIOR,1766820080,81652 Jones Expressway,Khanshire,TX,92703,1976-04-18,49,5,ON LEAVE
1766820373,Eric,Hebert,Eric Hebert,eric.hebert@company.com,company.com,2024-09-12,Business Intelligence Analyst,ANALYTICS,70022,MID,1766819816,6194 Brad Forest Suite 250,Blakeside,MA,45899,1969-10-29,56,1,ACTIVE
1766820752,Eric,Lowe,Eric Lowe,eric.lowe@company.com,company.com,2025-05-28,It Support Specialist,IT,101967,SENIOR,1766820726,619 Jennifer Ways Apt. 105,Brownborough,ME,88270,2000-03-25,25,0,ON LEAVE
1766820123,Eric,Martin,Eric Martin,eric.martin@company.com,company.com,2024-11-08,Business Intelligence Analyst,ANALYTICS,125933,SENIOR,,18842 Goodwin Heights Apt. 784,Robertsborough,IA,68618,1980-09-05,45,1,ACTIVE
1766820612,Eric,Sanders,Eric Sanders,eric.sanders@company.com,company.com,2024-06-09,Systems Administrator,IT,106098,SENIOR,1766820189,9118 Bryan Tunnel Suite 762,South Kristine,SD,52738,1976-05-10,49,1,ON LEAVE
1766820262,Eric,Williams,Eric Williams,eric.williams@company.com,company.com,2017-09-17,Business Development Representative,SALES,148731,SENIOR,1766819856,43601 Cardenas Brooks,South Allisonville,SC,42039,1966-10-11,59,8,ACTIVE
1766819964,Erik,Beck,Erik Beck,erik.beck@company.com,company.com,2021-03-05,Sales Associate,SALES,98128,SENIOR,1766819687,9544 Sarah Vista,Sloanstad,MI,9146,1977-05-30,48,4,ON LEAVE
1766820155,Erik,Medina,Erik Medina,erik.medina@company.com,company.com,2022-04-01,It Manager,IT,69271,MID,1766819859,88494 Nicole Haven,North Connie,OH,19849,1972-08-06,53,3,TERMINATED
1766820812,Erik,Patterson,Erik Patterson,erik.patterson@company.com,company.com,2017-01-18,Devops Engineer,IT,72949,MID,1766820510,8937 Rachel Isle,West Danielton,WV,87484,1974-06-26,51,8,ACTIVE
1766819907,Erika,Castillo,Erika Castillo,erika.castillo@company.com,company.com,2024-07-12,Business Development Representative,SALES,63320,MID,10138,7218 Nicholas Skyway,Lambhaven,PA,94848,1992-09-20,33,1,ACTIVE
1766820468,Erin,Benson,Erin Benson,erin.benson@company.com,company.com,2022-08-30,Business Development Representative,SALES,136001,SENIOR,1766820141,6060 Matthew Road Apt. 167,Lake Nicolestad,CT,96524,1977-06-19,48,3,ON LEAVE
1766819969,Erin,Chase,Erin Chase,erin.chase@company.com,company.com,2016-02-21,Sales Operations Analyst,SALES,49480,JUNIOR,1766819687,9129 Hodge Corner Suite 183,Lake Kevinberg,PA,5336,1977-04-03,48,9,ACTIVE
1766820259,Erin,Moore,Erin Moore,erin.moore@company.com,company.com,2022-03-30,It Support Specialist,IT,82597,SENIOR,1766819541,8881 Brenda Lake Suite 662,Matthewport,WV,46205,1992-06-04,33,3,ACTIVE
1766820521,Erin,Perry,Erin Perry,erin.perry@company.com,company.com,2023-05-13,Product Analyst,ANALYTICS,135454,SENIOR,1766820037,1717 Anderson Squares,Heatherborough,CA,39286,1980-09-22,45,2,ON LEAVE
1766819767,Ethan,Coleman,Ethan Coleman,ethan.coleman@company.com,company.com,2025-04-09,It Support Specialist,IT,145047,SENIOR,1766819620,57057 Thomas Flats Suite 459,South Angela,WI,41020,1978-09-11,47,0,ACTIVE
1766819798,Eugene,Brooks,Eugene Brooks,eugene.brooks@company.com,company.com,2025-02-02,Hr Generalist,HR,131288,SENIOR,1766819665,7305 Collins Hills,Bryanstad,HI,3805,1974-06-30,51,0,ACTIVE
1766820738,Evan,Robinson,Evan Robinson,evan.robinson@company.com,company.com,2024-04-20,Sales Operations Analyst,SALES,68966,MID,,1542 Jared Tunnel,Vazquezfurt,NJ,23893,1967-07-14,58,1,ON LEAVE
1766820355,Evelyn,Boyer,Evelyn Boyer,evelyn.boyer@company.com,company.com,2022-06-24,Security Analyst,IT,63849,MID,1766819626,7078 Cole Branch,Weavermouth,MH,23365,1974-09-19,51,3,ACTIVE
1766820608,Frances,Richardson,Frances Richardson,frances.richardson@company.com,company.com,2023-01-04,Security Analyst,IT,66725,MID,1766820278,882 Shawn Course Suite 330,Lake James,AZ,75756,1965-01-24,60,2,ACTIVE
1766820575,Francis,Jimenez,Francis Jimenez,francis.jimenez@company.com,company.com,2023-10-18,Systems Administrator,IT,57396,MID,1766820324,36347 Wright Hills Apt. 063,East David,KS,3934,1980-08-16,45,2,ACTIVE
1766820177,Frank,Perez,Frank Perez,frank.perez@company.com,company.com,2019-01-09,Sales Associate,SALES,141883,SENIOR,,67054 Myers Walk,Katieburgh,NM,93370,2000-12-13,25,6,TERMINATED
1766820258,Gabriela,Nguyen,Gabriela Nguyen,gabriela.nguyen@company.com,company.com,2016-11-03,Sales Operations Analyst,SALES,66283,MID,1766820044,523 Amy Oval Apt. 048,Port James,VT,90765,1992-07-04,33,9,ACTIVE
1766820273,Gabriella,Newman,Gabriella Newman,gabriella.newman@company.com,company.com,2021-11-01,It Manager,IT,119072,SENIOR,1766819931,563 York Mission,Lake Isabellaview,MD,45261,1972-09-16,53,4,ON LEAVE
1766819743,Garrett,Joseph,Garrett Joseph,garrett.joseph@company.com,company.com,2020-07-06,Data Analyst,ANALYTICS,86675,SENIOR,1766819610,9093 Ramos Orchard,Jessicaburgh,TN,28677,1998-08-26,27,5,ACTIVE
1766819608,George,Garcia,George Garcia,george.garcia@company.com,company.com,2019-05-11,Sales Operations Analyst,SALES,122530,SENIOR,1766819585,4059 Tyler Point,South Christian,NY,87954,1990-03-21,35,6,ACTIVE
1766819686,George,Sims,George Sims,george.sims@company.com,company.com,2018-12-07,Analytics Manager,ANALYTICS,47377,JUNIOR,1766819540,600 Trevino Court Suite 781,North Jonathanchester,RI,88574,1978-08-13,47,7,ON LEAVE
1766819826,Gerald,Cook,Gerald Cook,gerald.cook@company.com,company.com,2016-11-14,Data Analyst,ANALYTICS,89280,SENIOR,1766819546,1198 Mark Inlet Apt. 443,East Richard,IA,16247,1969-05-17,56,9,ON LEAVE
1766820514,Gerald,Mccarty,Gerald Mccarty,gerald.mccarty@company.com,company.com,2021-11-13,Talent Acquisition Specialist,HR,71537,MID,1766820380,65197 Nathan Crossing,Bethberg,MH,40951,1963-07-09,62,4,ON LEAVE
1766820635,Gina,Robinson,Gina Robinson,gina.robinson@company.com,company.com,2018-01-08,It Manager,IT,46481,JUNIOR,1766819916,060 Barr Place Apt. 087,North Andrea,WV,20084,1975-05-09,50,7,ON LEAVE
1766820159,Gina,Smith,Gina Smith,gina.smith@company.com,company.com,2025-03-04,Security Analyst,IT,62695,MID,,878 Bailey Summit,West Jennifer,KY,95810,1962-05-27,63,0,TERMINATED
1766820314,Glenn,Garza,Glenn Garza,glenn.garza@company.com,company.com,2022-02-15,Talent Acquisition Specialist,HR,136844,SENIOR,11464,88802 Brooks Manors,Kiddshire,FM,58684,1966-10-12,59,3,ACTIVE
1766820784,Glenn,Hall,Glenn Hall,glenn.hall@company.com,company.com,2019-07-12,Devops Engineer,IT,115557,SENIOR,1766820050,3999 Jacqueline Spurs Suite 839,Mullenborough,MS,96066,1976-10-12,49,6,ACTIVE
1766819592,Gordon,Hall,Gordon Hall,gordon.hall@company.com,company.com,2020-07-13,Security Analyst,IT,76428,MID,1766819568,851 Kelsey Radial,Lake Jenniferview,WV,25076,1997-11-15,28,5,TERMINATED
1766819785,Grace,Jones,Grace Jones,grace.jones@company.com,company.com,2016-01-11,Hr Assistant,HR,136864,SENIOR,,7634 Cain Grove Apt. 972,South Dorismouth,DE,1050,1981-06-16,44,9,TERMINATED
1766820054,Greg,Evans,Greg Evans,greg.evans@company.com,company.com,2023-10-26,Business Development Representative,SALES,54618,MID,1766819998,850 Booth Hill Apt. 649,Campbellmouth,KS,65733,1986-10-14,39,2,ACTIVE
1766820654,Gregory,Edwards,Gregory Edwards,gregory.edwards@company.com,company.com,2016-02-09,Systems Administrator,IT,59283,MID,1766820171,65791 Greene Springs Suite 902,North Kimberly,IA,27823,1987-03-07,38,9,TERMINATED
1766820587,Gregory,Harris,Gregory Harris,gregory.harris@company.com,company.com,2024-02-13,Learning & Development Lead,HR,57304,MID,1766820165,46973 Todd Circles Apt. 773,East Jessica,FM,91595,1971-03-30,54,1,ON LEAVE
1766820147,Gregory,Wilcox,Gregory Wilcox,gregory.wilcox@company.com,company.com,2018-05-07,Data Analyst,ANALYTICS,103048,SENIOR,1766819816,564 Matthew Freeway,New Theresa,MA,80533,1964-09-05,61,7,TERMINATED
1766820118,Haley,Obrien,Haley Obrien,haley.obrien@company.com,company.com,2022-08-28,It Manager,IT,147415,SENIOR,1766819996,223 Derrick Ramp,South Kellyburgh,MH,3509,1968-03-02,57,3,ACTIVE
1766820809,Hannah,French,Hannah French,hannah.french@company.com,company.com,2018-10-28,Product Analyst,ANALYTICS,109699,SENIOR,1766820050,832 Lisa Mills,South Heidihaven,MH,69543,1971-11-04,54,7,TERMINATED
1766819936,Hannah,Molina,Hannah Molina,hannah.molina@company.com,company.com,2023-02-27,Product Analyst,ANALYTICS,52432,MID,1766819614,225 Cindy Club,East Donaldberg,PW,57977,1983-04-20,42,2,TERMINATED
1766819679,Harold,Johnson,Harold Johnson,harold.johnson@company.com,company.com,2023-08-27,Security Analyst,IT,47256,JUNIOR,1766819593,883 Smith Roads,Guerrachester,WI,32437,1974-06-28,51,2,ACTIVE
1766820383,Heather,Anderson,Heather Anderson,heather.anderson@company.com,company.com,2022-06-07,Learning & Development Lead,HR,89066,SENIOR,1766820076,4917 Jessica Point,Claytonshire,CO,10318,1967-05-02,58,3,TERMINATED
1766820667,Heather,Bailey,Heather Bailey,heather.bailey@company.com,company.com,2016-11-20,Business Intelligence Analyst,ANALYTICS,106974,SENIOR,1766820397,4259 Allen Isle Suite 198,Mooreton,MP,28618,2003-02-18,22,9,ACTIVE
1766820471,Heather,Gibson,Heather Gibson,heather.gibson@company.com,company.com,2025-12-07,It Manager,IT,141952,SENIOR,1766820438,939 Allen View Apt. 237,Port Rebecca,TN,18213,1982-08-26,43,0,ACTIVE
1766819689,Heather,Holland,Heather Holland,heather.holland@company.com,company.com,2017-11-16,It Manager,IT,68360,MID,1766819649,28434 Collins Falls Suite 088,Millerchester,IN,9310,1963-04-15,62,8,ACTIVE
1766820486,Heather,Neal,Heather Neal,heather.neal@company.com,company.com,2021-09-18,Data Analyst,ANALYTICS,88678,SENIOR,1766820119,7904 Jennifer Unions Suite 045,Lake Cindyfurt,LA,40114,1967-06-10,58,4,ACTIVE
1766820507,Heather,Norman,Heather Norman,heather.norman@company.com,company.com,2021-10-03,Account Executive,SALES,59996,MID,1766820096,6692 York Estate,Lake Michelle,MH,32682,1987-12-09,38,4,ACTIVE
1766819825,Heather,Ramirez,Heather Ramirez,heather.ramirez@company.com,company.com,2025-08-07,Business Intelligence Analyst,ANALYTICS,58886,MID,1766819534,632 Stacey Tunnel Suite 585,Johnchester,ID,55431,1964-09-28,61,0,ACTIVE
1766819992,Heather,Rivas,Heather Rivas,heather.rivas@company.com,company.com,2025-01-26,Sales Operations Analyst,SALES,119987,SENIOR,1766819626,5963 Lewis Lodge,West Robert,PR,85606,1975-03-31,50,0,ON LEAVE
1766819849,Hector,Barron,Hector Barron,hector.barron@company.com,company.com,2024-07-26,Security Analyst,IT,113279,SENIOR,1766819725,938 Tracy Mews Apt. 641,Port Randyfurt,AZ,69847,1965-05-19,60,1,ON LEAVE
1766820674,Heidi,Davis,Heidi Davis,heidi.davis@company.com,company.com,2018-01-12,Hr Assistant,HR,80344,SENIOR,1766819972,83304 Brian Fort Suite 360,Costaside,CO,2123,1963-07-29,62,7,ACTIVE
1766820520,Helen,Nguyen,Helen Nguyen,helen.nguyen@company.com,company.com,2017-12-22,Business Intelligence Analyst,ANALYTICS,125395,SENIOR,1766819951,67167 Robert Lane,Lake Brian,NM,57416,1961-07-29,64,8,TERMINATED
1766820282,Hunter,Manning,Hunter Manning,hunter.manning@company.com,company.com,2022-12-21,Sales Manager,SALES,69823,MID,1766820210,08135 Rosales Spur Apt. 162,Michaelberg,RI,7098,1975-03-20,50,3,ACTIVE
1766819822,Ian,Tyler,Ian Tyler,ian.tyler@company.com,company.com,2016-03-25,It Support Specialist,IT,145582,SENIOR,,3386 Richard Islands,West Kimberlyfort,VA,66793,1972-03-13,53,9,ON LEAVE
1766820607,Ivan,House,Ivan House,ivan.house@company.com,company.com,2025-06-08,Sales Manager,SALES,52168,MID,1766820601,2332 Rowe Park,Lunaborough,CO,14141,1989-11-06,36,0,TERMINATED
1766820590,Ivan,Wade,Ivan Wade,ivan.wade@company.com,company.com,2017-01-16,Sales Associate,SALES,80824,SENIOR,,51376 Taylor Rest Apt. 724,Ramirezside,NE,88205,1993-05-19,32,8,TERMINATED
1766820277,Jackie,Rodriguez,Jackie Rodriguez,jackie.rodriguez@company.com,company.com,2016-07-11,Analytics Manager,ANALYTICS,98220,SENIOR,1766819929,787 Nguyen Fork Suite 159,Briannaview,AL,14353,1961-05-13,64,9,ACTIVE
1766820396,Jacob,Ellis,Jacob Ellis,jacob.ellis@company.com,company.com,2017-05-17,Business Intelligence Analyst,ANALYTICS,136814,SENIOR,,4723 Jay Meadows Apt. 965,West Michaelhaven,MA,58214,1965-01-13,60,8,ACTIVE
1766819794,Jacob,Foster,Jacob Foster,jacob.foster@company.com,company.com,2019-02-28,Product Analyst,ANALYTICS,122505,SENIOR,11865,687 Kurt Dale Apt. 305,New Dana,SD,19596,1967-05-08,58,6,ACTIVE
1766819549,Jacob,Guzman,Jacob Guzman,jacob.guzman@company.com,company.com,2016-01-04,Hr Manager,HR,139876,SENIOR,,416 Brianna Street Apt. 197,East Michaelton,SC,27948,1999-05-22,26,9,ON LEAVE
1766820700,Jacob,Miller,Jacob Miller,jacob.miller@company.com,company.com,2016-10-05,Sales Operations Analyst,SALES,124002,SENIOR,1766820470,14164 Fisher Extension Suite 954,South Juliemouth,FM,72800,2003-06-27,22,9,TERMINATED
1766819925,Jacob,Sims,Jacob Sims,jacob.sims@company.com,company.com,2024-06-10,Data Analyst,ANALYTICS,122583,SENIOR,1766819816,60295 Butler Radial Apt. 330,Port Monica,SD,85908,2003-09-09,22,1,ACTIVE
1766820345,Jacob,Williamson,Jacob Williamson,jacob.williamson@company.com,company.com,2025-10-01,Account Executive,SALES,43933,JUNIOR,1766819689,78675 Savage Knolls Apt. 308,Smithberg,WY,46536,1984-11-27,41,0,ACTIVE
1766819735,Jacob,Wong,Jacob Wong,jacob.wong@company.com,company.com,2023-10-04,Learning & Development Lead,HR,48415,JUNIOR,,74524 Dale Glens,Rachelchester,CA,36934,1971-11-23,54,2,ON LEAVE
1766819863,Jacqueline,Simmons,Jacqueline Simmons,jacqueline.simmons@company.com,company.com,2025-05-02,It Manager,IT,125450,SENIOR,1766819823,20914 Melissa Trace,Lake Kimberlyside,ID,30637,1960-04-28,65,0,TERMINATED
1766820047,Jake,Palmer,Jake Palmer,jake.palmer@company.com,company.com,2019-11-27,It Support Specialist,IT,81711,SENIOR,1766819998,1113 Michelle Meadow,Lake Susan,MN,32890,1972-10-21,53,6,ACTIVE
1766820153,Jake,Soto,Jake Soto,jake.soto@company.com,company.com,2019-07-20,Sales Operations Analyst,SALES,44807,JUNIOR,,19652 Reed Stream Suite 904,West Ryan,IL,12109,2003-07-10,22,6,ACTIVE
1766820249,Jake,Taylor,Jake Taylor,jake.taylor@company.com,company.com,2020-01-29,It Support Specialist,IT,97991,SENIOR,1766820026,8421 Kevin Fall,Christopherborough,TX,7799,1976-05-03,49,5,ACTIVE
1766820031,James,Chang,James Chang,james.chang@company.com,company.com,2025-01-25,Data Engineer,ANALYTICS,103175,SENIOR,,59392 Jordan Cape,Lanetown,OH,59779,1962-01-23,63,0,TERMINATED
1766819991,James,Davis,James Davis,james.davis@company.com,company.com,2020-09-04,Hr Manager,HR,115282,SENIOR,1766819927,270 Hubbard Mill,North Stephanie,MI,64031,1971-05-29,54,5,TERMINATED
1766820236,James,Day,James Day,james.day@company.com,company.com,2024-09-15,Hr Generalist,HR,149375,SENIOR,1766819620,4341 Anthony Isle Apt. 365,Mccoyland,CT,82005,1970-11-07,55,1,ON LEAVE
1766820743,James,Gray,James Gray,james.gray@company.com,company.com,2023-02-10,Data Engineer,ANALYTICS,90430,SENIOR,,92831 Andrea Vista,North Christine,MP,64672,1993-06-29,32,2,ACTIVE
1766820083,James,Green,James Green,james.green@company.com,company.com,2023-07-12,Sales Operations Analyst,SALES,113362,SENIOR,,2661 Mia Shoal Suite 693,South Tracy,PR,22844,1980-10-05,45,2,ACTIVE
1766819967,James,Hubbard,James Hubbard,james.hubbard@company.com,company.com,2019-09-12,Business Intelligence Analyst,ANALYTICS,143367,SENIOR,1766819541,3688 Diamond Ford Suite 558,New Jonathan,PA,85374,1992-07-23,33,6,ACTIVE
1766820318,James,Lee,James Lee,james.lee@company.com,company.com,2021-12-12,Hr Assistant,HR,138423,SENIOR,,2992 Henderson Grove Apt. 324,Lake Yvonne,CO,33567,1968-08-07,57,4,ACTIVE
1766820099,James,Martinez,James Martinez,james.martinez@company.com,company.com,2025-10-31,Data Analyst,ANALYTICS,143496,SENIOR,1766819990,75236 Ingram Street,East Wesley,IA,39604,1979-12-01,46,0,ACTIVE
1766820528,James,Moon,James Moon,james.moon@company.com,company.com,2018-09-22,Business Development Representative,SALES,47473,JUNIOR,1766820227,7768 Jason Springs,Wrightview,VI,59663,2000-04-07,25,7,ON LEAVE
1766820650,James,Norris,James Norris,james.norris@company.com,company.com,2022-12-30,Talent Acquisition Specialist,HR,57785,MID,1766819903,38628 Hansen Crossing Suite 489,West Emily,CT,27881,1988-02-16,37,2,ACTIVE
1766820051,James,Olson,James Olson,james.olson@company.com,company.com,2023-09-09,Sales Manager,SALES,141425,SENIOR,11669,2925 Jonathon Mission Apt. 834,Williamsmouth,AL,38005,1989-11-15,36,2,ACTIVE
1766820444,James,Ponce,James Ponce,james.ponce@company.com,company.com,2023-08-25,Systems Administrator,IT,69225,MID,1766820252,9539 Regina Prairie Apt. 969,New Bruce,TN,21735,1964-07-13,61,2,ACTIVE
1766819966,James,Russell,James Russell,james.russell@company.com,company.com,2016-07-01,Sales Manager,SALES,113209,SENIOR,1766819872,56018 Megan Pike Suite 885,East Maryshire,WA,84210,1972-09-13,53,9,ON LEAVE
1766820137,James,Smith,James Smith,james.smith@company.com,company.com,2020-09-26,Hr Assistant,HR,119238,SENIOR,1766819763,028 Elizabeth Neck,South Sharonfurt,IL,31911,1963-07-10,62,5,TERMINATED
1766820530,James,Villa,James Villa,james.villa@company.com,company.com,2023-12-01,Hr Manager,HR,146264,SENIOR,1766820049,253 Melissa Mews Suite 133,Peterport,MP,85058,1969-02-09,56,2,TERMINATED
1766819961,James,Walker,James Walker,james.walker@company.com,company.com,2016-01-22,Talent Acquisition Specialist,HR,92548,SENIOR,1766819685,91984 Moore Island Suite 639,West Elizabeth,NE,37930,2002-08-03,23,9,ACTIVE
1766820500,James,Wolf,James Wolf,james.wolf@company.com,company.com,2022-05-23,Talent Acquisition Specialist,HR,70517,MID,1766820037,734 Williams Forest Apt. 320,Lake April,KY,89099,1984-08-16,41,3,ACTIVE
1766819908,James,Young,James Young,james.young@company.com,company.com,2018-01-13,Data Engineer,ANALYTICS,112684,SENIOR,1766819851,19967 Melissa Pike Apt. 344,South Feliciamouth,NV,38463,1969-10-24,56,7,ACTIVE
1766820287,James,Zavala,James Zavala,james.zavala@company.com,company.com,2018-07-22,Data Analyst,ANALYTICS,145843,SENIOR,1766819972,24878 Whitney Terrace,North Richardtown,DC,16310,1982-10-24,43,7,ACTIVE
1766820157,Jamie,Stewart,Jamie Stewart,jamie.stewart@company.com,company.com,2020-08-22,Systems Administrator,IT,123536,SENIOR,1766820022,60328 Cole Trafficway Apt. 020,Jorgeland,NM,25957,1985-03-30,40,5,ACTIVE
1766820333,Jane,Garcia,Jane Garcia,jane.garcia@company.com,company.com,2019-08-15,Account Executive,SALES,68998,MID,,4678 Ferguson Mills,East Susan,MI,90696,1966-05-07,59,6,ACTIVE
1766820065,Janice,Nelson,Janice Nelson,janice.nelson@company.com,company.com,2023-11-27,Sales Operations Analyst,SALES,73213,MID,10499,8205 Jennifer Locks,Dixonshire,SC,83757,1969-04-09,56,2,ON LEAVE
1766819672,Jasmine,Hodges,Jasmine Hodges,jasmine.hodges@company.com,company.com,2022-01-03,Analytics Manager,ANALYTICS,54793,MID,1766819593,0144 Nicholas Rapid,South Briannaville,IN,62404,1974-04-22,51,3,TERMINATED
1766820397,Jason,Alexander,Jason Alexander,jason.alexander@company.com,company.com,2016-01-20,Analytics Manager,ANALYTICS,54861,MID,,330 Todd Passage,New Tiffany,WI,97539,1979-02-05,46,9,ACTIVE
1766820492,Jason,Franklin,Jason Franklin,jason.franklin@company.com,company.com,2025-06-07,Devops Engineer,IT,61973,MID,1766819880,2543 Castillo Highway Suite 174,Bellville,MP,34774,1989-08-21,36,0,ON LEAVE
1766820503,Jason,Harris,Jason Harris,jason.harris@company.com,company.com,2022-03-09,Hr Generalist,HR,61759,MID,1766820312,34683 Delacruz Ramp,West Carrie,HI,86919,1990-12-01,35,3,ACTIVE
1766819972,Jason,Jacobs,Jason Jacobs,jason.jacobs@company.com,company.com,2018-03-10,Business Development Representative,SALES,126709,SENIOR,1766819924,158 Hale Lakes Suite 898,North Cory,SC,12188,1985-03-14,40,7,TERMINATED
1766820005,Jason,Kim,Jason Kim,jason.kim@company.com,company.com,2025-11-25,Security Analyst,IT,62543,MID,1766819942,74877 Lisa Springs,South Christophermouth,AK,45350,1985-07-25,40,0,ON LEAVE
1766820720,Jason,Lee,Jason Lee,jason.lee@company.com,company.com,2017-04-20,Hr Manager,HR,111454,SENIOR,1766820455,6723 Richard Mountain,Alexandratown,HI,84811,1968-12-16,57,8,ACTIVE
1766819550,Jason,Little,Jason Little,jason.little@company.com,company.com,2022-08-30,Learning & Development Lead,HR,116771,SENIOR,1766819549,253 Lopez Brook,Kellymouth,MA,37290,1988-06-27,37,3,ACTIVE
1766819984,Jason,White,Jason White,jason.white@company.com,company.com,2020-09-14,Account Executive,SALES,139267,SENIOR,1766819966,1552 Tyler Village,Susanberg,DE,63566,1966-05-15,59,5,ACTIVE
1766820385,Jason,Whitney,Jason Whitney,jason.whitney@company.com,company.com,2024-10-21,Sales Operations Analyst,SALES,133588,SENIOR,1766819565,7432 Virginia Spur Suite 299,East Jacobbury,RI,89830,1977-07-17,48,1,ON LEAVE
1766820043,Jay,Carrillo,Jay Carrillo,jay.carrillo@company.com,company.com,2016-01-04,Hr Assistant,HR,145814,SENIOR,1766819784,4880 Mitchell Flat,Gabrielafort,CO,73895,1973-08-22,52,9,ON LEAVE
1766820536,Jeffery,Collins,Jeffery Collins,jeffery.collins@company.com,company.com,2022-06-14,Business Development Representative,SALES,65981,MID,1766820266,31551 Hardin Dam,Spencerhaven,DE,73819,2001-07-03,24,3,ACTIVE
1766819530,Jeffery,Dean,Jeffery Dean,jeffery.dean@company.com,company.com,2017-12-24,Sales Associate,SALES,51668,MID,11064,30160 Chad Lane,Lake Peterbury,OR,60541,1980-08-31,45,8,ON LEAVE
1766820328,Jeffery,Gonzalez,Jeffery Gonzalez,jeffery.gonzalez@company.com,company.com,2025-12-01,Account Executive,SALES,65913,MID,1766819973,34507 John Crest,Hallville,WV,58517,1972-01-18,53,0,ACTIVE
1766819933,Jeffrey,Boyer,Jeffrey Boyer,jeffrey.boyer@company.com,company.com,2019-07-16,Hr Assistant,HR,128440,SENIOR,1766819871,186 Candace Pine Suite 053,Victoriahaven,NY,25725,1987-10-29,38,6,ACTIVE
1766820226,Jenna,Rivera,Jenna Rivera,jenna.rivera@company.com,company.com,2020-06-13,Business Development Representative,SALES,101891,SENIOR,1766819927,1935 Morrow Station,New Crystalbury,MD,73021,1988-07-09,37,5,TERMINATED
1766820280,Jenna,Stevenson,Jenna Stevenson,jenna.stevenson@company.com,company.com,2024-12-14,Data Engineer,ANALYTICS,100672,SENIOR,1766819672,5832 Chase Isle,Hernandezmouth,PW,93428,1998-07-13,27,1,TERMINATED
1766820100,Jennifer,Baldwin,Jennifer Baldwin,jennifer.baldwin@company.com,company.com,2022-06-02,Product Analyst,ANALYTICS,128723,SENIOR,1766820078,09411 Williams Green,East Ashley,UT,30689,1963-01-25,62,3,ON LEAVE
1766820039,Jennifer,Brown,Jennifer Brown,jennifer.brown@company.com,company.com,2018-04-19,Data Analyst,ANALYTICS,95132,SENIOR,1766819951,5384 Ford Ford Apt. 337,West Dustin,NE,66404,1992-03-03,33,7,ON LEAVE
1766820659,Jennifer,Cruz,Jennifer Cruz,jennifer.cruz@company.com,company.com,2019-04-15,Hr Generalist,HR,82776,SENIOR,1766820165,7497 Todd Cove Apt. 266,Alexisview,WY,84578,2003-05-12,22,6,ACTIVE
1766820048,Jennifer,Douglas,Jennifer Douglas,jennifer.douglas@company.com,company.com,2022-04-04,Talent Acquisition Specialist,HR,108510,SENIOR,1766819676,899 Middleton Mountain,Robertton,ND,545,1964-10-16,61,3,ON LEAVE
1766820595,Jennifer,Gomez,Jennifer Gomez,jennifer.gomez@company.com,company.com,2016-10-13,Product Analyst,ANALYTICS,102835,SENIOR,1766820368,74653 Evelyn Shoals Suite 358,Jasonstad,SD,1655,1962-06-17,63,9,ACTIVE
1766820360,Jennifer,Griffin,Jennifer Griffin,jennifer.griffin@company.com,company.com,2024-05-21,Hr Manager,HR,116148,SENIOR,1766819761,93611 Greene Cape Apt. 636,North Trevorchester,MS,58919,1986-03-26,39,1,ACTIVE
1766820478,Jennifer,Hooper,Jennifer Hooper,jennifer.hooper@company.com,company.com,2016-10-12,Analytics Manager,ANALYTICS,57703,MID,1766820366,7108 Kimberly Trail Suite 464,Matthewberg,WV,76039,1971-06-27,54,9,ON LEAVE
1766819952,Jennifer,Horton,Jennifer Horton,jennifer.horton@company.com,company.com,2016-12-19,Business Development Representative,SALES,45461,JUNIOR,11193,839 Travis Tunnel,Johnstad,MA,31121,2000-04-02,25,9,ON LEAVE
1766820231,Jennifer,Mathis,Jennifer Mathis,jennifer.mathis@company.com,company.com,2025-01-02,Devops Engineer,IT,143594,SENIOR,1766820022,855 Christopher Station,New Alexandriaburgh,NY,72993,1988-04-14,37,0,TERMINATED
1766819943,Jennifer,Navarro,Jennifer Navarro,jennifer.navarro@company.com,company.com,2024-03-01,Analytics Manager,ANALYTICS,143815,SENIOR,1766819930,6115 Kevin Cliffs Suite 042,Anthonyport,TN,90188,1986-02-02,39,1,ACTIVE
1766820366,Jennifer,Parrish,Jennifer Parrish,jennifer.parrish@company.com,company.com,2016-04-01,Sales Manager,SALES,90177,SENIOR,,5348 Williams Harbors,South Olivia,VT,6081,1983-10-09,42,9,ACTIVE
1766819701,Jennifer,Paul,Jennifer Paul,jennifer.paul@company.com,company.com,2017-03-15,Account Executive,SALES,94570,SENIOR,1766819665,075 Michelle Cliffs Suite 073,Johnmouth,HI,80427,1968-11-18,57,8,ON LEAVE
1766820390,Jennifer,Peters,Jennifer Peters,jennifer.peters@company.com,company.com,2016-03-05,It Manager,IT,49512,JUNIOR,1766820022,71086 Angela Track Apt. 727,South Samantha,DE,92509,1966-11-07,59,9,ACTIVE
1766820105,Jennifer,Riley,Jennifer Riley,jennifer.riley@company.com,company.com,2022-11-12,Sales Operations Analyst,SALES,80221,SENIOR,1766820004,689 Wilson Track,Williamsmouth,ME,38080,1970-10-25,55,3,ACTIVE
1766820689,Jennifer,Sanchez,Jennifer Sanchez,jennifer.sanchez@company.com,company.com,2024-11-12,Hr Assistant,HR,76855,MID,1766819974,6255 Brown Parks,Lake Edward,NC,69484,1994-07-31,31,1,ACTIVE
1766819594,Jennifer,Smith,Jennifer Smith,jennifer.smith@company.com,company.com,2020-09-26,Learning & Development Lead,HR,78837,MID,,939 Santiago Inlet,Robertfort,DC,83324,1992-08-31,33,5,ACTIVE
1766819562,Jennifer,Taylor,Jennifer Taylor,jennifer.taylor@company.com,company.com,2022-04-26,Sales Operations Analyst,SALES,141787,SENIOR,1766819546,4464 Connie Walks Suite 016,Contreraschester,PR,11127,1975-02-08,50,3,ACTIVE
1766820252,Jennifer,Thomas,Jennifer Thomas,jennifer.thomas@company.com,company.com,2020-05-08,Sales Manager,SALES,42737,JUNIOR,1766819568,59863 Cox Streets,West Michaelside,MN,61538,1981-02-27,44,5,ON LEAVE
1766820414,Jennifer,Woods,Jennifer Woods,jennifer.woods@company.com,company.com,2018-02-07,It Manager,IT,121750,SENIOR,,195 Morgan Parkways,West Cynthiaport,RI,46882,1971-04-21,54,7,ACTIVE
1766820003,Jennifer,Young,Jennifer Young,jennifer.young@company.com,company.com,2021-10-22,Learning & Development Lead,HR,71737,MID,1766819917,807 Martin Tunnel,New Amyton,MA,73417,1964-01-27,61,4,ACTIVE
1766820371,Jeremy,Carter,Jeremy Carter,jeremy.carter@company.com,company.com,2022-12-05,It Support Specialist,IT,116663,SENIOR,1766819626,191 Thomas Branch,South Michelleland,ME,36404,1970-10-01,55,3,ACTIVE
1766820115,Jeremy,Clark,Jeremy Clark,jeremy.clark@company.com,company.com,2017-03-10,Sales Operations Analyst,SALES,114189,SENIOR,1766820026,22145 Jesse Stravenue,Christinehaven,MH,42925,1982-08-29,43,8,ACTIVE
1766820705,Jeremy,Davies,Jeremy Davies,jeremy.davies@company.com,company.com,2022-02-08,Data Engineer,ANALYTICS,60808,MID,1766819848,391 Bryant Pine,Hebertborough,CT,17470,1966-04-03,59,3,ACTIVE
1766819585,Jeremy,Williams,Jeremy Williams,jeremy.williams@company.com,company.com,2016-04-10,It Manager,IT,121426,SENIOR,1766819540,6245 Weaver Isle,Lake Patricia,LA,17589,1966-06-05,59,9,ACTIVE
1766819641,Jerry,Smith,Jerry Smith,jerry.smith@company.com,company.com,2022-04-06,Business Development Representative,SALES,109684,SENIOR,,390 Davis Views,Rodriguezmouth,OK,29385,1960-04-15,65,3,ON LEAVE
1766820335,Jesse,Evans,Jesse Evans,jesse.evans@company.com,company.com,2017-03-09,Analytics Manager,ANALYTICS,125190,SENIOR,1766819651,425 Murray Islands Suite 947,East Karenport,GU,37923,1996-08-31,29,8,TERMINATED
1766820641,Jessica,Alvarado,Jessica Alvarado,jessica.alvarado@company.com,company.com,2016-01-17,Product Analyst,ANALYTICS,140103,SENIOR,1766820489,3721 Glass Circle,Ashleyberg,ID,67859,1963-11-01,62,9,TERMINATED
1766819557,Jessica,Noble,Jessica Noble,jessica.noble@company.com,company.com,2018-06-18,Analytics Manager,ANALYTICS,99756,SENIOR,1766819534,333 Lamb Plaza,West Curtis,CT,50081,1981-05-22,44,7,ON LEAVE
1766820101,Jessica,Price,Jessica Price,jessica.price@company.com,company.com,2025-08-29,Data Analyst,ANALYTICS,44215,JUNIOR,1766819585,54379 Cardenas Green Apt. 839,North Steveport,NY,54250,1997-05-04,28,0,ACTIVE
1766820666,Jessica,Taylor,Jessica Taylor,jessica.taylor@company.com,company.com,2020-05-06,Hr Manager,HR,59215,MID,1766819929,5701 Brandon Turnpike,Robertchester,UT,61696,1981-04-28,44,5,TERMINATED
1766820170,Jessica,Washington,Jessica Washington,jessica.washington@company.com,company.com,2023-12-15,Security Analyst,IT,70666,MID,1766819710,15820 Buck Road,New Thomas,MI,27880,1982-03-19,43,2,TERMINATED
1766819968,Jill,Bradshaw,Jill Bradshaw,jill.bradshaw@company.com,company.com,2017-12-19,Hr Generalist,HR,73838,MID,1766819905,662 Mcdonald Ramp Apt. 345,South Caitlyn,OR,52364,1965-12-19,60,8,ACTIVE
1766820009,Jill,Flores,Jill Flores,jill.flores@company.com,company.com,2020-11-12,Business Intelligence Analyst,ANALYTICS,73697,MID,1766819555,7966 John View,Port Cody,WI,48107,1973-12-29,51,5,ON LEAVE
1766820095,Jill,Thomas,Jill Thomas,jill.thomas@company.com,company.com,2016-05-10,Hr Generalist,HR,129210,SENIOR,1766819858,84699 Vega Fork Suite 889,North Richard,KS,93200,1973-10-21,52,9,TERMINATED
1766820063,Jodi,Myers,Jodi Myers,jodi.myers@company.com,company.com,2021-01-10,Talent Acquisition Specialist,HR,54053,MID,1766819680,23068 Megan Key,Davistown,ME,36864,1979-02-01,46,4,TERMINATED
1766820174,Jody,Maddox,Jody Maddox,jody.maddox@company.com,company.com,2016-06-24,Data Engineer,ANALYTICS,48478,JUNIOR,1766820044,371 Baker Mount,Josephmouth,VI,90301,1985-12-09,40,9,TERMINATED
1766820352,Joe,Daniels,Joe Daniels,joe.daniels@company.com,company.com,2018-09-22,Talent Acquisition Specialist,HR,102193,SENIOR,1766819639,450 Leah Forges,Port Paul,NY,13908,1995-11-11,30,7,ON LEAVE
1766820435,Joe,Dunn,Joe Dunn,joe.dunn@company.com,company.com,2018-12-23,Business Intelligence Analyst,ANALYTICS,72785,MID,1766819786,307 Sarah Wall,Elizabethborough,RI,96822,1993-04-09,32,7,ON LEAVE
1766819848,Joe,Johnson,Joe Johnson,joe.johnson@company.com,company.com,2022-05-02,Sales Manager,SALES,67733,MID,1766819763,1834 Jackson Tunnel Apt. 769,South Michael,TN,29857,1962-12-22,63,3,ACTIVE
1766820506,Joel,White,Joel White,joel.white@company.com,company.com,2017-05-27,Systems Administrator,IT,61765,MID,1766819872,66606 Diaz Tunnel Suite 129,Kathleenchester,WI,27258,1968-08-11,57,8,ON LEAVE
1766820072,John,Anderson,John Anderson,john.anderson@company.com,company.com,2018-03-03,Hr Generalist,HR,146851,SENIOR,11441,05153 Elizabeth Gateway,Juanshire,CO,39801,1978-05-27,47,7,ACTIVE
1766820211,John,Cochran,John Cochran,john.cochran@company.com,company.com,2017-02-05,Business Development Representative,SALES,122311,SENIOR,1766819579,19753 Myers Squares,Martinmouth,FM,86100,1966-12-20,59,8,TERMINATED
1766819590,John,Davis,John Davis,john.davis@company.com,company.com,2025-02-13,Product Analyst,ANALYTICS,124659,SENIOR,1766819540,817 Barbara Crossing Apt. 968,New Ericmouth,DC,56109,1960-01-15,65,0,ACTIVE
1766819693,John,Gates,John Gates,john.gates@company.com,company.com,2020-02-10,Sales Operations Analyst,SALES,70026,MID,1766819555,231 Lisa Vista Suite 278,Pittsbury,MD,26966,1991-11-07,34,5,ON LEAVE
1766820348,John,Gonzales,John Gonzales,john.gonzales@company.com,company.com,2017-04-06,Data Engineer,ANALYTICS,100408,SENIOR,1766820317,60494 Bartlett Shoal Suite 793,New Elizabeth,ME,59044,1970-10-27,55,8,ACTIVE
1766820213,John,Hill,John Hill,john.hill@company.com,company.com,2022-10-11,Devops Engineer,IT,103294,SENIOR,1766819536,104 Calvin Walks Apt. 919,Kennethchester,NJ,43833,1967-12-21,58,3,ON LEAVE
1766820789,John,Martin,John Martin,john.martin@company.com,company.com,2024-06-04,Business Intelligence Analyst,ANALYTICS,146239,SENIOR,1766819858,4587 Phyllis Bridge Suite 307,North Emilyfurt,MO,83941,1996-05-25,29,1,ACTIVE
1766820779,John,Mcknight,John Mcknight,john.mcknight@company.com,company.com,2024-09-13,Business Development Representative,SALES,67638,MID,1766820429,687 Mallory Ranch Suite 805,Port Angela,AS,44160,1969-04-11,56,1,ACTIVE
1766820680,John,Miles,John Miles,john.miles@company.com,company.com,2017-12-08,Business Intelligence Analyst,ANALYTICS,146631,SENIOR,1766820614,70442 Andrew Stream,West James,MT,10329,1972-01-25,53,8,ACTIVE
1766820361,John,Ross,John Ross,john.ross@company.com,company.com,2019-06-22,Sales Manager,SALES,93921,SENIOR,1766820078,074 Williams Unions Suite 837,New Jonathan,LA,55266,1999-04-22,26,6,ON LEAVE
1766820230,John,Singh,John Singh,john.singh@company.com,company.com,2016-11-11,Sales Manager,SALES,116078,SENIOR,1766819579,642 Ortega Gateway,Matthewton,AZ,6232,1991-05-05,34,9,TERMINATED
1766820375,John,Thomas,John Thomas,john.thomas@company.com,company.com,2025-08-05,Business Intelligence Analyst,ANALYTICS,116496,SENIOR,1766820317,85670 Dan Shoal,Michaelmouth,AK,643,1996-02-29,29,0,TERMINATED
1766820126,John,Williams,John Williams,john.williams@company.com,company.com,2020-09-05,Business Intelligence Analyst,ANALYTICS,50292,MID,1766820001,671 Phillips Light,Baileyton,OR,74363,1965-02-21,60,5,ACTIVE
1766820552,John,Wood,John Wood,john.wood@company.com,company.com,2016-09-08,Security Analyst,IT,123017,SENIOR,1766820071,10135 Jones Lights,North Jennahaven,NH,20937,1972-10-25,53,9,TERMINATED
1766819827,Johnny,Johnson,Johnny Johnson,johnny.johnson@company.com,company.com,2019-02-20,Devops Engineer,IT,116162,SENIOR,1766819536,50688 Stephanie Streets Suite 503,Johnnyport,DC,92346,1976-11-08,49,6,ACTIVE
1766820288,Jonathan,Brown,Jonathan Brown,jonathan.brown@company.com,company.com,2020-11-13,Hr Generalist,HR,54603,MID,1766819614,0541 Jacqueline Drives,Rodriguezview,LA,3698,1965-11-12,60,5,TERMINATED
1766820613,Jonathan,Espinoza,Jonathan Espinoza,jonathan.espinoza@company.com,company.com,2023-02-16,Hr Generalist,HR,122972,SENIOR,,261 Mcmahon Falls,Lake Juliemouth,MH,94410,1990-11-17,35,2,TERMINATED
1766820306,Jonathan,Fleming,Jonathan Fleming,jonathan.fleming@company.com,company.com,2018-04-15,Product Analyst,ANALYTICS,93474,SENIOR,1766819601,8410 David Viaduct Apt. 667,Elizabethton,NC,48809,1964-07-09,61,7,ACTIVE
1766820756,Jonathan,Jones,Jonathan Jones,jonathan.jones@company.com,company.com,2024-05-05,Sales Operations Analyst,SALES,93242,SENIOR,1766820317,05769 Pollard Viaduct Apt. 135,Harrismouth,DE,88371,1994-02-06,31,1,TERMINATED
1766819807,Jordan,Conley,Jordan Conley,jordan.conley@company.com,company.com,2019-11-05,Business Development Representative,SALES,132757,SENIOR,1766819647,2000 Dennis Rue Apt. 173,Jerryshire,ME,50974,1983-12-24,42,6,ACTIVE
1766819811,Jordan,Fuller,Jordan Fuller,jordan.fuller@company.com,company.com,2019-01-24,Devops Engineer,IT,50938,MID,1766819786,160 William Center,Devinville,NJ,29981,1963-03-03,62,6,ACTIVE
1766819595,Jordan,Johnson,Jordan Johnson,jordan.johnson@company.com,company.com,2020-05-14,Hr Assistant,HR,84362,SENIOR,1766819565,85007 Kevin Alley Apt. 670,Whiteside,MH,18724,1972-03-15,53,5,ON LEAVE
1766820537,Jordan,Nelson,Jordan Nelson,jordan.nelson@company.com,company.com,2017-03-02,Hr Generalist,HR,102918,SENIOR,1766820510,586 Robert Curve,Carrburgh,VA,56416,1966-03-20,59,8,TERMINATED
1766820180,Jose,Fields,Jose Fields,jose.fields@company.com,company.com,2024-11-29,Data Analyst,ANALYTICS,114633,SENIOR,1766819714,489 Jefferson Ports,Williamchester,OK,35968,1967-05-12,58,1,ACTIVE
1766820283,Jose,Washington,Jose Washington,jose.washington@company.com,company.com,2017-05-13,Security Analyst,IT,77337,MID,1766819848,22774 Seth Spur,Port Timothy,GA,71452,1975-02-14,50,8,ACTIVE
1766820272,Joseph,Allen,Joseph Allen,joseph.allen@company.com,company.com,2019-04-05,Data Engineer,ANALYTICS,118479,SENIOR,1766819540,64339 Snyder Course Apt. 031,West Mark,NH,83002,1976-05-16,49,6,ACTIVE
1766820084,Joseph,Banks,Joseph Banks,joseph.banks@company.com,company.com,2017-02-06,Analytics Manager,ANALYTICS,68181,MID,,59681 Jamie Spur,Sanchezberg,ID,91062,1977-12-10,48,8,ACTIVE
1766819788,Joseph,Contreras,Joseph Contreras,joseph.contreras@company.com,company.com,2020-09-15,Devops Engineer,IT,142725,SENIOR,1766819649,165 Allen Pine,Ronaldfort,UT,60899,1997-05-05,28,5,ON LEAVE
1766819801,Joseph,Donovan,Joseph Donovan,joseph.donovan@company.com,company.com,2023-08-27,Learning & Development Lead,HR,83024,SENIOR,1766819549,6153 Green Forge Apt. 425,Lake Valerie,AZ,91416,1969-07-24,56,2,ON LEAVE
1766820617,Joseph,Hodges,Joseph Hodges,joseph.hodges@company.com,company.com,2016-01-08,Business Development Representative,SALES,111456,SENIOR,1766820014,5971 Jennifer Crossing,New Ashleyville,FM,31067,1967-10-17,58,9,ACTIVE
1766820250,Joseph,Houston,Joseph Houston,joseph.houston@company.com,company.com,2022-05-23,Security Analyst,IT,55113,MID,1766820205,863 Williams Extension Apt. 773,North Anthony,VT,95359,1997-10-22,28,3,ON LEAVE
1766819588,Joseph,Jacobson,Joseph Jacobson,joseph.jacobson@company.com,company.com,2016-12-07,Product Analyst,ANALYTICS,110817,SENIOR,1766819577,2783 Heather Wells,Buchananhaven,VA,2316,1995-03-20,30,9,ACTIVE
1766819942,Joseph,Miller,Joseph Miller,joseph.miller@company.com,company.com,2024-07-29,It Manager,IT,89765,SENIOR,11815,595 Allison Cliff Suite 775,South Garymouth,RI,73626,1991-11-01,34,1,ACTIVE
1766820359,Joseph,Ortega,Joseph Ortega,joseph.ortega@company.com,company.com,2017-11-05,Devops Engineer,IT,84143,SENIOR,1766820242,786 Fox Plain,New Erik,NY,69885,1973-11-27,52,8,ACTIVE
1766820349,Joseph,Perez,Joseph Perez,joseph.perez@company.com,company.com,2019-09-28,Business Intelligence Analyst,ANALYTICS,98077,SENIOR,,70538 Garcia Mountain,Danielleside,CT,49370,1986-10-10,39,6,TERMINATED
1766819819,Joseph,Shelton,Joseph Shelton,joseph.shelton@company.com,company.com,2018-05-18,Account Executive,SALES,100476,SENIOR,1766819689,0006 Jennifer Rest Apt. 795,South Kim,NY,30832,2000-03-04,25,7,ACTIVE
1766820737,Joseph,Smith,Joseph Smith,joseph.smith@company.com,company.com,2024-08-31,Hr Generalist,HR,54211,MID,1766820450,7240 Davis Islands Suite 542,East John,OR,8621,1980-04-23,45,1,ON LEAVE
1766820346,Joshua,Adams,Joshua Adams,joshua.adams@company.com,company.com,2022-04-16,Business Intelligence Analyst,ANALYTICS,62464,MID,1766819557,73058 Peggy Locks,New Dakotaville,MD,96818,2002-06-30,23,3,ON LEAVE
1766820807,Joshua,Baker,Joshua Baker,joshua.baker@company.com,company.com,2015-12-28,Business Intelligence Analyst,ANALYTICS,70622,MID,1766820624,96829 Benitez Glen Apt. 135,Christinafort,DC,41428,1999-01-16,26,9,ON LEAVE
1766819872,Joshua,Church,Joshua Church,joshua.church@company.com,company.com,2021-08-10,Analytics Manager,ANALYTICS,148764,SENIOR,1766819686,998 Kelly Parks,West Willieport,HI,70995,1969-10-24,56,4,TERMINATED
1766820016,Joshua,Martinez,Joshua Martinez,joshua.martinez@company.com,company.com,2021-11-08,It Support Specialist,IT,147251,SENIOR,1766819913,39337 Aguilar Road Apt. 058,Sheilashire,MT,28291,1982-04-14,43,4,ACTIVE
1766820481,Joshua,Sharp,Joshua Sharp,joshua.sharp@company.com,company.com,2021-03-04,Devops Engineer,IT,62723,MID,1766820465,5256 Kimberly Neck,Lake Beth,SC,26529,1987-09-03,38,4,ACTIVE
1766820329,Joy,Schmidt,Joy Schmidt,joy.schmidt@company.com,company.com,2023-05-02,Business Intelligence Analyst,ANALYTICS,68815,MID,1766819593,5064 Jenkins Fords,Millermouth,SC,30373,1973-04-08,52,2,ACTIVE
1766819898,Juan,Baxter,Juan Baxter,juan.baxter@company.com,company.com,2016-09-08,Data Analyst,ANALYTICS,112453,SENIOR,1766819871,4228 Garrett Burg,Port Anna,ME,2579,1992-03-20,33,9,ON LEAVE
1766820522,Juan,Gentry,Juan Gentry,juan.gentry@company.com,company.com,2023-03-28,Business Intelligence Analyst,ANALYTICS,57614,MID,1766820050,511 Thornton Views,Adambury,ID,22471,1999-12-21,26,2,ACTIVE
1766819954,Juan,Mccarthy,Juan Mccarthy,juan.mccarthy@company.com,company.com,2019-04-27,Product Analyst,ANALYTICS,41583,JUNIOR,10796,23540 Duncan Wall Apt. 506,South Sara,MO,26034,1996-03-08,29,6,TERMINATED
1766820094,Judy,Vasquez,Judy Vasquez,judy.vasquez@company.com,company.com,2018-05-08,It Support Specialist,IT,70468,MID,1766819998,947 Curry Lodge Apt. 709,Lake Valerieside,WY,40257,1967-11-18,58,7,ACTIVE
1766820662,Julian,Mason,Julian Mason,julian.mason@company.com,company.com,2024-02-02,Hr Assistant,HR,144945,SENIOR,1766819927,602 Kathryn Knolls,Mckeechester,NJ,98278,1981-04-16,44,1,ON LEAVE
1766819583,Julian,Simpson,Julian Simpson,julian.simpson@company.com,company.com,2023-02-15,Security Analyst,IT,60322,MID,,21446 Wells Mount Suite 291,Wardmouth,NM,82355,1988-07-11,37,2,ACTIVE
1766820203,Julie,Garrett,Julie Garrett,julie.garrett@company.com,company.com,2016-05-02,Hr Generalist,HR,139648,SENIOR,1766820071,3978 Hernandez Ranch,Mcclainshire,NJ,59223,1994-01-10,31,9,ACTIVE
1766819688,Julie,Miller,Julie Miller,julie.miller@company.com,company.com,2018-11-27,Analytics Manager,ANALYTICS,109286,SENIOR,1766819687,0855 Todd Skyway Apt. 381,Stanleyland,CA,85378,1990-04-10,35,7,ON LEAVE
1766819976,Justin,Blair,Justin Blair,justin.blair@company.com,company.com,2021-02-07,Product Analyst,ANALYTICS,131958,SENIOR,,9218 Charles Stravenue Suite 571,New Johnshire,MA,26028,1985-01-01,40,4,ACTIVE
1766819591,Justin,Cantu,Justin Cantu,justin.cantu@company.com,company.com,2022-10-24,Devops Engineer,IT,96301,SENIOR,1766819585,14143 Bailey Brook,Amberstad,CO,34746,1971-10-25,54,3,ACTIVE
1766819911,Justin,Marshall,Justin Marshall,justin.marshall@company.com,company.com,2020-08-30,It Manager,IT,80554,SENIOR,1766819868,8777 Nathan Loop,East Jamesville,DC,21083,1986-08-19,39,5,ON LEAVE
1766820480,Justin,Nichols,Justin Nichols,justin.nichols@company.com,company.com,2025-06-21,Hr Manager,HR,126352,SENIOR,1766819585,169 Justin Crest Suite 987,East Sherryville,PR,6893,2001-03-06,24,0,ACTIVE
1766820196,Justin,Pacheco,Justin Pacheco,justin.pacheco@company.com,company.com,2018-06-17,Sales Operations Analyst,SALES,91308,SENIOR,1766819999,52496 Daryl Coves Suite 887,Jamesburgh,OK,33673,1998-06-11,27,7,ON LEAVE
1766820412,Justin,Stephens,Justin Stephens,justin.stephens@company.com,company.com,2025-05-09,Data Analyst,ANALYTICS,115236,SENIOR,,8742 David Trail Apt. 801,South Sarahmouth,ME,34732,1975-06-01,50,0,ACTIVE
1766820643,Justin,Travis,Justin Travis,justin.travis@company.com,company.com,2019-08-11,Learning & Development Lead,HR,84780,SENIOR,10298,7503 Charles Courts,Lake Jameshaven,FM,65385,2003-01-09,22,6,ACTIVE
1766819546,Kaitlyn,Evans,Kaitlyn Evans,kaitlyn.evans@company.com,company.com,2018-06-02,Sales Manager,SALES,146849,SENIOR,1766819536,1137 Barton Inlet Apt. 297,North Meganport,AS,95785,1972-03-10,53,7,TERMINATED
1766819922,Kara,Hall,Kara Hall,kara.hall@company.com,company.com,2023-07-21,Sales Associate,SALES,91520,SENIOR,1766819886,1737 Gregory Avenue Suite 472,Georgefurt,IA,24827,1969-06-28,56,2,ACTIVE
1766820319,Kara,Moore,Kara Moore,kara.moore@company.com,company.com,2025-06-12,Systems Administrator,IT,54530,MID,1766820236,04565 James Station,Laurafort,RI,43884,1961-04-10,64,0,ACTIVE
1766820337,Karen,Berry,Karen Berry,karen.berry@company.com,company.com,2020-07-22,Sales Manager,SALES,74298,MID,1766820078,851 Pena Pines,Jenniferton,NJ,60428,1968-02-14,57,5,TERMINATED
1766820007,Karen,Coleman,Karen Coleman,karen.coleman@company.com,company.com,2016-07-21,Devops Engineer,IT,103133,SENIOR,1766819689,0322 Fisher Islands,New Jessicaberg,MH,7379,1991-01-22,34,9,ACTIVE
1766820415,Karen,Collins,Karen Collins,karen.collins@company.com,company.com,2025-08-23,Hr Assistant,HR,47985,JUNIOR,1766819858,081 Vanessa Island Suite 504,West Jacob,CA,91986,1970-10-17,55,0,TERMINATED
1766819879,Karen,Farrell,Karen Farrell,karen.farrell@company.com,company.com,2019-03-13,Hr Assistant,HR,90928,SENIOR,,23510 Hampton Lodge Apt. 318,South Michael,DE,36086,1992-02-22,33,6,ACTIVE
1766820082,Karen,Gregory,Karen Gregory,karen.gregory@company.com,company.com,2024-02-08,Hr Generalist,HR,67041,MID,1766819892,1193 Krista Corner,Allisonville,SD,31167,1967-02-26,58,1,ACTIVE
1766820515,Karen,Hughes,Karen Hughes,karen.hughes@company.com,company.com,2023-11-04,Sales Manager,SALES,46768,JUNIOR,1766819959,0450 Jackson Plains Apt. 880,West Jakeshire,KS,59991,2001-09-05,24,2,ACTIVE
1766820509,Karen,Peters,Karen Peters,karen.peters@company.com,company.com,2021-06-19,It Support Specialist,IT,121661,SENIOR,1766820438,058 Crystal Heights Apt. 511,Garciastad,IA,88712,1990-06-02,35,4,ACTIVE
1766820488,Karen,Rogers,Karen Rogers,karen.rogers@company.com,company.com,2017-08-02,Systems Administrator,IT,74837,MID,1766819998,70420 Jones Islands,West Nicoleton,NC,21785,1968-07-01,57,8,ON LEAVE
1766819999,Katherine,Braun,Katherine Braun,katherine.braun@company.com,company.com,2021-09-07,Hr Manager,HR,117638,SENIOR,1766819695,6547 Brown Place,Jamesville,ND,69848,1975-09-12,50,4,TERMINATED
1766819797,Katherine,Cohen,Katherine Cohen,katherine.cohen@company.com,company.com,2019-01-28,Product Analyst,ANALYTICS,121321,SENIOR,,67654 Welch Extensions,Williamsonside,CA,35830,1992-12-09,33,6,ACTIVE
1766820410,Katherine,Kelly,Katherine Kelly,katherine.kelly@company.com,company.com,2023-05-02,It Support Specialist,IT,110925,SENIOR,1766819686,2917 Matthew Drive Apt. 586,Lake Briannaville,GA,2141,1981-10-23,44,2,ACTIVE
1766820128,Katherine,Kim,Katherine Kim,katherine.kim@company.com,company.com,2021-04-18,It Manager,IT,93845,SENIOR,1766819916,8162 Smith Courts,West Andrewstad,AL,98787,1976-12-12,49,4,ON LEAVE
1766819706,Kathleen,Ellis,Kathleen Ellis,kathleen.ellis@company.com,company.com,2021-02-28,Data Engineer,ANALYTICS,126797,SENIOR,1766819540,08525 Linda Burg,Carrollfurt,AL,74563,2003-08-28,22,4,TERMINATED
1766820370,Kathleen,Grant,Kathleen Grant,kathleen.grant@company.com,company.com,2016-03-20,Data Engineer,ANALYTICS,59515,MID,1766819876,1904 Ballard Terrace,Carlsonberg,TX,91606,1963-05-15,62,9,TERMINATED
1766820668,Kathleen,Vega,Kathleen Vega,kathleen.vega@company.com,company.com,2022-07-10,Account Executive,SALES,128789,SENIOR,1766819870,826 Olson Camp Suite 550,Carlberg,PA,79464,1960-11-20,65,3,TERMINATED
1766819909,Kathy,Campbell,Kathy Campbell,kathy.campbell@company.com,company.com,2017-03-06,Sales Operations Analyst,SALES,129907,SENIOR,1766819540,7987 Lee Ford,Karenfort,PA,19754,1977-01-29,48,8,ACTIVE
1766820315,Kathy,Joseph,Kathy Joseph,kathy.joseph@company.com,company.com,2022-12-20,Account Executive,SALES,121724,SENIOR,11870,96639 Martin Glens Suite 859,Christinaborough,SD,18774,1973-07-13,52,3,ACTIVE
1766819618,Kathy,Rodriguez,Kathy Rodriguez,kathy.rodriguez@company.com,company.com,2016-10-24,Sales Operations Analyst,SALES,83107,SENIOR,,39999 Ryan Tunnel,East Bettyton,MO,68911,1992-01-06,33,9,ACTIVE
1766819983,Kayla,Myers,Kayla Myers,kayla.myers@company.com,company.com,2023-02-05,Analytics Manager,ANALYTICS,102958,SENIOR,1766819734,4137 Tran Knoll,Whitneyton,NH,49470,1974-04-28,51,2,TERMINATED
1766819962,Keith,Cain,Keith Cain,keith.cain@company.com,company.com,2025-11-19,Data Engineer,ANALYTICS,120024,SENIOR,1766819686,0600 Cody Views,East Chelseastad,FM,95150,1965-11-02,60,0,ON LEAVE
1766820386,Keith,Riley,Keith Riley,keith.riley@company.com,company.com,2021-11-29,Sales Associate,SALES,95655,SENIOR,1766820324,8454 Lisa Village,Lake William,MS,75993,1968-05-22,57,4,ACTIVE
1766819675,Kelli,Gallegos,Kelli Gallegos,kelli.gallegos@company.com,company.com,2022-05-23,It Manager,IT,139545,SENIOR,1766819541,101 Johnson Mission Apt. 301,East Jakeland,NJ,75552,1964-04-16,61,3,ON LEAVE
1766820018,Kelly,Anderson,Kelly Anderson,kelly.anderson@company.com,company.com,2016-11-12,Sales Associate,SALES,113039,SENIOR,1766819546,1149 Peterson Fields,Changstad,NE,2769,1978-11-25,47,9,ON LEAVE
1766819610,Kelly,Bailey,Kelly Bailey,kelly.bailey@company.com,company.com,2022-09-16,Hr Manager,HR,56005,MID,1766819546,752 Leonard Manor,West Sarah,IN,4975,2003-04-01,22,3,TERMINATED
1766820300,Kelly,Ortega,Kelly Ortega,kelly.ortega@company.com,company.com,2019-10-04,It Support Specialist,IT,143827,SENIOR,,9941 Brewer Passage Suite 080,Lisaburgh,OR,30784,1971-12-19,54,6,ON LEAVE
1766820088,Kelly,Thomas,Kelly Thomas,kelly.thomas@company.com,company.com,2022-01-10,It Support Specialist,IT,143335,SENIOR,1766820087,038 Weiss Valleys,South Daisychester,MI,64275,1977-06-21,48,3,ACTIVE
1766820255,Kelly,Wilson,Kelly Wilson,kelly.wilson@company.com,company.com,2018-09-14,Devops Engineer,IT,111830,SENIOR,1766819547,1356 Maria Streets,South Mary,ND,74789,1990-03-05,35,7,TERMINATED
1766820633,Kelsey,Mcdowell,Kelsey Mcdowell,kelsey.mcdowell@company.com,company.com,2021-02-10,Business Development Representative,SALES,125532,SENIOR,1766820418,580 Mathew Road Apt. 667,West Mariah,MH,38368,1962-04-15,63,4,ACTIVE
1766820581,Kendra,Sims,Kendra Sims,kendra.sims@company.com,company.com,2017-10-07,Data Analyst,ANALYTICS,44459,JUNIOR,1766820067,9128 Schaefer Cove,North William,MA,72742,1991-04-27,34,8,TERMINATED
1766820060,Kenneth,Rodriguez,Kenneth Rodriguez,kenneth.rodriguez@company.com,company.com,2021-02-21,Learning & Development Lead,HR,65970,MID,1766819966,4833 Smith Centers Suite 053,South Monicamouth,PA,22456,1967-05-13,58,4,ACTIVE
1766819852,Kenneth,Singh,Kenneth Singh,kenneth.singh@company.com,company.com,2024-10-01,Business Intelligence Analyst,ANALYTICS,58517,MID,,06844 Shirley Point,Lake Charlesbury,TX,38159,1976-10-26,49,1,ACTIVE
1766819540,Kenneth,Watts,Kenneth Watts,kenneth.watts@company.com,company.com,2021-05-15,Analytics Manager,ANALYTICS,147010,SENIOR,1766819534,231 Patricia Loop Suite 443,Romerofort,ME,84819,1976-09-22,49,4,TERMINATED
1766820761,Kevin,Gonzales,Kevin Gonzales,kevin.gonzales@company.com,company.com,2023-06-11,It Manager,IT,70305,MID,1766820647,721 Webster Pine,North Karenland,LA,79678,1997-07-16,28,2,ON LEAVE
1766820786,Kevin,Lowery,Kevin Lowery,kevin.lowery@company.com,company.com,2020-07-02,Devops Engineer,IT,49945,JUNIOR,1766820732,216 Riley Underpass Apt. 627,West Lindseyside,VI,34399,1995-07-06,30,5,ON LEAVE
1766820093,Kevin,Scott,Kevin Scott,kevin.scott@company.com,company.com,2018-06-14,Systems Administrator,IT,134982,SENIOR,1766819716,827 Juan Gardens Apt. 556,Johnsonbury,PW,20286,1994-07-16,31,7,ACTIVE
1766820312,Kimberly,Alvarado,Kimberly Alvarado,kimberly.alvarado@company.com,company.com,2017-01-03,Hr Manager,HR,52390,MID,1766819880,3888 Logan Garden Suite 891,Parkerfurt,MS,39094,1991-10-26,34,8,TERMINATED
1766820205,Kimberly,Coleman,Kimberly Coleman,kimberly.coleman@company.com,company.com,2025-07-27,Analytics Manager,ANALYTICS,108250,SENIOR,1766819959,803 Fields Stream,South Stephaniehaven,GU,7851,1991-01-29,34,0,ACTIVE
1766820295,Kimberly,George,Kimberly George,kimberly.george@company.com,company.com,2023-11-23,Data Analyst,ANALYTICS,145081,SENIOR,1766819647,6035 James Causeway,Vanessastad,MD,87313,1965-01-14,60,2,ACTIVE
1766820634,Kimberly,Johnson,Kimberly Johnson,kimberly.johnson@company.com,company.com,2022-03-28,Systems Administrator,IT,107827,SENIOR,1766820317,5035 Gilmore Courts Suite 185,Cantutown,FM,12466,2000-10-31,25,3,TERMINATED
1766819866,Kimberly,King,Kimberly King,kimberly.king@company.com,company.com,2019-11-13,Systems Administrator,IT,127033,SENIOR,1766819579,978 Jones Radial Apt. 079,Shawnland,IL,39383,1998-08-07,27,6,TERMINATED
1766820441,Kimberly,Larson,Kimberly Larson,kimberly.larson@company.com,company.com,2019-01-09,Systems Administrator,IT,96985,SENIOR,1766819687,3696 Villa Bridge,Lake Mariamouth,WY,66097,1984-12-14,41,6,ON LEAVE
1766820193,Kimberly,Moreno,Kimberly Moreno,kimberly.moreno@company.com,company.com,2020-02-12,It Support Specialist,IT,49649,JUNIOR,,3802 Foster Junctions Apt. 146,East Laurahaven,WV,47703,1978-03-03,47,5,TERMINATED
1766820715,Kimberly,Parker,Kimberly Parker,kimberly.parker@company.com,company.com,2020-07-15,Learning & Development Lead,HR,131102,SENIOR,,217 Alexander Estates Suite 847,West Matthewview,IL,4410,1979-10-09,46,5,ACTIVE
1766820197,Kimberly,Rodriguez,Kimberly Rodriguez,kimberly.rodriguez@company.com,company.com,2021-03-24,Sales Operations Analyst,SALES,54610,MID,1766820057,33435 Robert Lane,West Victorhaven,SD,75714,1965-04-29,60,4,ON LEAVE
1766820297,Kimberly,Sanchez,Kimberly Sanchez,kimberly.sanchez@company.com,company.com,2022-06-29,Hr Manager,HR,128869,SENIOR,1766819916,582 Michael Greens Apt. 854,Melissaton,NM,5982,1987-11-10,38,3,TERMINATED
1766820714,Kristen,Taylor,Kristen Taylor,kristen.taylor@company.com,company.com,2024-11-01,It Manager,IT,85914,SENIOR,,648 Mallory Pine,Vargasburgh,DE,79842,1965-10-13,60,1,ON LEAVE
1766820129,Kristi,Washington,Kristi Washington,kristi.washington@company.com,company.com,2016-10-12,Analytics Manager,ANALYTICS,98500,SENIOR,1766819659,7791 Lauren Valley,Michaelfort,MD,43658,1978-02-01,47,9,ACTIVE
1766820501,Kristin,Bennett,Kristin Bennett,kristin.bennett@company.com,company.com,2022-05-15,Hr Assistant,HR,140659,SENIOR,,5176 Paula Stream Suite 649,Pottsmouth,HI,48452,1980-11-12,45,3,ACTIVE
1766820653,Kristin,Stewart,Kristin Stewart,kristin.stewart@company.com,company.com,2017-08-22,Learning & Development Lead,HR,112204,SENIOR,1766820261,4454 Perez Knolls Suite 854,Phillipsmouth,NY,33316,1994-02-04,31,8,ACTIVE
1766819553,Kristy,Mcgee,Kristy Mcgee,kristy.mcgee@company.com,company.com,2018-01-21,Security Analyst,IT,44058,JUNIOR,1766819541,8487 Johnson Corner Apt. 588,West Christinechester,AZ,30124,1962-07-22,63,7,TERMINATED
1766820768,Kyle,Little,Kyle Little,kyle.little@company.com,company.com,2024-02-27,Business Intelligence Analyst,ANALYTICS,82575,SENIOR,1766820647,752 Stanley Springs,Lake Donnaborough,WA,27822,1974-01-07,51,1,ACTIVE
1766819905,Kylie,Wilson,Kylie Wilson,kylie.wilson@company.com,company.com,2022-08-06,Sales Manager,SALES,76326,MID,,6186 Michael Square Suite 559,West Andreport,FM,90571,1974-08-13,51,3,TERMINATED
1766820388,Lance,Garrett,Lance Garrett,lance.garrett@company.com,company.com,2016-12-01,Talent Acquisition Specialist,HR,70562,MID,1766819541,449 Christopher Falls,Robinfurt,AR,30255,1985-11-24,40,9,ACTIVE
1766820269,Larry,Yates,Larry Yates,larry.yates@company.com,company.com,2025-06-30,Business Development Representative,SALES,137904,SENIOR,1766820057,977 William Stream Apt. 425,Fitzpatrickmouth,LA,34859,1975-04-01,50,0,ACTIVE
1766819732,Laura,Best,Laura Best,laura.best@company.com,company.com,2016-04-04,Account Executive,SALES,73799,MID,1766819695,697 Horne Lake,East Natasha,AK,38533,1983-05-19,42,9,TERMINATED
1766820173,Laura,Franklin,Laura Franklin,laura.franklin@company.com,company.com,2018-02-20,Sales Operations Analyst,SALES,107713,SENIOR,1766820131,68337 Medina Spring,Powellfort,NY,94252,1982-04-24,43,7,ACTIVE
1766819814,Laura,Freeman,Laura Freeman,laura.freeman@company.com,company.com,2020-02-26,Business Development Representative,SALES,89549,SENIOR,1766819651,4906 Harris Point Suite 187,Richardshire,ID,28370,1972-10-31,53,5,ON LEAVE
1766820561,Laura,Pierce,Laura Pierce,laura.pierce@company.com,company.com,2022-06-27,Data Engineer,ANALYTICS,128747,SENIOR,1766820237,22241 William Tunnel Apt. 103,Brennanside,CA,9083,2000-11-23,25,3,ACTIVE
1766820631,Laura,Ross,Laura Ross,laura.ross@company.com,company.com,2025-10-05,Product Analyst,ANALYTICS,136060,SENIOR,1766820379,60578 Ruth Path,West Cherylside,IN,26094,1983-06-07,42,0,TERMINATED
1766819728,Lauren,Brady,Lauren Brady,lauren.brady@company.com,company.com,2017-05-01,Hr Generalist,HR,52228,MID,1766819695,440 Patterson Extension,Ramosmouth,PW,58218,1978-11-26,47,8,ACTIVE
1766820757,Lauren,Hampton,Lauren Hampton,lauren.hampton@company.com,company.com,2023-08-05,It Support Specialist,IT,76515,MID,10514,4269 Nicole Islands,Lake Melaniechester,IA,708,1983-05-23,42,2,ACTIVE
1766820276,Laurie,Henson,Laurie Henson,laurie.henson@company.com,company.com,2022-07-18,Systems Administrator,IT,136341,SENIOR,1766820139,3215 Deborah Mission,New Meghan,NH,51982,2001-08-10,24,3,ACTIVE
1766820562,Lee,Mack,Lee Mack,lee.mack@company.com,company.com,2018-05-31,Sales Manager,SALES,116624,SENIOR,1766820513,00739 Moore Pines Suite 589,Stephanietown,CA,69135,1977-04-11,48,7,ACTIVE
1766820064,Leslie,Dixon,Leslie Dixon,leslie.dixon@company.com,company.com,2019-11-25,Learning & Development Lead,HR,87293,SENIOR,1766819986,006 Adams Crossing Suite 181,Castrofurt,OH,74937,2003-07-17,22,6,TERMINATED
1766820618,Leslie,Singh,Leslie Singh,leslie.singh@company.com,company.com,2021-05-17,Devops Engineer,IT,94740,SENIOR,1766820145,8860 Bowers Landing,South Shannonshire,WI,68224,1996-08-06,29,4,ACTIVE
1766820061,Linda,Frederick,Linda Frederick,linda.frederick@company.com,company.com,2021-12-08,Product Analyst,ANALYTICS,65727,MID,1766819877,5504 Wheeler Hills Suite 579,Ianville,NJ,59469,1984-02-05,41,4,ON LEAVE
1766819707,Linda,Jackson,Linda Jackson,linda.jackson@company.com,company.com,2020-08-03,Hr Assistant,HR,108561,SENIOR,1766819534,93409 Ian Passage Apt. 137,North Lindafort,ID,48287,1999-02-17,26,5,ON LEAVE
1766820795,Linda,Lamb,Linda Lamb,linda.lamb@company.com,company.com,2022-01-27,Business Intelligence Analyst,ANALYTICS,137255,SENIOR,1766820014,78940 Velasquez Harbor,Crossfurt,FM,1774,1991-12-05,34,3,ON LEAVE
1766820392,Linda,Pittman,Linda Pittman,linda.pittman@company.com,company.com,2018-01-22,Sales Operations Analyst,SALES,70811,MID,1766820356,4226 Jacob Manor Apt. 056,North Natalieberg,PW,67227,1966-08-31,59,7,TERMINATED
1766819762,Linda,Smith,Linda Smith,linda.smith@company.com,company.com,2019-01-13,Talent Acquisition Specialist,HR,76800,MID,,9190 Shepherd Ramp Apt. 302,Barryberg,TX,94111,1972-06-06,53,6,ACTIVE
1766820087,Lindsay,Rodriguez,Lindsay Rodriguez,lindsay.rodriguez@company.com,company.com,2025-08-18,Systems Administrator,IT,114310,SENIOR,1766819540,44721 Hood Ways Suite 335,North Aliciabury,KY,57166,1968-10-02,57,0,ACTIVE
1766820179,Lindsey,Love,Lindsey Love,lindsey.love@company.com,company.com,2024-06-07,Devops Engineer,IT,61900,MID,1766819647,808 Taylor Run,Nelsonview,KY,48138,1973-05-17,52,1,ON LEAVE
1766820765,Lindsey,Perez,Lindsey Perez,lindsey.perez@company.com,company.com,2022-07-10,It Manager,IT,42706,JUNIOR,,45199 Jackson Rest,Grahamview,MH,56363,1991-01-15,34,3,TERMINATED
1766820182,Lindsey,Solomon,Lindsey Solomon,lindsey.solomon@company.com,company.com,2016-12-18,Hr Generalist,HR,124018,SENIOR,,2037 Carla Isle Apt. 258,Lake Jessemouth,WY,13305,1964-10-28,61,9,ACTIVE
1766819625,Lisa,Andrews,Lisa Andrews,lisa.andrews@company.com,company.com,2019-01-19,Product Analyst,ANALYTICS,113860,SENIOR,1766819536,773 Ellen Inlet,Brandonview,AL,16124,2001-04-29,24,6,TERMINATED
1766820175,Lisa,Choi,Lisa Choi,lisa.choi@company.com,company.com,2017-09-07,Business Development Representative,SALES,76299,MID,,9014 Wright Vista Apt. 441,Lake Sheri,MN,96858,1973-01-01,52,8,ACTIVE
1766819638,Lisa,Jensen,Lisa Jensen,lisa.jensen@company.com,company.com,2022-11-19,Systems Administrator,IT,47897,JUNIOR,1766819614,611 Phillip Freeway Apt. 247,Port Williamside,NY,40069,1993-07-24,32,3,ON LEAVE
1766819647,Lisa,Lambert,Lisa Lambert,lisa.lambert@company.com,company.com,2018-03-27,It Manager,IT,102468,SENIOR,1766819626,85691 Vega Stream,Port Matthew,MH,93813,1992-02-25,33,7,TERMINATED
1766819604,Lisa,Robinson,Lisa Robinson,lisa.robinson@company.com,company.com,2023-06-02,Business Intelligence Analyst,ANALYTICS,90767,SENIOR,,03931 Bates Trafficway,East Stanleyhaven,CO,21670,1993-01-01,32,2,ACTIVE
1766820080,Lisa,Sullivan,Lisa Sullivan,lisa.sullivan@company.com,company.com,2019-09-24,Analytics Manager,ANALYTICS,139182,SENIOR,1766819695,7755 Hayes Views Apt. 424,Susanport,NC,27407,1992-07-20,33,6,ACTIVE
1766820538,Logan,Evans,Logan Evans,logan.evans@company.com,company.com,2017-07-20,Security Analyst,IT,65165,MID,1766820132,094 Danielle Station Suite 088,Olsenburgh,TN,63229,1962-05-19,63,8,TERMINATED
1766820068,Logan,Hayden,Logan Hayden,logan.hayden@company.com,company.com,2017-12-07,Sales Operations Analyst,SALES,145871,SENIOR,1766819848,45949 Hill Mount,North Darryl,MT,79254,1975-09-04,50,8,ACTIVE
1766820525,Lori,Myers,Lori Myers,lori.myers@company.com,company.com,2025-09-10,Sales Operations Analyst,SALES,144612,SENIOR,1766819985,32734 Hancock Path Suite 907,Erinburgh,ID,70496,1981-12-31,43,0,ACTIVE
1766819886,Luis,Koch,Luis Koch,luis.koch@company.com,company.com,2024-12-02,It Manager,IT,113683,SENIOR,1766819848,640 Cherry Cliffs Suite 668,South Melissaport,WI,29920,1966-03-28,59,1,TERMINATED
1766820554,Luis,Valdez,Luis Valdez,luis.valdez@company.com,company.com,2025-05-17,Sales Operations Analyst,SALES,127815,SENIOR,1766819948,613 Gregory Way,Barbarachester,CA,78258,1961-04-03,64,0,ON LEAVE
1766820453,Luis,Woodward,Luis Woodward,luis.woodward@company.com,company.com,2020-04-08,It Manager,IT,131791,SENIOR,1766820129,228 Mcdowell Pines Suite 722,West Cameron,MO,92428,1985-10-09,40,5,ACTIVE
1766820777,Luke,Fuller,Luke Fuller,luke.fuller@company.com,company.com,2022-04-11,Data Analyst,ANALYTICS,123770,SENIOR,1766819928,56377 Marcus Path Suite 017,Solomonshire,SC,71601,1976-11-05,49,3,ON LEAVE
1766819793,Luke,White,Luke White,luke.white@company.com,company.com,2022-04-02,It Support Specialist,IT,45043,JUNIOR,1766819647,025 Laura Prairie,North Brian,DE,59888,1967-07-03,58,3,TERMINATED
1766819795,Mackenzie,Greene,Mackenzie Greene,mackenzie.greene@company.com,company.com,2018-05-17,Hr Assistant,HR,110942,SENIOR,1766819549,127 Patricia Brooks,Lake Sarahshire,MP,19910,1996-04-04,29,7,ON LEAVE
1766819776,Madeline,Rogers,Madeline Rogers,madeline.rogers@company.com,company.com,2022-07-03,Data Analyst,ANALYTICS,140498,SENIOR,1766819646,725 Mccann Pines Apt. 406,Michaelchester,WA,94783,1994-06-14,31,3,ON LEAVE
1766820206,Madeline,Soto,Madeline Soto,madeline.soto@company.com,company.com,2019-05-27,Systems Administrator,IT,141453,SENIOR,1766819990,542 Strong Summit Apt. 146,Andrewhaven,AZ,84663,1976-07-14,49,6,ACTIVE
1766820431,Madison,Joseph,Madison Joseph,madison.joseph@company.com,company.com,2017-09-13,Business Development Representative,SALES,120968,SENIOR,1766819951,06438 Gaines Hill,East Kevintown,ID,78782,1971-05-19,54,8,TERMINATED
1766820343,Mallory,Miller,Mallory Miller,mallory.miller@company.com,company.com,2025-11-24,Talent Acquisition Specialist,HR,118230,SENIOR,1766819778,127 Greene Track Suite 216,East Matthew,LA,53216,1983-02-19,42,0,ACTIVE
1766819696,Mandy,Phillips,Mandy Phillips,mandy.phillips@company.com,company.com,2016-05-20,Sales Associate,SALES,144052,SENIOR,1766819555,77612 Briana Groves,Debrashire,AZ,53616,1961-10-27,64,9,ACTIVE
1766820216,Marcus,Moore,Marcus Moore,marcus.moore@company.com,company.com,2020-03-27,Sales Manager,SALES,86512,SENIOR,1766820096,5590 George Course,Port Rebeccaton,MI,46498,1979-02-15,46,5,ACTIVE
1766819622,Maria,Berry,Maria Berry,maria.berry@company.com,company.com,2021-08-15,Hr Manager,HR,76594,MID,,422 Leroy Station Suite 757,Jacobton,PR,94583,1980-06-22,45,4,ACTIVE
1766820034,Maria,Le,Maria Le,maria.le@company.com,company.com,2020-10-05,Business Development Representative,SALES,50868,MID,1766820004,346 Elizabeth Shore Apt. 427,Wolfefort,IN,76751,1961-04-16,64,5,ACTIVE
1766819731,Maria,Maddox,Maria Maddox,maria.maddox@company.com,company.com,2024-11-07,Account Executive,SALES,84090,SENIOR,,84013 Lisa Points Suite 449,Sabrinaport,WA,60551,1981-11-26,44,1,ACTIVE
1766819563,Marie,Ortiz,Marie Ortiz,marie.ortiz@company.com,company.com,2022-05-23,Account Executive,SALES,142269,SENIOR,1766819534,814 Ballard Square,South Jennifertown,NH,21440,2003-02-09,22,3,TERMINATED
1766819668,Marilyn,Hughes,Marilyn Hughes,marilyn.hughes@company.com,company.com,2020-07-26,Sales Associate,SALES,49338,JUNIOR,1766819549,844 Nathan Village,Lake Daniel,MD,40992,1998-02-19,27,5,ACTIVE
1766819890,Mario,Davila,Mario Davila,mario.davila@company.com,company.com,2023-06-02,Business Development Representative,SALES,149232,SENIOR,1766819665,4632 Mejia Hill Apt. 556,Williamsside,AS,70929,1989-06-30,36,2,TERMINATED
1766820212,Mario,Goodman,Mario Goodman,mario.goodman@company.com,company.com,2018-02-28,Learning & Development Lead,HR,46211,JUNIOR,1766819868,716 Leah Streets,Grayhaven,DC,7160,1976-02-15,49,7,ACTIVE
1766820131,Mark,Chaney,Mark Chaney,mark.chaney@company.com,company.com,2022-08-16,Systems Administrator,IT,79462,MID,1766820085,40847 Cunningham Fort,South Wendyshire,ME,77856,1995-05-01,30,3,ACTIVE
1766819558,Mark,Cunningham,Mark Cunningham,mark.cunningham@company.com,company.com,2019-02-11,Business Intelligence Analyst,ANALYTICS,100937,SENIOR,1766819546,07759 Jeffrey Isle Apt. 781,Villanuevaport,PR,96099,1977-07-15,48,6,ACTIVE
1766819680,Mark,Gibson,Mark Gibson,mark.gibson@company.com,company.com,2017-04-14,Hr Manager,HR,135365,SENIOR,1766819536,65010 Felicia Parkways,Tiffanyport,OK,13713,1996-07-18,29,8,TERMINATED
1766820748,Mark,Hunt,Mark Hunt,mark.hunt@company.com,company.com,2022-04-07,Account Executive,SALES,114050,SENIOR,1766820621,4245 Cooper Turnpike,Adrienneville,NM,22914,1986-04-03,39,3,ACTIVE
1766820021,Mark,Melendez,Mark Melendez,mark.melendez@company.com,company.com,2020-04-14,Hr Assistant,HR,96966,SENIOR,1766819686,99361 Bennett Prairie,Port Micheal,NJ,65362,1996-03-26,29,5,ACTIVE
1766820801,Mark,Pena,Mark Pena,mark.pena@company.com,company.com,2023-11-21,Data Engineer,ANALYTICS,59197,MID,,8396 Alexander Ranch,Port Megan,LA,34117,1988-12-12,37,2,ACTIVE
1766819945,Mark,Ramsey,Mark Ramsey,mark.ramsey@company.com,company.com,2025-09-20,Business Intelligence Analyst,ANALYTICS,76176,MID,,6256 Campbell Stravenue Suite 387,Espinozastad,MT,4074,2002-08-02,23,0,TERMINATED
1766820296,Mark,Taylor,Mark Taylor,mark.taylor@company.com,company.com,2015-12-28,Learning & Development Lead,HR,138273,SENIOR,11306,93837 James Forge,Port Daniel,VI,25757,1981-09-09,44,9,ACTIVE
1766820000,Martha,Haynes,Martha Haynes,martha.haynes@company.com,company.com,2016-06-02,Data Analyst,ANALYTICS,52644,MID,1766819905,364 Bob Place Apt. 206,Franklinton,CO,11194,1969-08-05,56,9,ACTIVE
1766820428,Mary,Adams,Mary Adams,mary.adams@company.com,company.com,2019-04-30,Sales Associate,SALES,68082,MID,1766819710,5368 Horton Junction,North Charles,SD,11908,2003-03-25,22,6,ON LEAVE
1766819742,Mary,Delacruz,Mary Delacruz,mary.delacruz@company.com,company.com,2016-06-29,Sales Associate,SALES,66144,MID,1766819610,00679 Smith Circles,Schroedershire,IL,52304,1973-01-19,52,9,ON LEAVE
1766819997,Mary,Jones,Mary Jones,mary.jones@company.com,company.com,2025-05-29,Learning & Development Lead,HR,144419,SENIOR,10709,238 Brown Locks,Port Charles,PR,56836,1999-08-24,26,0,ACTIVE
1766820207,Mary,Kim,Mary Kim,mary.kim@company.com,company.com,2018-12-03,Product Analyst,ANALYTICS,108795,SENIOR,1766820085,36303 Walton Gardens Suite 812,Thomasview,TX,56090,1977-01-25,48,7,ACTIVE
1766820557,Mary,Murphy,Mary Murphy,mary.murphy@company.com,company.com,2018-03-07,Business Development Representative,SALES,45057,JUNIOR,,8731 Mark Crossing Apt. 366,Elizabethshire,AR,39217,1974-08-24,51,7,ACTIVE
1766820298,Mary,Sanders,Mary Sanders,mary.sanders@company.com,company.com,2019-04-13,Data Analyst,ANALYTICS,71414,MID,1766820044,20282 Small Brook Apt. 999,South Keithtown,FL,84646,2003-03-07,22,6,ACTIVE
1766819884,Mathew,Webb,Mathew Webb,mathew.webb@company.com,company.com,2025-03-26,Data Engineer,ANALYTICS,110173,SENIOR,1766819851,918 Chad Run Apt. 489,West Timothy,NY,58944,1983-01-21,42,0,ACTIVE
1766820053,Matthew,Andrade,Matthew Andrade,matthew.andrade@company.com,company.com,2021-12-17,Analytics Manager,ANALYTICS,72724,MID,1766819547,9624 Gilmore Mountains Apt. 601,Mayhaven,ID,85483,1979-05-07,46,4,ON LEAVE
1766820309,Matthew,Black,Matthew Black,matthew.black@company.com,company.com,2017-04-17,Analytics Manager,ANALYTICS,144039,SENIOR,1766819799,10808 April Turnpike Apt. 067,Port Nicholas,WI,52461,1993-02-20,32,8,ON LEAVE
1766819883,Matthew,Blankenship,Matthew Blankenship,matthew.blankenship@company.com,company.com,2023-05-08,Systems Administrator,IT,140798,SENIOR,11738,03060 Kristen Ranch,East Charles,MT,79820,1986-08-15,39,2,ACTIVE
1766820316,Matthew,Campbell,Matthew Campbell,matthew.campbell@company.com,company.com,2018-05-29,Account Executive,SALES,45436,JUNIOR,1766819999,21328 Matthew Square Apt. 744,East Kelly,HI,93855,1995-01-04,30,7,ACTIVE
1766820073,Matthew,Davis,Matthew Davis,matthew.davis@company.com,company.com,2018-05-17,Security Analyst,IT,82080,SENIOR,1766820023,818 Bryant Center Suite 904,Gloverbury,WV,75212,2002-02-11,23,7,ACTIVE
1766819944,Matthew,Hill,Matthew Hill,matthew.hill@company.com,company.com,2019-08-20,Sales Operations Analyst,SALES,72105,MID,1766819593,5934 Julia Passage,New Pamela,KY,74554,1998-08-31,27,6,ON LEAVE
1766819902,Matthew,Huffman,Matthew Huffman,matthew.huffman@company.com,company.com,2016-01-10,Data Engineer,ANALYTICS,44291,JUNIOR,,2699 Anthony Road,West Andrea,RI,66298,1988-10-14,37,9,TERMINATED
1766819838,Matthew,Jackson,Matthew Jackson,matthew.jackson@company.com,company.com,2019-10-01,Security Analyst,IT,136754,SENIOR,,135 Leonard Ramp Suite 309,Chaveztown,NC,68766,1981-02-03,44,6,TERMINATED
1766820437,Matthew,Jones,Matthew Jones,matthew.jones@company.com,company.com,2025-12-22,Security Analyst,IT,112496,SENIOR,1766819549,760 Melissa Road,North Matthewbury,WY,10492,1995-05-03,30,0,ON LEAVE
1766819770,Matthew,Klein,Matthew Klein,matthew.klein@company.com,company.com,2020-12-27,Sales Associate,SALES,41032,JUNIOR,1766819536,80451 Michael Landing,Lake Jenniferside,UT,32228,1982-12-01,43,5,ACTIVE
1766819779,Matthew,Pacheco,Matthew Pacheco,matthew.pacheco@company.com,company.com,2022-09-15,Hr Generalist,HR,58820,MID,1766819585,0239 Arthur Plaza,Port Richard,RI,35131,1978-02-13,47,3,ACTIVE
1766819803,Matthew,Prince,Matthew Prince,matthew.prince@company.com,company.com,2019-11-18,Sales Operations Analyst,SALES,71803,MID,1766819772,01901 William Springs,Fergusonchester,AZ,53191,1965-05-02,60,6,ON LEAVE
1766820713,Matthew,Reed,Matthew Reed,matthew.reed@company.com,company.com,2021-05-15,Hr Assistant,HR,103068,SENIOR,1766820470,474 Nancy Field,New Yolandastad,FM,26275,1986-09-30,39,4,ACTIVE
1766820560,Matthew,Thompson,Matthew Thompson,matthew.thompson@company.com,company.com,2017-03-15,Business Development Representative,SALES,86859,SENIOR,1766819876,531 Tracy Lodge Suite 830,North Brandon,PA,95018,1994-08-24,31,8,TERMINATED
1766820610,Matthew,Turner,Matthew Turner,matthew.turner@company.com,company.com,2019-10-16,Systems Administrator,IT,84914,SENIOR,1766819960,274 Cassandra Club,Brendantown,GU,17231,1972-04-17,53,6,ACTIVE
1766820189,Matthew,Zamora,Matthew Zamora,matthew.zamora@company.com,company.com,2024-09-25,It Manager,IT,96059,SENIOR,1766819987,88004 Keith Turnpike Suite 689,Elliottberg,DC,62860,1999-09-16,26,1,ON LEAVE
1766819568,Maxwell,Rosario,Maxwell Rosario,maxwell.rosario@company.com,company.com,2023-01-09,Analytics Manager,ANALYTICS,46185,JUNIOR,1766819536,2701 Small Harbors Suite 890,East Patrickchester,NJ,62829,1985-09-28,40,2,TERMINATED
1766819673,Mckenzie,Rasmussen,Mckenzie Rasmussen,mckenzie.rasmussen@company.com,company.com,2023-09-11,Learning & Development Lead,HR,132469,SENIOR,1766819557,73762 Marcus Point,Phillipsberg,NH,76609,1968-02-11,57,2,TERMINATED
1766819765,Meagan,Kramer,Meagan Kramer,meagan.kramer@company.com,company.com,2025-08-31,Learning & Development Lead,HR,62869,MID,1766819646,831 Grimes Gateway,Darlenetown,WI,7110,1983-10-06,42,0,TERMINATED
1766819528,Megan,Petersen,Megan Petersen,megan.petersen@company.com,company.com,2018-07-06,Systems Administrator,IT,132916,SENIOR,,3360 Williams Rapids,Jonathanburgh,FL,74007,1976-03-29,49,7,ACTIVE
1766820799,Megan,Powers,Megan Powers,megan.powers@company.com,company.com,2017-06-21,Business Intelligence Analyst,ANALYTICS,117434,SENIOR,,4726 Snow Street Suite 384,Port Joseph,PA,24469,2001-12-07,24,8,ON LEAVE
1766819859,Melissa,Christensen,Melissa Christensen,melissa.christensen@company.com,company.com,2021-03-10,Data Analyst,ANALYTICS,110283,SENIOR,1766819841,8576 Bond Turnpike Apt. 852,Osbornemouth,IL,22958,1988-07-12,37,4,ACTIVE
1766820198,Melissa,Escobar,Melissa Escobar,melissa.escobar@company.com,company.com,2016-11-15,Business Development Representative,SALES,147775,SENIOR,1766820131,68082 Gregory Terrace,North Amy,CO,21699,2003-01-15,22,9,ON LEAVE
1766820582,Melissa,Fernandez,Melissa Fernandez,melissa.fernandez@company.com,company.com,2023-02-02,Business Development Representative,SALES,69890,MID,1766820304,034 Joshua Common Apt. 281,South Stephenfort,AK,85375,1971-09-21,54,2,ACTIVE
1766820694,Melissa,Morgan,Melissa Morgan,melissa.morgan@company.com,company.com,2018-11-16,Security Analyst,IT,104293,SENIOR,1766820335,8391 Dawn Hills,Daleport,MA,74397,1968-01-12,57,7,ACTIVE
1766819784,Melissa,Peters,Melissa Peters,melissa.peters@company.com,company.com,2023-11-28,Hr Manager,HR,126118,SENIOR,1766819622,8150 Angela Hill,Kaylaside,AZ,38957,1994-11-24,31,2,ON LEAVE
1766819802,Melissa,Shaw,Melissa Shaw,melissa.shaw@company.com,company.com,2024-11-12,Sales Operations Analyst,SALES,73807,MID,1766819546,064 Jennifer Walks,North Laurastad,CT,44883,1980-03-15,45,1,TERMINATED
1766820806,Melissa,Stewart,Melissa Stewart,melissa.stewart@company.com,company.com,2018-09-03,Data Engineer,ANALYTICS,97960,SENIOR,1766820050,368 Dunn Viaduct Apt. 816,New Felicia,NJ,39139,1994-05-23,31,7,TERMINATED
1766820052,Melody,Holmes,Melody Holmes,melody.holmes@company.com,company.com,2023-12-26,Hr Generalist,HR,136826,SENIOR,1766819647,03372 Justin Isle Apt. 902,Bakerview,GU,74634,1984-11-20,41,2,ACTIVE
1766820467,Michael,Baker,Michael Baker,michael.baker@company.com,company.com,2019-07-03,Business Development Representative,SALES,81342,SENIOR,1766819649,1203 Anderson Ports Suite 638,Anthonyview,MO,72805,2002-12-17,23,6,ACTIVE
1766820729,Michael,Carlson,Michael Carlson,michael.carlson@company.com,company.com,2019-10-18,Analytics Manager,ANALYTICS,130003,SENIOR,1766819976,182 Peter Road,Port Elizabethberg,OR,80855,1980-05-26,45,6,ACTIVE
1766820025,Michael,Cox,Michael Cox,michael.cox@company.com,company.com,2022-12-25,Business Development Representative,SALES,44806,JUNIOR,1766819568,2557 Perez Hills Suite 382,South Davidville,AS,42573,1990-12-03,35,3,ACTIVE
1766819823,Michael,Crawford,Michael Crawford,michael.crawford@company.com,company.com,2019-05-17,Sales Manager,SALES,81707,SENIOR,,09464 Victor Road,Amyside,NE,14573,1997-04-24,28,6,ACTIVE
1766820464,Michael,Fletcher,Michael Fletcher,michael.fletcher@company.com,company.com,2023-12-12,Sales Operations Analyst,SALES,77916,MID,1766820361,8079 Strickland Tunnel Apt. 701,Smithshire,KY,52678,1969-05-07,56,2,ON LEAVE
1766819940,Michael,Hernandez,Michael Hernandez,michael.hernandez@company.com,company.com,2015-12-31,Sales Operations Analyst,SALES,105502,SENIOR,1766819851,60673 Daniel Estate,North Jasonton,MI,57656,1985-07-28,40,9,ACTIVE
1766820419,Michael,Jackson,Michael Jackson,michael.jackson@company.com,company.com,2022-10-23,Learning & Development Lead,HR,144665,SENIOR,1766819982,1686 Jamie Square Apt. 615,Elizabethtown,KY,24314,1964-03-09,61,3,ACTIVE
1766820139,Michael,Myers,Michael Myers,michael.myers@company.com,company.com,2020-04-06,Talent Acquisition Specialist,HR,114139,SENIOR,1766819905,90852 Everett Shores Apt. 552,East Melody,KY,48826,2003-10-22,22,5,TERMINATED
1766820097,Michael,Nelson,Michael Nelson,michael.nelson@company.com,company.com,2025-08-31,Sales Associate,SALES,107226,SENIOR,,1884 Harris Plaza Apt. 605,Robertton,WV,12297,1983-05-14,42,0,ACTIVE
1766819599,Michael,Powell,Michael Powell,michael.powell@company.com,company.com,2016-02-27,Sales Associate,SALES,121046,SENIOR,1766819534,4415 Walker Mills Apt. 033,Leonbury,NM,12968,1993-04-14,32,9,TERMINATED
1766820171,Michael,Rangel,Michael Rangel,michael.rangel@company.com,company.com,2022-07-22,Analytics Manager,ANALYTICS,74912,MID,1766820093,45332 Chen Ports,Lake Jennifer,TN,97696,1983-12-22,42,3,ACTIVE
1766820150,Michael,Robinson,Michael Robinson,michael.robinson@company.com,company.com,2025-11-10,Sales Operations Analyst,SALES,93186,SENIOR,11252,79162 Rodriguez Drive,Davidhaven,ME,81208,1970-11-10,55,0,TERMINATED
1766819703,Michael,Rodriguez,Michael Rodriguez,michael.rodriguez@company.com,company.com,2021-07-29,Account Executive,SALES,67751,MID,1766819568,60509 Austin Mountains Apt. 466,East Colleenberg,GA,1733,1974-11-26,51,4,ON LEAVE
1766819799,Michael,Schmidt,Michael Schmidt,michael.schmidt@company.com,company.com,2024-03-07,Hr Manager,HR,143540,SENIOR,,8911 Haley Fall,Lake Amber,AK,90160,1979-10-17,46,1,TERMINATED
1766820754,Michael,Scott,Michael Scott,michael.scott@company.com,company.com,2019-07-09,Talent Acquisition Specialist,HR,147381,SENIOR,1766820395,8032 Bryan Courts,New Brian,MP,49068,1967-03-17,58,6,ON LEAVE
1766820326,Michael,Sharp,Michael Sharp,michael.sharp@company.com,company.com,2016-06-06,Systems Administrator,IT,134423,SENIOR,1766819540,43271 Holland Shores,North Michellemouth,PW,8935,1967-05-13,58,9,ON LEAVE
1766819768,Michael,Stein,Michael Stein,michael.stein@company.com,company.com,2018-04-19,Security Analyst,IT,56342,MID,1766819688,279 Denise Skyway,Phillipstown,MP,2643,1968-01-31,57,7,ACTIVE
1766820571,Michael,Terrell,Michael Terrell,michael.terrell@company.com,company.com,2024-11-25,Security Analyst,IT,115317,SENIOR,1766820465,39392 Kim Stravenue Apt. 496,Lake Jason,OH,72998,1983-04-11,42,1,TERMINATED
1766819946,Michael,Thomas,Michael Thomas,michael.thomas@company.com,company.com,2022-08-18,Business Development Representative,SALES,85448,SENIOR,1766819860,7212 Olson Plain Apt. 632,Wilsonfort,AK,2366,1974-12-16,51,3,ACTIVE
1766820532,Michael,Weber,Michael Weber,michael.weber@company.com,company.com,2018-08-01,It Manager,IT,105755,SENIOR,1766819976,40073 Howard Square,Loristad,SC,3502,1995-08-14,30,7,TERMINATED
1766820711,Michael,Wilson,Michael Wilson,michael.wilson@company.com,company.com,2022-08-19,Learning & Development Lead,HR,63480,MID,,294 Gomez Ports,Angelafurt,MD,84505,1975-01-12,50,3,TERMINATED
1766820365,Michael,Wright,Michael Wright,michael.wright@company.com,company.com,2024-04-22,Business Development Representative,SALES,109674,SENIOR,1766820205,3165 Tiffany Lake Apt. 129,Bryantfort,MI,3249,1970-09-15,55,1,TERMINATED
1766820243,Michael,Yang,Michael Yang,michael.yang@company.com,company.com,2016-04-23,Data Analyst,ANALYTICS,46228,JUNIOR,1766819725,6217 Gray Estate Suite 965,East Juliemouth,NM,38220,1988-08-22,37,9,TERMINATED
1766820138,Micheal,Griffin,Micheal Griffin,micheal.griffin@company.com,company.com,2020-11-29,Systems Administrator,IT,112666,SENIOR,10391,5848 Ashley Brook Apt. 866,South Jenna,PA,70498,1995-12-28,29,5,ACTIVE
1766819913,Michele,Foster,Michele Foster,michele.foster@company.com,company.com,2024-11-19,Devops Engineer,IT,59698,MID,1766819889,6617 Martinez Flat,Port Sergio,ID,25789,1962-09-12,63,1,TERMINATED
1766819963,Michelle,Campbell,Michelle Campbell,michelle.campbell@company.com,company.com,2021-07-12,Devops Engineer,IT,93718,SENIOR,1766819823,2587 Carrie Prairie Apt. 349,Davishaven,KS,42733,1967-04-22,58,4,ACTIVE
1766820709,Michelle,Escobar,Michelle Escobar,michelle.escobar@company.com,company.com,2023-07-19,Data Analyst,ANALYTICS,47369,JUNIOR,10544,52405 Johnson Station,West Dana,DC,72262,1971-11-05,54,2,ACTIVE
1766820253,Michelle,Gonzalez,Michelle Gonzalez,michelle.gonzalez@company.com,company.com,2023-03-28,Hr Assistant,HR,111298,SENIOR,1766819784,06280 Samuel Branch Suite 639,North Rachelton,NE,68514,1967-12-12,58,2,ON LEAVE
1766820169,Michelle,Harrell,Michelle Harrell,michelle.harrell@company.com,company.com,2023-08-21,Hr Generalist,HR,83309,SENIOR,1766819541,900 Kayla Shoal,Owensmouth,AS,23325,1963-07-23,62,2,ON LEAVE
1766819998,Michelle,Harrison,Michelle Harrison,michelle.harrison@company.com,company.com,2023-04-25,Sales Manager,SALES,47177,JUNIOR,1766819784,192 Jason Points Suite 437,Port Ryan,OR,44042,1975-08-02,50,2,ACTIVE
1766819893,Michelle,Hernandez,Michelle Hernandez,michelle.hernandez@company.com,company.com,2024-05-16,Data Engineer,ANALYTICS,119043,SENIOR,1766819874,50858 Caitlin Throughway,Michaelport,RI,99457,1978-04-16,47,1,TERMINATED
1766819698,Michelle,Hill,Michelle Hill,michelle.hill@company.com,company.com,2024-05-12,Analytics Manager,ANALYTICS,60626,MID,10648,543 Ricardo Isle,Lake Codyberg,IN,69749,1976-12-20,49,1,ON LEAVE
1766819836,Michelle,Martinez,Michelle Martinez,michelle.martinez@company.com,company.com,2016-04-08,Data Engineer,ANALYTICS,138257,SENIOR,1766819686,08919 Bentley Stream,West Jamieville,ID,68641,1964-02-13,61,9,ACTIVE
1766820685,Michelle,Thomas,Michelle Thomas,michelle.thomas@company.com,company.com,2022-07-28,Product Analyst,ANALYTICS,143812,SENIOR,1766820165,5127 Brandon Falls Suite 356,South Sandraville,FM,36925,1973-12-01,52,3,TERMINATED
1766820460,Michelle,Watts,Michelle Watts,michelle.watts@company.com,company.com,2019-11-08,Product Analyst,ANALYTICS,72568,MID,1766819698,997 Heather Prairie,Christianchester,CA,41447,1989-06-07,36,6,TERMINATED
1766820402,Mindy,Diaz,Mindy Diaz,mindy.diaz@company.com,company.com,2018-11-15,Data Analyst,ANALYTICS,144074,SENIOR,1766820379,7640 Brandt Union Suite 745,New Erinville,PW,93502,1995-10-31,30,7,ON LEAVE
1766820442,Mindy,Holden,Mindy Holden,mindy.holden@company.com,company.com,2018-10-13,Product Analyst,ANALYTICS,113288,SENIOR,1766820380,772 Morrison Shoals,Port Jasmine,VA,11613,1964-07-19,61,7,ACTIVE
1766819704,Misty,Robles,Misty Robles,misty.robles@company.com,company.com,2024-11-12,Data Engineer,ANALYTICS,71105,MID,1766819695,091 Mitchell Hollow Suite 306,Lake Stacieview,NM,29777,2001-06-05,24,1,ON LEAVE
1766820364,Mitchell,Riley,Mitchell Riley,mitchell.riley@company.com,company.com,2019-11-04,Devops Engineer,IT,112876,SENIOR,1766820121,7538 Gonzalez Expressway,North Monicaside,KY,36676,1982-07-31,43,6,ON LEAVE
1766819824,Monica,Cain,Monica Cain,monica.cain@company.com,company.com,2020-07-09,Account Executive,SALES,101326,SENIOR,10716,592 Cook Trail Suite 019,Lake Tracy,MP,42881,1968-01-10,57,5,TERMINATED
1766820199,Monica,Miller,Monica Miller,monica.miller@company.com,company.com,2024-11-15,Hr Generalist,HR,70502,MID,1766820129,790 Gardner Union,Maryfurt,NV,24681,1996-02-14,29,1,TERMINATED
1766819601,Monica,White,Monica White,monica.white@company.com,company.com,2021-10-31,Analytics Manager,ANALYTICS,40465,JUNIOR,,02167 Noah Mountains,Shaunburgh,FL,62626,1968-02-11,57,4,TERMINATED
1766820616,Morgan,Fernandez,Morgan Fernandez,morgan.fernandez@company.com,company.com,2020-12-07,Sales Operations Analyst,SALES,40545,JUNIOR,1766820397,422 Porter Pass Apt. 696,Wardstad,AZ,35493,1974-04-10,51,5,TERMINATED
1766820805,Nancy,Lee,Nancy Lee,nancy.lee@company.com,company.com,2016-01-08,Sales Operations Analyst,SALES,115945,SENIOR,1766820324,584 Brian Forks Apt. 519,North Alexandrashire,FM,75308,1976-12-24,49,9,ACTIVE
1766819697,Nancy,Sanders,Nancy Sanders,nancy.sanders@company.com,company.com,2019-06-01,Business Development Representative,SALES,95291,SENIOR,1766819672,14003 Tiffany Burgs,Stewartmouth,FL,93434,1967-09-05,58,6,TERMINATED
1766820469,Nancy,Schwartz,Nancy Schwartz,nancy.schwartz@company.com,company.com,2018-06-27,Talent Acquisition Specialist,HR,59642,MID,11206,2180 Scott Spur Apt. 827,Jordanton,VA,24351,1969-09-01,56,7,ON LEAVE
1766820496,Natalie,Adkins,Natalie Adkins,natalie.adkins@company.com,company.com,2024-11-18,Talent Acquisition Specialist,HR,117465,SENIOR,1766819686,03057 Crystal Estate,East Albertmouth,VT,75753,1996-05-03,29,1,TERMINATED
1766820075,Natalie,Garcia,Natalie Garcia,natalie.garcia@company.com,company.com,2019-04-05,Hr Manager,HR,127444,SENIOR,,9318 Howard Drives,Harrisshire,MH,38326,1961-01-18,64,6,ON LEAVE
1766820339,Natalie,Graham,Natalie Graham,natalie.graham@company.com,company.com,2023-09-14,Devops Engineer,IT,145383,SENIOR,1766820131,7570 Warren Plaza Suite 867,Lake Nathanland,FL,94114,1987-11-07,38,2,TERMINATED
1766820690,Natalie,Howard,Natalie Howard,natalie.howard@company.com,company.com,2022-10-12,Business Intelligence Analyst,ANALYTICS,108502,SENIOR,,62946 Jones Overpass,Edwardshaven,VT,16168,1971-12-03,54,3,TERMINATED
1766820286,Natalie,Lee,Natalie Lee,natalie.lee@company.com,company.com,2020-11-26,Sales Operations Analyst,SALES,63085,MID,1766819688,053 Joshua Pike,Jasonfurt,OR,48393,1978-12-31,46,5,ACTIVE
1766820446,Natasha,Ellison,Natasha Ellison,natasha.ellison@company.com,company.com,2021-01-13,Learning & Development Lead,HR,141212,SENIOR,1766819680,19796 Lee Burgs Apt. 540,Elliottfurt,NC,24489,1997-09-24,28,4,ACTIVE
1766819764,Natasha,Pope,Natasha Pope,natasha.pope@company.com,company.com,2025-07-17,Sales Operations Analyst,SALES,106933,SENIOR,1766819672,4003 Lopez Canyon Apt. 481,South Zacharyport,CT,89984,1998-06-15,27,0,ACTIVE
1766820403,Nathan,Mccullough,Nathan Mccullough,nathan.mccullough@company.com,company.com,2022-06-10,Sales Operations Analyst,SALES,40095,JUNIOR,1766819942,76382 Ronald Stravenue,Simmonsburgh,SC,69968,1961-05-29,64,3,TERMINATED
1766820734,Nathan,Mcdonald,Nathan Mcdonald,nathan.mcdonald@company.com,company.com,2022-06-10,Systems Administrator,IT,47579,JUNIOR,1766820145,703 Daniel Way,Adamsland,NH,78088,2002-10-01,23,3,ACTIVE
1766820188,Nathan,Russell,Nathan Russell,nathan.russell@company.com,company.com,2021-10-21,Hr Manager,HR,40958,JUNIOR,1766819534,5063 Nancy Meadows,Lake Alexanderstad,TN,82145,1977-04-12,48,4,ACTIVE
1766820265,Nathan,Smith,Nathan Smith,nathan.smith@company.com,company.com,2024-09-02,Data Engineer,ANALYTICS,128489,SENIOR,1766820202,0622 Wright Plaza,Stevensfurt,MA,44491,1991-01-05,34,1,ACTIVE
1766820381,Nathaniel,Acevedo,Nathaniel Acevedo,nathaniel.acevedo@company.com,company.com,2016-04-26,Business Intelligence Analyst,ANALYTICS,56524,MID,,580 Vaughn Crest Suite 380,Port Tammystad,NH,3391,1987-12-25,38,9,ACTIVE
1766820405,Neil,Trevino,Neil Trevino,neil.trevino@company.com,company.com,2020-04-08,Business Development Representative,SALES,103428,SENIOR,1766819675,9146 Moore Stream Suite 252,Kimberlyburgh,KY,72200,1999-12-21,26,5,ACTIVE
1766820717,Nicholas,Baird,Nicholas Baird,nicholas.baird@company.com,company.com,2018-07-21,Hr Generalist,HR,51851,MID,1766820697,7548 Hernandez Square,Juliestad,AS,12604,1963-05-30,62,7,ON LEAVE
1766819709,Nicholas,Nelson,Nicholas Nelson,nicholas.nelson@company.com,company.com,2016-08-13,Hr Assistant,HR,67035,MID,,368 Payne Lane Suite 876,New Brandifurt,WY,1112,1990-01-01,35,9,TERMINATED
1766820438,Nicholas,White,Nicholas White,nicholas.white@company.com,company.com,2016-10-12,It Manager,IT,48602,JUNIOR,1766819763,79722 Travis Rapids Suite 863,Lake Christinahaven,ID,95936,1999-12-28,25,9,TERMINATED
1766820368,Nichole,Kim,Nichole Kim,nichole.kim@company.com,company.com,2023-05-29,Hr Assistant,HR,68039,MID,1766820141,05329 Sean Manors,Bonillabury,MD,8357,2002-10-15,23,2,TERMINATED
1766819561,Nicole,Chang,Nicole Chang,nicole.chang@company.com,company.com,2021-07-10,Security Analyst,IT,123525,SENIOR,1766819540,867 Elizabeth Overpass Suite 916,Hayesstad,WI,25104,1989-03-28,36,4,ACTIVE
1766820028,Nicole,Fleming,Nicole Fleming,nicole.fleming@company.com,company.com,2019-02-09,Hr Generalist,HR,125141,SENIOR,1766819646,0115 Scott Plains,Susanville,CO,75429,1983-04-08,42,6,ACTIVE
1766819864,Nicole,Huynh,Nicole Huynh,nicole.huynh@company.com,company.com,2025-10-27,Hr Manager,HR,143257,SENIOR,,1771 Michele Oval Suite 903,Lisamouth,IL,52401,1991-09-14,34,0,ON LEAVE
1766820439,Nicole,Martin,Nicole Martin,nicole.martin@company.com,company.com,2021-08-03,Data Engineer,ANALYTICS,80042,SENIOR,1766819714,921 Scott Valleys,New Jacobtown,CT,94411,1988-04-19,37,4,ACTIVE
1766820281,Nicole,Meyer,Nicole Meyer,nicole.meyer@company.com,company.com,2020-04-19,Learning & Development Lead,HR,127486,SENIOR,1766820230,073 Nicholas Track,West Jeanetteberg,VA,34180,1965-04-27,60,5,ACTIVE
1766820800,Nicole,Sawyer,Nicole Sawyer,nicole.sawyer@company.com,company.com,2022-05-29,Sales Associate,SALES,81642,SENIOR,1766820609,47757 Charles Manors,Millerland,WV,25020,1976-03-22,49,3,ON LEAVE
1766819567,Nicole,Smith,Nicole Smith,nicole.smith@company.com,company.com,2021-05-20,Business Intelligence Analyst,ANALYTICS,126591,SENIOR,11161,41337 Anthony Courts,Alvarezfort,OH,15254,1993-01-04,32,4,ACTIVE
1766820307,Nicole,Stone,Nicole Stone,nicole.stone@company.com,company.com,2017-05-18,Business Intelligence Analyst,ANALYTICS,42985,JUNIOR,10909,0800 Mason Crossroad Suite 065,New Virginiaberg,SD,29281,2003-01-02,22,8,ON LEAVE
1766819877,Nicole,Williams,Nicole Williams,nicole.williams@company.com,company.com,2018-03-10,Analytics Manager,ANALYTICS,129310,SENIOR,1766819848,80405 Reyes Lakes,South Connie,MI,85450,1973-06-07,52,7,TERMINATED
1766820185,Nina,Martinez,Nina Martinez,nina.martinez@company.com,company.com,2025-01-25,Security Analyst,IT,83338,SENIOR,1766819688,0936 Sloan Bypass Suite 908,North Thomas,SC,92303,1992-05-02,33,0,TERMINATED
1766820670,Norman,Cook,Norman Cook,norman.cook@company.com,company.com,2022-10-20,Business Development Representative,SALES,113428,SENIOR,1766820394,83255 Eaton Ways,Froststad,SD,6477,1988-10-04,37,3,ACTIVE
1766819699,Norman,Patrick,Norman Patrick,norman.patrick@company.com,company.com,2018-04-29,Business Intelligence Analyst,ANALYTICS,79052,MID,1766819680,3289 Philip Fords Suite 680,New Alexandrialand,NC,66923,1962-11-28,63,7,ACTIVE
1766819752,Olivia,Anderson,Olivia Anderson,olivia.anderson@company.com,company.com,2018-01-23,Learning & Development Lead,HR,77154,MID,1766819601,1588 Amy Lane Suite 394,Castanedaborough,PW,31152,1980-09-07,45,7,ON LEAVE
1766820374,Olivia,Rivera,Olivia Rivera,olivia.rivera@company.com,company.com,2020-09-06,Sales Manager,SALES,71783,MID,1766820078,156 Wood Ferry,Cruzburgh,OH,24365,1992-04-13,33,5,ON LEAVE
1766820204,Pamela,Allen,Pamela Allen,pamela.allen@company.com,company.com,2020-06-23,Talent Acquisition Specialist,HR,88367,SENIOR,1766820161,331 Alexander Station,Shawnmouth,MS,28920,1994-12-30,30,5,ACTIVE
1766820814,Pamela,Harper,Pamela Harper,pamela.harper@company.com,company.com,2025-11-25,Product Analyst,ANALYTICS,55522,MID,11004,9383 Baird Hill Apt. 291,Port Davidtown,UT,87533,1962-12-30,62,0,ON LEAVE
1766819681,Patricia,Barajas,Patricia Barajas,patricia.barajas@company.com,company.com,2019-11-17,Sales Operations Analyst,SALES,142164,SENIOR,1766819593,302 Dickerson Walks Suite 192,Lake Michaelbury,MD,93732,1980-06-28,45,6,ACTIVE
1766819850,Patricia,Jacobs,Patricia Jacobs,patricia.jacobs@company.com,company.com,2018-06-15,Business Intelligence Analyst,ANALYTICS,82359,SENIOR,1766819585,501 Mcmahon Prairie Apt. 354,New Samuel,RI,54052,1996-10-07,29,7,ACTIVE
1766820356,Patricia,Johnson,Patricia Johnson,patricia.johnson@company.com,company.com,2022-06-14,Account Executive,SALES,91383,SENIOR,1766820014,8802 Bell Crossroad,West Amanda,OR,27520,1990-12-23,35,3,TERMINATED
1766819919,Patricia,Johnston,Patricia Johnston,patricia.johnston@company.com,company.com,2025-06-11,Talent Acquisition Specialist,HR,42180,JUNIOR,1766819579,3394 Kimberly Courts,North Jill,NM,10323,1998-06-12,27,0,ON LEAVE
1766819683,Patricia,Middleton,Patricia Middleton,patricia.middleton@company.com,company.com,2019-08-03,Sales Associate,SALES,62740,MID,1766819579,63123 Karen Centers,Port Devinview,NC,15578,1978-07-18,47,6,ON LEAVE
1766820086,Patricia,Sanders,Patricia Sanders,patricia.sanders@company.com,company.com,2017-12-09,Sales Associate,SALES,67656,MID,1766819614,2114 Miller Rest Apt. 923,Johnsonchester,MD,67028,1982-05-14,43,8,ON LEAVE
1766820742,Patrick,Carlson,Patrick Carlson,patrick.carlson@company.com,company.com,2017-09-05,Account Executive,SALES,61502,MID,1766820335,4472 James Mountains Suite 426,Bauerside,HI,7014,1993-10-12,32,8,ACTIVE
1766820785,Patrick,Gutierrez,Patrick Gutierrez,patrick.gutierrez@company.com,company.com,2015-12-28,Hr Generalist,HR,125580,SENIOR,11792,798 Brooke Manors Suite 049,Stephenside,NE,93772,1968-06-18,57,9,TERMINATED
1766820057,Patrick,Higgins,Patrick Higgins,patrick.higgins@company.com,company.com,2021-11-17,Sales Associate,SALES,78314,MID,1766819659,6623 Jennifer Creek,Cochrantown,MA,11866,1960-03-11,65,4,ON LEAVE
1766820313,Patrick,Mitchell,Patrick Mitchell,patrick.mitchell@company.com,company.com,2019-01-13,Devops Engineer,IT,103552,SENIOR,1766820131,294 Jackson Pines Suite 206,Martinezmouth,CT,82325,1993-04-18,32,6,ON LEAVE
1766820223,Patrick,Santiago,Patrick Santiago,patrick.santiago@company.com,company.com,2024-08-04,Product Analyst,ANALYTICS,107691,SENIOR,1766819772,84350 Kramer Key Suite 611,East Laura,MT,7907,1977-07-04,48,1,ACTIVE
1766820351,Paul,Day,Paul Day,paul.day@company.com,company.com,2017-05-04,Data Engineer,ANALYTICS,118425,SENIOR,1766819549,004 Phillips Centers,West Aaronmouth,AZ,79128,1993-03-07,32,8,ACTIVE
1766819676,Paul,Mcfarland,Paul Mcfarland,paul.mcfarland@company.com,company.com,2017-11-16,Sales Manager,SALES,139025,SENIOR,1766819610,159 Jones Forks,Jonathanburgh,UT,78102,1996-03-08,29,8,ACTIVE
1766820181,Paul,Sanchez,Paul Sanchez,paul.sanchez@company.com,company.com,2023-09-11,Sales Associate,SALES,53220,MID,,76445 King Greens Suite 458,Joshuamouth,GA,21149,2002-02-04,23,2,ACTIVE
1766819892,Paul,Williamson,Paul Williamson,paul.williamson@company.com,company.com,2024-11-17,Analytics Manager,ANALYTICS,62338,MID,1766819695,988 Kelly Circles,North Katherine,VA,97856,1977-12-12,48,1,TERMINATED
1766819918,Pedro,Jones,Pedro Jones,pedro.jones@company.com,company.com,2024-06-24,Account Executive,SALES,112920,SENIOR,1766819555,0612 Holloway Plains,Ericksonville,DC,93515,1970-01-18,55,1,ON LEAVE
1766819915,Peter,Smith,Peter Smith,peter.smith@company.com,company.com,2018-08-15,Hr Assistant,HR,71706,MID,1766819577,6816 Joe Mill Suite 898,Whitehaven,WY,87826,1961-07-02,64,7,ACTIVE
1766820436,Philip,Gonzales,Philip Gonzales,philip.gonzales@company.com,company.com,2019-01-19,Hr Manager,HR,105901,SENIOR,1766819892,26954 Cheryl Flats,Edwinmouth,TX,768,1994-08-15,31,6,TERMINATED
1766820104,Philip,Schwartz,Philip Schwartz,philip.schwartz@company.com,company.com,2025-11-25,It Manager,IT,143206,SENIOR,1766819848,442 Price Manor,Lisaburgh,CA,94575,2003-09-05,22,0,ACTIVE
1766820030,Philip,Thomas,Philip Thomas,philip.thomas@company.com,company.com,2022-08-31,Learning & Development Lead,HR,114057,SENIOR,,85730 Amanda Meadow Apt. 686,West Shaun,GU,14107,1970-05-18,55,3,ON LEAVE
1766819666,Phillip,Little,Phillip Little,phillip.little@company.com,company.com,2018-08-31,Devops Engineer,IT,62369,MID,1766819665,3149 Penny Centers Suite 222,Tinaton,IL,23284,1975-09-26,50,7,TERMINATED
1766820429,Rachel,Henry,Rachel Henry,rachel.henry@company.com,company.com,2016-12-05,Product Analyst,ANALYTICS,149791,SENIOR,1766819665,79639 Lisa Villages,New Stephanie,AZ,4191,1963-12-04,62,9,TERMINATED
1766819792,Rachel,Horton,Rachel Horton,rachel.horton@company.com,company.com,2018-09-01,Analytics Manager,ANALYTICS,54140,MID,1766819540,6825 Robert Valley,Kellyburgh,FM,58749,1966-01-01,59,7,TERMINATED
1766820601,Randy,Cunningham,Randy Cunningham,randy.cunningham@company.com,company.com,2018-07-22,Analytics Manager,ANALYTICS,65194,MID,1766819903,57196 Lindsay Trail,South Jonathanburgh,TX,51978,1966-09-12,59,7,ON LEAVE
1766820070,Randy,Dominguez,Randy Dominguez,randy.dominguez@company.com,company.com,2024-07-17,Hr Assistant,HR,147938,SENIOR,1766819924,14751 Burns Estates Apt. 048,Fowlerton,AS,50540,1991-01-20,34,1,ACTIVE
1766819658,Randy,Johnson,Randy Johnson,randy.johnson@company.com,company.com,2024-03-16,Security Analyst,IT,84031,SENIOR,1766819555,827 Charles Villages,Michelefurt,IL,86611,1972-10-10,53,1,TERMINATED
1766820228,Randy,Maxwell,Randy Maxwell,randy.maxwell@company.com,company.com,2025-06-07,Data Analyst,ANALYTICS,101335,SENIOR,1766819687,116 Hamilton Summit Apt. 913,East Lacey,PR,63066,1982-05-19,43,0,ON LEAVE
1766820426,Raven,Newman,Raven Newman,raven.newman@company.com,company.com,2016-01-07,Learning & Development Lead,HR,66949,MID,,1925 Felicia Ports Suite 740,North Larry,AR,68394,1996-04-11,29,9,ON LEAVE
1766820247,Raymond,Patterson,Raymond Patterson,raymond.patterson@company.com,company.com,2020-08-18,Talent Acquisition Specialist,HR,41665,JUNIOR,1766819943,56273 Robert Hills Apt. 860,Port Reneechester,AL,96630,1995-09-30,30,5,ACTIVE
1766820164,Rebecca,Evans,Rebecca Evans,rebecca.evans@company.com,company.com,2023-03-10,Hr Manager,HR,127430,SENIOR,1766819958,6661 Hale Hills Suite 163,Arellanoberg,NM,60899,1981-04-20,44,2,ON LEAVE
1766819897,Rebecca,Leach,Rebecca Leach,rebecca.leach@company.com,company.com,2025-04-29,Data Analyst,ANALYTICS,101570,SENIOR,1766819868,33677 Lee Coves Apt. 732,East Kellieborough,UT,65948,1984-04-15,41,0,ACTIVE
1766819912,Rebecca,Padilla,Rebecca Padilla,rebecca.padilla@company.com,company.com,2022-09-15,Product Analyst,ANALYTICS,62778,MID,,59416 Smith Vista Suite 698,Lake Tony,WV,22403,1996-02-24,29,3,ON LEAVE
1766820543,Rebecca,Suarez,Rebecca Suarez,rebecca.suarez@company.com,company.com,2020-10-17,Account Executive,SALES,136250,SENIOR,1766820515,72657 Robinson Mission,North Richard,KS,93167,1991-01-07,34,5,TERMINATED
1766820504,Rebecca,Thompson,Rebecca Thompson,rebecca.thompson@company.com,company.com,2024-06-04,It Manager,IT,140640,SENIOR,1766820281,6260 Sanford Stravenue,South Susan,SD,82962,1980-05-24,45,1,ACTIVE
1766820274,Rebekah,Jordan,Rebekah Jordan,rebekah.jordan@company.com,company.com,2025-04-15,Analytics Manager,ANALYTICS,107222,SENIOR,1766819911,892 Jimenez Lights,Hollandland,MP,23094,1968-10-28,57,0,ON LEAVE
1766820160,Reginald,Miranda,Reginald Miranda,reginald.miranda@company.com,company.com,2021-06-17,Learning & Development Lead,HR,139043,SENIOR,1766819848,01859 Harris Dam,North Amy,NM,87340,1963-01-02,62,4,TERMINATED
1766819889,Reginald,Nichols,Reginald Nichols,reginald.nichols@company.com,company.com,2024-10-13,Hr Manager,HR,112891,SENIOR,,4627 Christopher Meadows Apt. 873,Port Adamfurt,MH,71340,1973-05-04,52,1,ACTIVE
1766820401,Renee,Livingston,Renee Livingston,renee.livingston@company.com,company.com,2019-01-26,Account Executive,SALES,112794,SENIOR,1766819577,4084 Charles Lights Suite 925,Duncanhaven,NJ,77422,1980-09-09,45,6,TERMINATED
1766820248,Renee,Williams,Renee Williams,renee.williams@company.com,company.com,2018-04-26,It Support Specialist,IT,137631,SENIOR,10239,79140 Cook Stream,Schneiderfurt,NM,796,1994-12-01,31,7,ON LEAVE
1766819829,Rhonda,Elliott,Rhonda Elliott,rhonda.elliott@company.com,company.com,2023-03-16,Business Development Representative,SALES,116140,SENIOR,1766819761,61613 Gordon Streets Apt. 553,New Sandrahaven,WA,14702,1964-08-18,61,2,ACTIVE
1766820407,Rhonda,Frazier,Rhonda Frazier,rhonda.frazier@company.com,company.com,2021-08-09,Product Analyst,ANALYTICS,105828,SENIOR,,730 Robinson Harbors Suite 620,Johnburgh,FM,12489,1986-10-30,39,4,TERMINATED
1766819980,Rhonda,Hurst,Rhonda Hurst,rhonda.hurst@company.com,company.com,2025-05-05,Account Executive,SALES,115507,SENIOR,1766819685,7222 Allen Plain,Bartonburgh,MI,7316,2001-01-16,24,0,ACTIVE
1766820293,Rhonda,Ward,Rhonda Ward,rhonda.ward@company.com,company.com,2020-01-24,Learning & Development Lead,HR,109295,SENIOR,11228,4234 Spencer Meadows,Port Brandy,MO,29018,2001-10-03,24,5,TERMINATED
1766820760,Ricardo,Keith,Ricardo Keith,ricardo.keith@company.com,company.com,2016-01-28,Talent Acquisition Specialist,HR,147494,SENIOR,1766820163,3699 Heather Run Apt. 435,East Hannah,PW,86997,1962-10-25,63,9,ON LEAVE
1766819705,Richard,Carter,Richard Carter,richard.carter@company.com,company.com,2023-10-24,Account Executive,SALES,77007,MID,,531 Thompson Land Suite 010,East Joseph,OR,62882,1967-02-27,58,2,ACTIVE
1766820580,Richard,Casey,Richard Casey,richard.casey@company.com,company.com,2017-10-08,Devops Engineer,IT,87271,SENIOR,1766820071,44116 Warner Lake Apt. 920,North Jackie,MS,33602,1976-11-14,49,8,ON LEAVE
1766819627,Richard,Horton,Richard Horton,richard.horton@company.com,company.com,2019-03-17,Talent Acquisition Specialist,HR,144412,SENIOR,1766819541,3174 Gina Glens,New Lisaland,WA,91613,1965-03-06,60,6,ON LEAVE
1766820235,Richard,Murray,Richard Murray,richard.murray@company.com,company.com,2016-06-22,Sales Operations Analyst,SALES,43235,JUNIOR,11618,5003 Craig Springs Apt. 245,Princeview,SD,36381,1970-04-13,55,9,ACTIVE
1766819830,Richard,Myers,Richard Myers,richard.myers@company.com,company.com,2016-12-29,Security Analyst,IT,144474,SENIOR,1766819680,61293 Mullen Streets,East Paul,ID,21389,1974-08-06,51,8,TERMINATED
1766819564,Richard,Rivera,Richard Rivera,richard.rivera@company.com,company.com,2017-02-12,Sales Associate,SALES,47952,JUNIOR,1766819534,610 Ana Falls Suite 708,Williamsville,VT,15956,2002-06-11,23,8,ON LEAVE
1766819628,Richard,Smith,Richard Smith,richard.smith@company.com,company.com,2025-10-02,Business Intelligence Analyst,ANALYTICS,56641,MID,1766819546,173 Desiree Groves,West Jennifershire,UT,888,1969-03-20,56,0,ACTIVE
1766820202,Ricky,Freeman,Ricky Freeman,ricky.freeman@company.com,company.com,2025-03-01,Analytics Manager,ANALYTICS,70493,MID,1766819549,5870 Griffin Square Suite 943,Juanhaven,NE,91373,1993-06-01,32,0,TERMINATED
1766820017,Ricky,Jones,Ricky Jones,ricky.jones@company.com,company.com,2021-07-15,Learning & Development Lead,HR,69689,MID,1766819930,8438 Jones Springs,Valdezfort,FM,82503,2002-02-23,23,4,ACTIVE
1766820006,Ricky,Mills,Ricky Mills,ricky.mills@company.com,company.com,2020-11-24,Talent Acquisition Specialist,HR,119806,SENIOR,1766819651,3445 Diane Prairie Suite 870,South Sarahbury,OH,73308,1997-01-25,28,5,ACTIVE
1766819554,Robert,Allen,Robert Allen,robert.allen@company.com,company.com,2023-10-19,Learning & Development Lead,HR,43083,JUNIOR,10980,961 Clayton Harbor,Rodneystad,OR,58713,1977-08-27,48,2,TERMINATED
1766820793,Robert,Bender,Robert Bender,robert.bender@company.com,company.com,2025-10-06,Data Engineer,ANALYTICS,140959,SENIOR,1766820115,802 Herring Hills Suite 126,New Jessicaview,FM,37383,1983-11-21,42,0,ON LEAVE
1766820710,Robert,Callahan,Robert Callahan,robert.callahan@company.com,company.com,2018-11-30,Data Engineer,ANALYTICS,140950,SENIOR,1766820606,761 Williams Pike Apt. 182,Jeromeburgh,VT,70529,1975-06-16,50,7,TERMINATED
1766819960,Robert,Golden,Robert Golden,robert.golden@company.com,company.com,2017-03-17,Sales Manager,SALES,130551,SENIOR,1766819948,630 Bender Ways,South Hannahmouth,IA,93293,1977-09-15,48,8,ACTIVE
1766820655,Robert,Martin,Robert Martin,robert.martin@company.com,company.com,2021-06-13,It Manager,IT,89924,SENIOR,10672,6221 Wilson Isle,Lake David,OK,7700,1979-03-15,46,4,TERMINATED
1766820019,Robert,Newton,Robert Newton,robert.newton@company.com,company.com,2023-09-03,Business Development Representative,SALES,98713,SENIOR,1766819714,70592 Albert Greens Apt. 482,Bradleychester,WI,85532,1998-10-21,27,2,ON LEAVE
1766820456,Robert,Perez,Robert Perez,robert.perez@company.com,company.com,2017-02-06,Devops Engineer,IT,127167,SENIOR,1766820055,5319 Murphy Pine Suite 993,Williamsview,AZ,21190,1974-07-23,51,8,TERMINATED
1766819995,Robert,Rice,Robert Rice,robert.rice@company.com,company.com,2016-02-12,Data Engineer,ANALYTICS,104357,SENIOR,1766819547,566 David Stravenue,Jordanport,KS,94654,2000-08-28,25,9,ACTIVE
1766819899,Robert,Robinson,Robert Robinson,robert.robinson@company.com,company.com,2024-01-27,Sales Manager,SALES,121198,SENIOR,1766819763,1716 Garcia Stravenue Apt. 241,Jonathanview,NV,81736,1970-08-10,55,1,ACTIVE
1766820671,Robert,Smith,Robert Smith,robert.smith@company.com,company.com,2017-02-19,Hr Assistant,HR,104666,SENIOR,1766820470,16970 Barr Shoal Apt. 310,Gravesberg,IL,28530,2002-10-12,23,8,TERMINATED
1766820751,Robert,Snyder,Robert Snyder,robert.snyder@company.com,company.com,2025-01-08,Analytics Manager,ANALYTICS,63300,MID,11920,3409 Cooper Summit Suite 243,East Victoria,IL,32750,1966-10-24,59,0,ON LEAVE
1766820378,Robert,Stewart,Robert Stewart,robert.stewart@company.com,company.com,2020-11-05,Hr Assistant,HR,72359,MID,1766820266,8842 Dan Track Apt. 384,Cindyland,IA,76262,1995-12-21,30,5,TERMINATED
1766820778,Robert,Valdez,Robert Valdez,robert.valdez@company.com,company.com,2022-08-25,Learning & Development Lead,HR,73434,MID,1766820469,433 Byrd Hollow Apt. 396,Marshchester,IA,39262,2003-11-12,22,3,ACTIVE
1766819979,Roberto,Evans,Roberto Evans,roberto.evans@company.com,company.com,2019-11-07,Systems Administrator,IT,106340,SENIOR,,906 Alejandra Stream Suite 673,North Jamesfurt,ND,64811,1965-06-27,60,6,ON LEAVE
1766820811,Roberto,Mclean,Roberto Mclean,roberto.mclean@company.com,company.com,2019-07-10,Analytics Manager,ANALYTICS,101795,SENIOR,1766820548,9303 Rodriguez Well,Wongstad,WI,45929,1969-08-07,56,6,ACTIVE
1766820476,Robin,Wilkerson,Robin Wilkerson,robin.wilkerson@company.com,company.com,2024-05-28,Talent Acquisition Specialist,HR,141018,SENIOR,1766819536,86139 Jessica Locks Suite 711,Port Heathershire,DC,57829,1973-05-23,52,1,ACTIVE
1766820081,Ronald,Armstrong,Ronald Armstrong,ronald.armstrong@company.com,company.com,2021-07-16,Business Intelligence Analyst,ANALYTICS,134575,SENIOR,,351 Arroyo Run,Beckshire,MH,17762,1990-01-14,35,4,ON LEAVE
1766820151,Ronald,Shepherd,Ronald Shepherd,ronald.shepherd@company.com,company.com,2023-07-05,Account Executive,SALES,51192,MID,1766819716,770 Michael Throughway,Russellland,SC,99776,2001-07-24,24,2,ACTIVE
1766819555,Ronald,Smith,Ronald Smith,ronald.smith@company.com,company.com,2020-10-17,It Manager,IT,114585,SENIOR,1766819546,0160 Damon Trail,Marilynside,MH,64994,1994-11-22,31,5,ON LEAVE
1766820640,Rose,Williams,Rose Williams,rose.williams@company.com,company.com,2025-03-10,Devops Engineer,IT,84493,SENIOR,1766820037,061 Simpson Creek,Robinsonmouth,VI,43624,1973-01-23,52,0,ON LEAVE
1766820210,Ryan,Bell,Ryan Bell,ryan.bell@company.com,company.com,2025-09-28,Security Analyst,IT,113953,SENIOR,1766819956,3692 Stafford River Apt. 633,Jonesport,MD,54022,1991-02-21,34,0,ACTIVE
1766820222,Ryan,Bradshaw,Ryan Bradshaw,ryan.bradshaw@company.com,company.com,2019-03-11,Account Executive,SALES,147293,SENIOR,1766820138,871 Cole Hollow,Joneschester,IL,35893,1964-05-08,61,6,ON LEAVE
1766820487,Ryan,Kim,Ryan Kim,ryan.kim@company.com,company.com,2016-02-13,Systems Administrator,IT,96678,SENIOR,1766820227,898 Peter Walks,Marquezberg,WV,47110,1963-12-26,62,9,ACTIVE
1766819930,Ryan,Lewis,Ryan Lewis,ryan.lewis@company.com,company.com,2022-07-27,Sales Manager,SALES,129163,SENIOR,1766819899,92987 Wilson Vista,Lake Lisa,AR,9598,1987-11-03,38,3,ON LEAVE
1766819755,Ryan,Sandoval,Ryan Sandoval,ryan.sandoval@company.com,company.com,2022-02-09,Account Executive,SALES,109580,SENIOR,,81996 Dougherty Creek Suite 856,South Chase,MI,20408,1973-06-29,52,3,TERMINATED
1766819624,Ryan,Shaw,Ryan Shaw,ryan.shaw@company.com,company.com,2017-09-06,It Support Specialist,IT,83833,SENIOR,1766819557,1000 Corey Summit,Hicksberg,MT,13058,1993-06-06,32,8,ACTIVE
1766820214,Ryan,Smith,Ryan Smith,ryan.smith@company.com,company.com,2021-05-18,Analytics Manager,ANALYTICS,74407,MID,,974 Jason Locks Apt. 461,North Kathrynburgh,OR,89911,1960-03-04,65,4,TERMINATED
1766819574,Ryan,Walker,Ryan Walker,ryan.walker@company.com,company.com,2024-04-10,Hr Assistant,HR,144048,SENIOR,1766819541,0944 Olson Cliffs Apt. 328,South Terri,ND,88304,1965-11-29,60,1,TERMINATED
1766820271,Samantha,Frazier,Samantha Frazier,samantha.frazier@company.com,company.com,2024-01-06,Sales Associate,SALES,123086,SENIOR,1766820227,7224 Jacob Street,North Williamburgh,MS,92906,2000-01-09,25,1,ON LEAVE
1766820433,Samantha,Green,Samantha Green,samantha.green@company.com,company.com,2020-06-04,Systems Administrator,IT,100263,SENIOR,1766820129,8838 Miller Stream Apt. 942,North Holly,DE,45161,1984-06-19,41,5,TERMINATED
1766819875,Samantha,Suarez,Samantha Suarez,samantha.suarez@company.com,company.com,2018-10-17,Hr Generalist,HR,87607,SENIOR,1766819549,3925 Haynes Square Suite 698,Shannonside,PR,53501,1993-12-01,32,7,TERMINATED
1766820291,Samuel,Fritz,Samuel Fritz,samuel.fritz@company.com,company.com,2020-01-23,Hr Generalist,HR,54076,MID,1766819990,13642 Joshua Ford Apt. 608,Lake Jonathan,TN,17146,1962-05-30,63,5,ACTIVE
1766820787,Samuel,Smith,Samuel Smith,samuel.smith@company.com,company.com,2025-03-31,It Support Specialist,IT,144191,SENIOR,1766820379,66086 Scott Route,Ericton,MS,23792,1994-03-22,31,0,ACTIVE
1766819773,Sandra,Campos,Sandra Campos,sandra.campos@company.com,company.com,2024-02-29,Hr Generalist,HR,77628,MID,1766819734,59853 Jamie Ranch Suite 172,Barryfurt,AR,62879,2000-01-15,25,1,ON LEAVE
1766820773,Sandra,Garcia,Sandra Garcia,sandra.garcia@company.com,company.com,2024-03-28,It Support Specialist,IT,81833,SENIOR,,6183 Mora Rest Suite 019,Port Devontown,NH,71538,2001-05-17,24,1,ON LEAVE
1766820317,Sandy,Green,Sandy Green,sandy.green@company.com,company.com,2024-10-20,It Manager,IT,72201,MID,10438,31302 Diaz Run Suite 158,Angelaview,ND,40850,1967-01-19,58,1,ACTIVE
1766820813,Sara,Farrell,Sara Farrell,sara.farrell@company.com,company.com,2025-01-05,Talent Acquisition Specialist,HR,105272,SENIOR,1766820289,90856 Aaron Garden Suite 724,South Andrewbury,IN,68692,1960-03-06,65,0,ON LEAVE
1766820353,Sara,Lee,Sara Lee,sara.lee@company.com,company.com,2022-12-14,Analytics Manager,ANALYTICS,82424,SENIOR,1766819689,2912 Gabriel Neck,Lake Carolineberg,AK,31467,1994-05-19,31,3,ACTIVE
1766820229,Sara,Reid,Sara Reid,sara.reid@company.com,company.com,2025-07-24,Hr Assistant,HR,78841,MID,1766820080,876 Stephanie Avenue Suite 352,Port Robertshire,OK,8079,1988-09-02,37,0,TERMINATED
1766819851,Sarah,Cameron,Sarah Cameron,sarah.cameron@company.com,company.com,2021-03-13,Analytics Manager,ANALYTICS,112140,SENIOR,1766819823,38442 Gregory Keys Apt. 311,Kelseyhaven,LA,38293,1991-01-05,34,4,ON LEAVE
1766820609,Sarah,Ferguson,Sarah Ferguson,sarah.ferguson@company.com,company.com,2018-03-17,Hr Manager,HR,121936,SENIOR,1766819871,693 Jacobs Square Apt. 790,North Kerrymouth,MS,40080,2001-09-15,24,7,TERMINATED
1766819917,Sarah,Gardner,Sarah Gardner,sarah.gardner@company.com,company.com,2022-05-15,Hr Manager,HR,82331,SENIOR,1766819792,5151 Yvonne Crossing,Aliciatown,NV,43692,1975-06-27,50,3,TERMINATED
1766820327,Sarah,Johnson,Sarah Johnson,sarah.johnson@company.com,company.com,2023-08-09,Systems Administrator,IT,85812,SENIOR,1766819585,8858 Nicholas Port,South Tonyatown,KY,80394,2003-02-27,22,2,ACTIVE
1766820285,Sarah,Ritter,Sarah Ritter,sarah.ritter@company.com,company.com,2017-12-22,Sales Associate,SALES,125515,SENIOR,1766819676,867 Jenna Manor,Danaton,VI,62241,1996-10-18,29,8,ON LEAVE
1766820067,Sarah,Sullivan,Sarah Sullivan,sarah.sullivan@company.com,company.com,2023-05-06,Analytics Manager,ANALYTICS,97767,SENIOR,1766819899,45219 Stephen Common Suite 647,Freemanland,AS,6151,1985-10-06,40,2,TERMINATED
1766819935,Sarah,Todd,Sarah Todd,sarah.todd@company.com,company.com,2021-11-27,Hr Assistant,HR,42385,JUNIOR,1766819617,591 Brianna Ranch,West David,ID,86543,1976-03-24,49,4,ON LEAVE
1766820740,Sarah,Williams,Sarah Williams,sarah.williams@company.com,company.com,2022-10-11,Sales Manager,SALES,112724,SENIOR,1766819974,360 Cameron Via Suite 501,West Ianmouth,SC,8392,1992-09-08,33,3,ON LEAVE
1766819947,Savannah,Cabrera,Savannah Cabrera,savannah.cabrera@company.com,company.com,2022-02-17,Data Analyst,ANALYTICS,57134,MID,1766819716,2637 Christopher Drive,Conleyberg,ME,95345,1982-05-31,43,3,ACTIVE
1766820056,Scott,Garcia,Scott Garcia,scott.garcia@company.com,company.com,2017-04-13,Hr Assistant,HR,114616,SENIOR,1766819911,2057 Phillip Walks,Crystalborough,VI,32052,1965-08-28,60,8,ON LEAVE
1766820462,Scott,Ibarra,Scott Ibarra,scott.ibarra@company.com,company.com,2018-12-14,Sales Manager,SALES,112459,SENIOR,1766820210,475 Hernandez Ranch,Griffithborough,MD,66045,1988-04-16,37,7,TERMINATED
1766820035,Scott,Martin,Scott Martin,scott.martin@company.com,company.com,2021-01-05,Talent Acquisition Specialist,HR,103056,SENIOR,1766819889,7267 Clinton Lock,Ellismouth,DC,42954,2002-08-24,23,4,ACTIVE
1766820299,Scott,Morris,Scott Morris,scott.morris@company.com,company.com,2024-05-14,Sales Associate,SALES,115624,SENIOR,1766819688,3159 Farmer Pines Suite 712,Velasquezton,VI,95626,2001-12-12,24,1,TERMINATED
1766820240,Scott,Parker,Scott Parker,scott.parker@company.com,company.com,2023-08-17,Devops Engineer,IT,52667,MID,1766820153,092 Kathryn Village Suite 290,Lake Alexisfurt,NY,92072,1976-01-09,49,2,TERMINATED
1766819996,Scott,Walker,Scott Walker,scott.walker@company.com,company.com,2024-01-16,Data Analyst,ANALYTICS,106897,SENIOR,1766819991,292 Shields Court,Christopherchester,WA,71587,1980-07-21,45,1,ACTIVE
1766820684,Sean,Stewart,Sean Stewart,sean.stewart@company.com,company.com,2025-02-27,Devops Engineer,IT,138597,SENIOR,1766820413,3800 Daniel Squares Apt. 690,Heathermouth,KS,12772,1973-10-27,52,0,TERMINATED
1766820649,Sean,White,Sean White,sean.white@company.com,company.com,2025-11-03,Systems Administrator,IT,101313,SENIOR,1766820227,5860 Crosby Ports Apt. 168,Port Andrewland,CT,29341,1987-05-28,38,0,ACTIVE
1766820331,Sergio,Brooks,Sergio Brooks,sergio.brooks@company.com,company.com,2023-10-18,Security Analyst,IT,136156,SENIOR,,27251 Elliott Village,New Michael,WV,11360,1973-05-19,52,2,TERMINATED
1766820367,Sergio,Freeman,Sergio Freeman,sergio.freeman@company.com,company.com,2019-06-04,Business Intelligence Analyst,ANALYTICS,126234,SENIOR,1766819874,454 Hodges Circles Apt. 350,Roachtown,IA,83400,1963-03-14,62,6,ACTIVE
1766819876,Shannon,Robinson,Shannon Robinson,shannon.robinson@company.com,company.com,2018-06-28,It Manager,IT,41194,JUNIOR,1766819860,198 Kimberly Mission,Christineborough,MP,83109,1977-09-26,48,7,TERMINATED
1766820534,Shannon,Sandoval,Shannon Sandoval,shannon.sandoval@company.com,company.com,2025-02-05,Business Development Representative,SALES,138897,SENIOR,1766819870,24790 Thomas Roads Suite 498,North Bradley,FL,71996,1960-05-08,65,0,ON LEAVE
1766820769,Sharon,Adams,Sharon Adams,sharon.adams@company.com,company.com,2020-04-30,Sales Operations Analyst,SALES,120424,SENIOR,11807,870 Banks Falls Apt. 167,South Joannside,MA,30047,1971-12-26,54,5,ACTIVE
1766820475,Sharon,Cain,Sharon Cain,sharon.cain@company.com,company.com,2025-04-27,Account Executive,SALES,44272,JUNIOR,1766820205,77809 Perry Loaf,East Thomasshire,OH,36278,1960-09-02,65,0,ON LEAVE
1766819725,Sharon,Jordan,Sharon Jordan,sharon.jordan@company.com,company.com,2020-05-30,It Manager,IT,63990,MID,1766819672,6630 Lisa Ways,South Angela,KY,86706,1979-04-29,46,5,TERMINATED
1766819887,Sharon,Saunders,Sharon Saunders,sharon.saunders@company.com,company.com,2022-04-20,Sales Associate,SALES,107966,SENIOR,1766819859,7520 Blake Mission,Port Ericport,AZ,71105,1990-08-14,35,3,ACTIVE
1766820699,Sharon,Thomas,Sharon Thomas,sharon.thomas@company.com,company.com,2018-08-10,Data Engineer,ANALYTICS,135303,SENIOR,1766820584,640 Gutierrez Loaf Apt. 859,Antonioshire,ID,63658,1991-03-19,34,7,ACTIVE
1766820564,Shaun,Lewis,Shaun Lewis,shaun.lewis@company.com,company.com,2025-10-18,Learning & Development Lead,HR,108515,SENIOR,,4556 Freeman Shoal Apt. 959,Port Jessica,NH,14177,1988-09-17,37,0,ON LEAVE
1766819982,Shawn,Gonzalez,Shawn Gonzalez,shawn.gonzalez@company.com,company.com,2021-08-04,Sales Manager,SALES,136098,SENIOR,1766819860,2486 White Flats,Susanburgh,MI,95191,1973-05-30,52,4,ON LEAVE
1766820518,Sheila,Rosales,Sheila Rosales,sheila.rosales@company.com,company.com,2024-01-08,Hr Assistant,HR,66950,MID,1766820155,21456 Cole Terrace,Ericshire,LA,47842,1969-07-20,56,1,TERMINATED
1766819729,Sherry,Malone,Sherry Malone,sherry.malone@company.com,company.com,2021-05-24,Systems Administrator,IT,86236,SENIOR,1766819651,80708 Smith Shore Apt. 104,Lake Miranda,NV,53473,1979-05-13,46,4,ACTIVE
1766820323,Sherry,Miller,Sherry Miller,sherry.miller@company.com,company.com,2024-10-08,Business Development Representative,SALES,66714,MID,1766819689,9684 Amber Gateway,Jonesborough,CO,58001,1980-01-22,45,1,ACTIVE
1766820004,Sierra,Mason,Sierra Mason,sierra.mason@company.com,company.com,2023-04-11,Data Analyst,ANALYTICS,70612,MID,,143 Brandon Lights Suite 245,Christianberg,MH,37593,1996-01-18,29,2,ON LEAVE
1766820358,Stacey,Nelson,Stacey Nelson,stacey.nelson@company.com,company.com,2021-03-03,Systems Administrator,IT,103711,SENIOR,,99066 Lindsay Way,North Jonathan,VA,94423,1989-11-17,36,4,ACTIVE
1766820270,Stacey,Shah,Stacey Shah,stacey.shah@company.com,company.com,2019-07-27,Hr Assistant,HR,47188,JUNIOR,,707 Phillips Lodge,Danielborough,CA,13537,2003-12-24,22,6,ACTIVE
1766819532,Stacy,Nelson,Stacy Nelson,stacy.nelson@company.com,company.com,2024-01-19,Account Executive,SALES,115973,SENIOR,,7485 Bryan Views Suite 168,Lake Lisa,TN,92931,1990-03-02,35,1,ON LEAVE
1766819775,Stanley,Jordan,Stanley Jordan,stanley.jordan@company.com,company.com,2022-08-06,Product Analyst,ANALYTICS,64250,MID,1766819698,3704 Margaret Village Apt. 036,Karenbury,MT,1126,1980-04-16,45,3,ACTIVE
1766820279,Stephanie,Dixon,Stephanie Dixon,stephanie.dixon@company.com,company.com,2022-09-07,Data Analyst,ANALYTICS,111194,SENIOR,1766820075,65628 Michele Street,Maureenton,WA,28627,1975-10-18,50,3,TERMINATED
1766820363,Stephanie,Dorsey,Stephanie Dorsey,stephanie.dorsey@company.com,company.com,2018-04-21,Product Analyst,ANALYTICS,139623,SENIOR,1766820072,5951 Miles Point Apt. 295,Joycemouth,NC,80351,2000-11-10,25,7,ACTIVE
1766820497,Stephanie,Duffy,Stephanie Duffy,stephanie.duffy@company.com,company.com,2022-12-14,It Support Specialist,IT,77983,MID,1766819579,3320 Arnold Highway,West Brendanfort,PA,58331,1991-09-30,34,3,ACTIVE
1766820066,Stephanie,Garcia,Stephanie Garcia,stephanie.garcia@company.com,company.com,2020-12-11,Sales Associate,SALES,114530,SENIOR,1766819565,280 Brian Wells,North Kyle,KY,74397,1971-02-21,54,5,TERMINATED
1766820106,Stephanie,Grimes,Stephanie Grimes,stephanie.grimes@company.com,company.com,2020-09-02,Devops Engineer,IT,61062,MID,1766819864,27795 Herrera Crescent,Stevenshaven,TN,70176,1983-06-10,42,5,ACTIVE
1766820176,Stephanie,Jones,Stephanie Jones,stephanie.jones@company.com,company.com,2024-05-18,Security Analyst,IT,148912,SENIOR,1766819942,324 Callahan Valley,South Susan,VI,37586,1973-03-06,52,1,ON LEAVE
1766819965,Stephanie,Jordan,Stephanie Jordan,stephanie.jordan@company.com,company.com,2023-02-08,Talent Acquisition Specialist,HR,98088,SENIOR,1766819784,3256 Ronald Camp,Port Brettview,MO,20613,1979-10-13,46,2,ON LEAVE
1766819806,Stephanie,Long,Stephanie Long,stephanie.long@company.com,company.com,2016-04-25,Data Analyst,ANALYTICS,114626,SENIOR,1766819784,40508 Barbara Isle Apt. 625,West Carlosside,DC,68690,1987-01-30,38,9,TERMINATED
1766820183,Stephanie,Mason,Stephanie Mason,stephanie.mason@company.com,company.com,2021-06-10,Hr Generalist,HR,70231,MID,1766819718,33056 Linda Point,North Staceyside,HI,12162,1980-12-09,45,4,TERMINATED
1766819757,Stephanie,Smith,Stephanie Smith,stephanie.smith@company.com,company.com,2017-12-16,Hr Generalist,HR,105571,SENIOR,1766819593,19921 Anthony Stream Apt. 048,North Chelsea,RI,51708,2000-06-08,25,8,TERMINATED
1766819551,Stephanie,Wise,Stephanie Wise,stephanie.wise@company.com,company.com,2023-08-04,Hr Generalist,HR,101716,SENIOR,1766819546,2960 Le Mews,Hernandezborough,NH,37671,1990-07-17,35,2,ACTIVE
1766819844,Stephen,Harrington,Stephen Harrington,stephen.harrington@company.com,company.com,2024-06-22,Learning & Development Lead,HR,123691,SENIOR,1766819734,399 Morrison Ramp Apt. 273,Edwardsshire,LA,86546,1965-04-12,60,1,TERMINATED
1766819894,Stephen,King,Stephen King,stephen.king@company.com,company.com,2023-09-07,Learning & Development Lead,HR,117616,SENIOR,1766819536,746 Troy Isle Suite 538,Lambertburgh,MP,97856,1987-07-23,38,2,ACTIVE
1766820624,Stephen,Mccoy,Stephen Mccoy,stephen.mccoy@company.com,company.com,2021-05-29,Hr Manager,HR,67792,MID,1766820145,564 Sparks Plain Apt. 098,Kristenside,PR,63725,1964-07-24,61,4,ON LEAVE
1766820166,Steven,Allen,Steven Allen,steven.allen@company.com,company.com,2025-09-04,Hr Generalist,HR,43574,JUNIOR,1766819999,132 Hull Crescent,New Johnton,CT,9650,2002-07-26,23,0,ON LEAVE
1766819630,Steven,Gardner,Steven Gardner,steven.gardner@company.com,company.com,2019-06-07,Account Executive,SALES,91845,SENIOR,1766819568,10416 Christian Ranch Apt. 733,North Anna,VI,50657,1990-10-20,35,6,ACTIVE
1766820143,Steven,Hurley,Steven Hurley,steven.hurley@company.com,company.com,2020-05-21,Devops Engineer,IT,69184,MID,1766820131,640 Erin Vista Suite 754,Port Patrick,AK,18862,1962-04-08,63,5,ON LEAVE
1766820658,Steven,Meyers,Steven Meyers,steven.meyers@company.com,company.com,2021-09-23,Talent Acquisition Specialist,HR,70231,MID,10992,58135 Robertson Station Suite 988,Port Randystad,UT,33715,1973-09-16,52,4,ACTIVE
1766820191,Steven,Powell,Steven Powell,steven.powell@company.com,company.com,2023-01-18,Data Engineer,ANALYTICS,109701,SENIOR,1766820131,3766 Joseph Isle,Brownborough,MO,28677,1975-01-29,50,2,ACTIVE
1766820264,Steven,Steele,Steven Steele,steven.steele@company.com,company.com,2025-02-13,It Manager,IT,73250,MID,1766820092,98328 Sanchez Islands Apt. 235,North Brianashire,PW,85256,1977-02-12,48,0,ACTIVE
1766819597,Steven,Stout,Steven Stout,steven.stout@company.com,company.com,2020-10-31,Sales Associate,SALES,149173,SENIOR,1766819549,370 Mitchell Rest,Kristinamouth,SC,10044,1990-09-09,35,5,ACTIVE
1766819974,Susan,Davis,Susan Davis,susan.davis@company.com,company.com,2021-11-21,Analytics Manager,ANALYTICS,97123,SENIOR,1766819867,131 Schwartz Mountain,Wilsonside,SD,5724,1966-04-09,59,4,ON LEAVE
1766819950,Susan,Gordon,Susan Gordon,susan.gordon@company.com,company.com,2018-04-05,Learning & Development Lead,HR,117029,SENIOR,,0428 Perez Alley,West Nicholasside,ID,60982,1990-05-23,35,7,TERMINATED
1766820732,Susan,Harvey,Susan Harvey,susan.harvey@company.com,company.com,2016-10-13,Analytics Manager,ANALYTICS,42232,JUNIOR,1766820473,39680 Davies Brook Suite 175,Torresburgh,SD,93860,1978-07-28,47,9,ON LEAVE
1766819726,Suzanne,Griffith,Suzanne Griffith,suzanne.griffith@company.com,company.com,2016-10-11,Devops Engineer,IT,55596,MID,,6783 Robert Court Suite 714,North Amanda,CT,18850,1994-03-25,31,9,ON LEAVE
1766820225,Tamara,Johnson,Tamara Johnson,tamara.johnson@company.com,company.com,2024-04-08,It Support Specialist,IT,40462,JUNIOR,1766819924,25813 Young Hill,South Tracie,MA,57161,1977-10-06,48,1,ON LEAVE
1766819832,Tamara,Williams,Tamara Williams,tamara.williams@company.com,company.com,2019-02-19,It Manager,IT,66314,MID,1766819680,5261 Tracy Skyway Suite 790,Allenchester,KS,40014,1979-02-07,46,6,ON LEAVE
1766820050,Tami,Hansen,Tami Hansen,tami.hansen@company.com,company.com,2024-08-11,Hr Assistant,HR,59193,MID,1766819647,44258 Kristine Crescent Suite 572,East Matthew,AL,4787,1966-09-04,59,1,ON LEAVE
1766820726,Tammy,Delgado,Tammy Delgado,tammy.delgado@company.com,company.com,2022-02-24,Hr Manager,HR,124846,SENIOR,1766820470,702 Combs Inlet,Gibsonfort,GU,5079,1968-04-02,57,3,ACTIVE
1766820512,Tammy,Doyle,Tammy Doyle,tammy.doyle@company.com,company.com,2019-06-14,Data Analyst,ANALYTICS,69035,MID,1766820336,87080 Lawrence Ramp Apt. 967,Jamieport,TN,9683,1964-11-05,61,6,TERMINATED
1766820144,Tammy,Heath,Tammy Heath,tammy.heath@company.com,company.com,2024-11-29,Account Executive,SALES,123404,SENIOR,,028 Singleton Forge,Lamstad,WV,47530,1987-01-29,38,1,TERMINATED
1766819534,Tammy,Stevens,Tammy Stevens,tammy.stevens@company.com,company.com,2019-08-03,Sales Manager,SALES,53238,MID,,88598 Mejia Terrace,Christophershire,PW,55647,1998-08-01,27,6,ACTIVE
1766820033,Tanya,Harris,Tanya Harris,tanya.harris@company.com,company.com,2023-04-25,Data Analyst,ANALYTICS,62533,MID,1766819610,4173 Leslie Estates,Shafferland,CO,61289,1979-11-24,46,2,ON LEAVE
1766820513,Tara,Mcknight,Tara Mcknight,tara.mcknight@company.com,company.com,2021-10-03,Hr Manager,HR,111874,SENIOR,10199,724 Cassandra Ville,Peterborough,ME,50048,1992-03-07,33,4,ACTIVE
1766820027,Tara,Vazquez,Tara Vazquez,tara.vazquez@company.com,company.com,2024-08-05,Business Intelligence Analyst,ANALYTICS,115847,SENIOR,1766819880,8705 Norman Greens Suite 274,Robinsonhaven,NM,93096,1998-10-29,27,1,ACTIVE
1766820422,Taylor,George,Taylor George,taylor.george@company.com,company.com,2021-11-16,Business Intelligence Analyst,ANALYTICS,81454,SENIOR,1766820149,51667 Smith Valleys Apt. 526,Jacobsonshire,OH,35487,1976-12-15,49,4,TERMINATED
1766819636,Teresa,Harrington,Teresa Harrington,teresa.harrington@company.com,company.com,2016-09-16,Talent Acquisition Specialist,HR,52699,MID,1766819565,313 Watts Court Suite 510,Bethanybury,NY,21566,1996-04-30,29,9,ACTIVE
1766820417,Teresa,Morgan,Teresa Morgan,teresa.morgan@company.com,company.com,2022-05-12,Sales Operations Analyst,SALES,134246,SENIOR,1766819823,594 Gary Unions,West Sierramouth,MP,71063,2001-03-12,24,3,ON LEAVE
1766819987,Teresa,Robinson,Teresa Robinson,teresa.robinson@company.com,company.com,2021-03-21,Business Development Representative,SALES,145993,SENIOR,1766819718,4717 Cooper Views,Port William,OK,35470,1969-02-21,56,4,ACTIVE
1766820629,Terrence,Lloyd,Terrence Lloyd,terrence.lloyd@company.com,company.com,2019-04-23,It Manager,IT,94680,SENIOR,1766820119,1607 Timothy Rapids,Kathleenview,SC,46453,1974-10-17,51,6,ACTIVE
1766820120,Terri,Howard,Terri Howard,terri.howard@company.com,company.com,2019-09-24,Business Intelligence Analyst,ANALYTICS,114953,SENIOR,1766819601,3268 Derek Viaduct Suite 376,Sandovalborough,UT,57888,1965-05-31,60,6,TERMINATED
1766820347,Theresa,Lowe,Theresa Lowe,theresa.lowe@company.com,company.com,2016-12-11,Account Executive,SALES,116152,SENIOR,,8685 Zachary Estates,Martinezshire,PA,64969,1993-02-07,32,9,TERMINATED
1766820457,Theresa,Walls,Theresa Walls,theresa.walls@company.com,company.com,2023-04-26,Analytics Manager,ANALYTICS,42338,JUNIOR,1766819848,491 Nunez Flat,Patriciahaven,WA,48666,1979-10-09,46,2,ON LEAVE
1766820519,Thomas,Keller,Thomas Keller,thomas.keller@company.com,company.com,2022-07-17,Sales Associate,SALES,49321,JUNIOR,1766819999,773 Peck Loop Suite 447,Lake Lynn,IN,62276,1975-06-07,50,3,ACTIVE
1766819632,Thomas,Nelson,Thomas Nelson,thomas.nelson@company.com,company.com,2025-11-20,Hr Generalist,HR,44444,JUNIOR,1766819547,9172 Brenda Lakes Apt. 606,Conleyville,PA,46103,1977-07-07,48,0,ON LEAVE
1766819843,Thomas,Park,Thomas Park,thomas.park@company.com,company.com,2020-05-08,Hr Assistant,HR,69316,MID,1766819841,4970 Lopez Station Suite 614,Gonzalezland,MH,4963,1971-11-22,54,5,TERMINATED
1766820186,Thomas,Summers,Thomas Summers,thomas.summers@company.com,company.com,2023-10-08,Product Analyst,ANALYTICS,93422,SENIOR,1766819966,774 Lindsey Drives,Ashleyfort,FM,77512,1979-05-21,46,2,ON LEAVE
1766820040,Thomas,Thompson,Thomas Thompson,thomas.thompson@company.com,company.com,2019-05-04,It Manager,IT,104486,SENIOR,1766819874,0036 Jason Well,Teresaberg,NY,93760,1992-09-26,33,6,ACTIVE
1766820440,Thomas,Williams,Thomas Williams,thomas.williams@company.com,company.com,2023-12-11,Sales Associate,SALES,113058,SENIOR,1766819577,02989 Hernandez Stravenue,Wuton,IN,86567,1998-03-13,27,2,ON LEAVE
1766820002,Tiffany,Jones,Tiffany Jones,tiffany.jones@company.com,company.com,2017-01-15,Business Development Representative,SALES,71180,MID,1766819996,363 Klein Estates Suite 220,South Oliviaberg,WA,36096,1985-07-11,40,8,ACTIVE
1766819649,Tiffany,Oconnor,Tiffany Oconnor,tiffany.oconnor@company.com,company.com,2017-02-03,Analytics Manager,ANALYTICS,104771,SENIOR,1766819647,3006 Barbara Ford,Smithville,CT,51238,1983-05-28,42,8,TERMINATED
1766820391,Tiffany,Ramirez,Tiffany Ramirez,tiffany.ramirez@company.com,company.com,2025-09-03,Data Engineer,ANALYTICS,122021,SENIOR,,04651 Olivia Camp,North Tiffanyfort,PA,44113,1975-12-17,50,0,ON LEAVE
1766819760,Tiffany,Roberts,Tiffany Roberts,tiffany.roberts@company.com,company.com,2018-03-07,Product Analyst,ANALYTICS,133679,SENIOR,1766819647,004 Janet Locks Suite 895,Perezshire,MH,43380,1962-06-02,63,7,TERMINATED
1766819959,Tiffany,Rodriguez,Tiffany Rodriguez,tiffany.rodriguez@company.com,company.com,2025-03-25,Business Intelligence Analyst,ANALYTICS,52707,MID,1766819924,968 Reyes Island,Rebeccaville,TN,13894,1980-01-24,45,0,TERMINATED
1766820802,Tiffany,Vasquez,Tiffany Vasquez,tiffany.vasquez@company.com,company.com,2016-01-08,Talent Acquisition Specialist,HR,45966,JUNIOR,1766820289,8519 Shelby Ford Apt. 803,Johnside,MD,49893,1996-10-06,29,9,ACTIVE
1766820451,Timothy,Brooks,Timothy Brooks,timothy.brooks@company.com,company.com,2020-10-29,Systems Administrator,IT,62277,MID,11433,57649 Jack Bypass,New Danielhaven,OR,18588,2001-12-06,24,5,TERMINATED
1766819746,Timothy,Meadows,Timothy Meadows,timothy.meadows@company.com,company.com,2022-12-29,Product Analyst,ANALYTICS,84043,SENIOR,1766819557,189 Hall Crossroad Suite 788,Michaelhaven,AL,11147,1979-11-26,46,2,ON LEAVE
1766819975,Timothy,Murphy,Timothy Murphy,timothy.murphy@company.com,company.com,2018-10-21,Devops Engineer,IT,144551,SENIOR,1766819565,28625 Sandoval Bypass Suite 238,Bradleymouth,MI,52745,1990-09-09,35,7,ON LEAVE
1766819569,Timothy,Rodriguez,Timothy Rodriguez,timothy.rodriguez@company.com,company.com,2021-05-27,Systems Administrator,IT,125291,SENIOR,1766819534,1551 James Court Apt. 878,Bryanland,IA,65660,1988-10-26,37,4,ON LEAVE
1766820290,Timothy,Scott,Timothy Scott,timothy.scott@company.com,company.com,2024-06-22,Devops Engineer,IT,114338,SENIOR,1766820261,9710 Susan Burg Apt. 777,New Nicoletown,VA,54263,2003-01-07,22,1,TERMINATED
1766819938,Timothy,Tapia,Timothy Tapia,timothy.tapia@company.com,company.com,2016-07-08,Data Engineer,ANALYTICS,43149,JUNIOR,1766819639,8004 Hill Street Apt. 692,West Anita,IA,97597,2001-07-30,24,9,ON LEAVE
1766820526,Tina,Adams,Tina Adams,tina.adams@company.com,company.com,2023-11-14,Talent Acquisition Specialist,HR,129770,SENIOR,1766820142,7477 Joel Port,Porterborough,NE,33911,1991-05-31,34,2,ON LEAVE
1766820263,Todd,Carter,Todd Carter,todd.carter@company.com,company.com,2017-04-29,Hr Generalist,HR,97529,SENIOR,1766819568,79535 Jaime Square,Collinsburgh,GU,3597,1971-07-12,54,8,ACTIVE
1766819941,Todd,Glenn,Todd Glenn,todd.glenn@company.com,company.com,2018-06-18,Business Intelligence Analyst,ANALYTICS,79473,MID,1766819610,59421 Lisa Prairie,West Walterberg,NH,51408,1978-03-08,47,7,ACTIVE
1766819748,Todd,King,Todd King,todd.king@company.com,company.com,2018-07-20,Hr Generalist,HR,47172,JUNIOR,1766819672,05236 Morrison Lodge Suite 776,Piercefurt,NH,66688,1980-07-09,45,7,ACTIVE
1766820661,Toni,Moore,Toni Moore,toni.moore@company.com,company.com,2023-03-19,Sales Operations Analyst,SALES,109691,SENIOR,1766819987,008 Leblanc Lakes,Erikaburgh,FM,71458,1964-09-09,61,2,ACTIVE
1766819783,Tonya,Montgomery,Tonya Montgomery,tonya.montgomery@company.com,company.com,2020-12-18,Data Engineer,ANALYTICS,61429,MID,1766819555,084 Gordon Corners Apt. 829,Nelsonfurt,MH,55458,1987-10-03,38,5,TERMINATED
1766820470,Tonya,Murphy,Tonya Murphy,tonya.murphy@company.com,company.com,2018-11-26,It Manager,IT,44909,JUNIOR,1766820297,309 Nathaniel Forges Suite 030,North Christopher,KS,71281,1979-01-11,46,7,TERMINATED
1766820707,Traci,Davis,Traci Davis,traci.davis@company.com,company.com,2017-11-04,Hr Generalist,HR,112162,SENIOR,1766820468,0911 Owens Turnpike,Port David,GA,59910,1975-04-28,50,8,ACTIVE
1766820292,Tracy,Mccormick,Tracy Mccormick,tracy.mccormick@company.com,company.com,2024-03-29,Security Analyst,IT,51920,MID,1766819886,15589 Brian Freeway Apt. 545,Davisburgh,MD,78693,1981-10-06,44,1,ACTIVE
1766820490,Trevor,Griffith,Trevor Griffith,trevor.griffith@company.com,company.com,2023-06-07,Data Engineer,ANALYTICS,124583,SENIOR,1766819823,5499 Ashley Crossroad Suite 981,Meyermouth,TX,45427,1973-01-03,52,2,ON LEAVE
1766820614,Trevor,Thomas,Trevor Thomas,trevor.thomas@company.com,company.com,2018-12-11,Hr Manager,HR,101242,SENIOR,,1328 Aguilar Bridge Apt. 430,Perkinsland,MT,56003,1975-10-20,50,7,ACTIVE
1766820200,Troy,Davis,Troy Davis,troy.davis@company.com,company.com,2020-05-18,Sales Operations Analyst,SALES,120167,SENIOR,1766819856,231 Hall Bypass Apt. 796,Lake Alexandraview,HI,43886,1970-07-14,55,5,ACTIVE
1766820797,Tyler,Black,Tyler Black,tyler.black@company.com,company.com,2023-09-20,Data Analyst,ANALYTICS,69984,MID,1766819856,07864 Amy Creek Apt. 906,Williamsonmouth,KY,13454,1970-07-10,55,2,TERMINATED
1766819981,Tyler,Brown,Tyler Brown,tyler.brown@company.com,company.com,2020-02-07,Security Analyst,IT,72573,MID,1766819687,08364 Matthew Pike,New Brendamouth,NH,47171,1986-03-17,39,5,ON LEAVE
1766820122,Tyler,Cortez,Tyler Cortez,tyler.cortez@company.com,company.com,2016-03-25,Business Development Representative,SALES,121544,SENIOR,1766819536,47743 Thomas Meadows,Duffyside,MH,12334,1983-01-19,42,9,ON LEAVE
1766820458,Tyler,Fuentes,Tyler Fuentes,tyler.fuentes@company.com,company.com,2016-12-03,Analytics Manager,ANALYTICS,104756,SENIOR,1766819695,0195 Johnson Prairie Suite 379,Lisaborough,LA,24845,1985-05-16,40,9,ACTIVE
1766819804,Tyler,Montgomery,Tyler Montgomery,tyler.montgomery@company.com,company.com,2025-12-13,Security Analyst,IT,84916,SENIOR,1766819639,118 Moore Run,Jeremyton,KY,52553,1992-10-23,33,0,ACTIVE
1766820058,Vanessa,Lewis,Vanessa Lewis,vanessa.lewis@company.com,company.com,2024-01-02,Systems Administrator,IT,91115,SENIOR,1766819951,2837 Nicholas Locks Apt. 485,Barryburgh,AK,41826,1970-01-08,55,1,ACTIVE
1766820152,Vanessa,Reyes,Vanessa Reyes,vanessa.reyes@company.com,company.com,2025-04-11,Product Analyst,ANALYTICS,84372,SENIOR,1766820129,269 Hubbard Branch,Destinymouth,NH,98878,1963-01-23,62,0,TERMINATED
1766819846,Veronica,Chen,Veronica Chen,veronica.chen@company.com,company.com,2019-08-08,Sales Operations Analyst,SALES,133082,SENIOR,1766819620,7009 Bryan Avenue,New Frank,TN,952,1990-09-30,35,6,TERMINATED
1766820172,Victoria,Cummings,Victoria Cummings,victoria.cummings@company.com,company.com,2018-10-29,Sales Operations Analyst,SALES,62690,MID,1766820131,29376 Andre Ranch,Velazquezbury,MA,25796,1979-04-24,46,7,TERMINATED
1766820495,Victoria,Jenkins,Victoria Jenkins,victoria.jenkins@company.com,company.com,2020-12-28,Sales Associate,SALES,147990,SENIOR,1766820423,2612 Payne Brooks Suite 649,Claytonhaven,MP,97477,1966-06-13,59,4,ON LEAVE
1766820716,Victoria,Oconnor,Victoria Oconnor,victoria.oconnor@company.com,company.com,2016-11-16,Hr Generalist,HR,42312,JUNIOR,1766819972,187 Brown Cape Suite 911,Port Jeffreytown,DE,55889,2001-02-24,24,9,ACTIVE
1766819611,Vincent,Martinez,Vincent Martinez,vincent.martinez@company.com,company.com,2021-10-10,Hr Generalist,HR,145912,SENIOR,1766819540,5185 Martin Hill,Lake Andreaside,MA,18284,1960-01-07,65,4,TERMINATED
1766820577,Virginia,Phillips,Virginia Phillips,virginia.phillips@company.com,company.com,2019-03-02,Product Analyst,ANALYTICS,139190,SENIOR,1766820246,99455 Kimberly Drive Suite 086,South Gabriel,WI,38931,1995-11-02,30,6,ON LEAVE
1766820479,Wanda,Cooper,Wanda Cooper,wanda.cooper@company.com,company.com,2024-06-09,Security Analyst,IT,46529,JUNIOR,1766820335,620 Allen Plaza Apt. 828,Baileyfort,PR,33952,1975-10-18,50,1,ON LEAVE
1766820278,Wanda,Fox,Wanda Fox,wanda.fox@company.com,company.com,2019-12-27,Data Engineer,ANALYTICS,65312,MID,1766819557,038 Stone Pine Apt. 935,North Michael,MH,99654,1975-11-01,50,6,ACTIVE
1766819613,Wanda,Gates,Wanda Gates,wanda.gates@company.com,company.com,2019-10-28,Hr Generalist,HR,115983,SENIOR,1766819601,5804 Brandi Stravenue,Lake Robert,TN,73880,1987-11-05,38,6,TERMINATED
1766819787,Warren,Alvarez,Warren Alvarez,warren.alvarez@company.com,company.com,2023-09-27,Sales Operations Analyst,SALES,140400,SENIOR,1766819689,4425 Duncan Points,Port Mario,MA,46123,1960-11-10,65,2,TERMINATED
1766819842,Warren,Montoya,Warren Montoya,warren.montoya@company.com,company.com,2024-01-03,It Manager,IT,65365,MID,,075 Patrick Crest,Thompsonbury,WI,30864,1972-03-30,53,1,TERMINATED
1766820473,Wayne,Adams,Wayne Adams,wayne.adams@company.com,company.com,2022-08-27,Business Development Representative,SALES,111733,SENIOR,1766820450,762 Robert Orchard Apt. 322,Jennifershire,MT,6313,1972-09-16,53,3,ACTIVE
1766820026,Wendy,Johnson,Wendy Johnson,wendy.johnson@company.com,company.com,2019-09-02,It Manager,IT,78754,MID,,877 Aimee Freeway Suite 740,Martinezfurt,CT,66471,1979-04-01,46,6,TERMINATED
1766819970,Wendy,Perez,Wendy Perez,wendy.perez@company.com,company.com,2021-09-09,Business Intelligence Analyst,ANALYTICS,132676,SENIOR,1766819876,688 John Points,Jamesborough,OH,50983,1978-03-27,47,4,TERMINATED
1766819810,Wesley,Brown,Wesley Brown,wesley.brown@company.com,company.com,2023-11-08,Hr Generalist,HR,120717,SENIOR,1766819675,9921 Church Wall Apt. 975,North Lisaton,IA,72152,1976-04-08,49,2,ON LEAVE
1766819771,Wesley,Porter,Wesley Porter,wesley.porter@company.com,company.com,2025-09-24,Account Executive,SALES,68449,MID,1766819639,056 Ray Isle,New Traceymouth,NJ,88333,1997-11-28,28,0,ACTIVE
1766820474,Whitney,Bailey,Whitney Bailey,whitney.bailey@company.com,company.com,2021-12-14,Learning & Development Lead,HR,69602,MID,1766819688,3953 Hunter Spurs,Reevesview,SD,99497,1987-08-06,38,4,ON LEAVE
1766819791,Whitney,Martin,Whitney Martin,whitney.martin@company.com,company.com,2024-10-26,Devops Engineer,IT,121673,SENIOR,1766819557,450 Michael Alley,Josephland,NV,30850,1965-08-28,60,1,TERMINATED
1766819740,William,Barnett,William Barnett,william.barnett@company.com,company.com,2022-12-05,Talent Acquisition Specialist,HR,78925,MID,1766819708,83869 Kelley Valley Suite 251,South Heidi,GA,36151,1994-06-15,31,3,TERMINATED
1766819598,William,Crawford,William Crawford,william.crawford@company.com,company.com,2022-04-13,Sales Associate,SALES,60972,MID,,519 Amanda Island Apt. 495,Bethanyville,MP,16135,1992-03-29,33,3,ACTIVE
1766819691,William,Curtis,William Curtis,william.curtis@company.com,company.com,2018-08-06,Hr Generalist,HR,84752,SENIOR,1766819675,14433 Monica Squares,Andrewshire,SC,70849,1993-08-13,32,7,TERMINATED
1766820772,William,Elliott,William Elliott,william.elliott@company.com,company.com,2021-03-17,Business Development Representative,SALES,85977,SENIOR,10266,3141 Scott Coves Suite 668,Stevenport,IA,38276,1964-03-12,61,4,ACTIVE
1766819664,William,Ford,William Ford,william.ford@company.com,company.com,2016-06-13,Hr Assistant,HR,116512,SENIOR,1766819546,937 Williams Prairie,Susanchester,MN,18305,1997-04-20,28,9,ON LEAVE
1766820071,William,Johnson,William Johnson,william.johnson@company.com,company.com,2021-11-30,Data Engineer,ANALYTICS,125950,SENIOR,1766819698,123 Christina Road,West Danielberg,VA,39926,1983-04-27,42,4,ACTIVE
1766820455,William,Lane,William Lane,william.lane@company.com,company.com,2021-08-02,Systems Administrator,IT,137832,SENIOR,1766820129,338 Mccormick Wall,Browntown,WY,73098,1999-06-16,26,4,ACTIVE
1766820121,William,Mendoza,William Mendoza,william.mendoza@company.com,company.com,2020-09-29,Hr Manager,HR,62938,MID,10792,11065 Jennifer Vista,Greenport,IL,29813,1976-06-13,49,5,ACTIVE
1766820044,William,Meyer,William Meyer,william.meyer@company.com,company.com,2021-05-21,It Manager,IT,85477,SENIOR,,976 Meyers Ways,West Robertfort,IL,84152,1979-12-18,46,4,ON LEAVE
1766820341,William,Moore,William Moore,william.moore@company.com,company.com,2016-08-15,Devops Engineer,IT,70157,MID,10806,9119 Scott Stravenue Suite 749,Tinastad,VT,37097,1974-07-05,51,9,TERMINATED
1766819926,William,Nguyen,William Nguyen,william.nguyen@company.com,company.com,2025-11-02,Product Analyst,ANALYTICS,124361,SENIOR,1766819871,26743 Huerta Lane Suite 233,Valdezhaven,TX,55612,1966-01-13,59,0,ON LEAVE
1766819687,William,Patterson,William Patterson,william.patterson@company.com,company.com,2023-02-27,Analytics Manager,ANALYTICS,117279,SENIOR,10584,188 Kimberly Lock Suite 665,Walkerland,IN,56575,1971-03-08,54,2,ACTIVE
1766820675,William,Perez,William Perez,william.perez@company.com,company.com,2019-12-11,Sales Associate,SALES,121079,SENIOR,1766820138,7130 Everett Common,East Nicholas,MO,38175,1970-12-16,55,6,TERMINATED
1766819986,William,Thomas,William Thomas,william.thomas@company.com,company.com,2018-08-02,It Manager,IT,97796,SENIOR,1766819610,1654 Sean Park Apt. 094,Port Melissatown,VI,76322,1970-09-12,55,7,TERMINATED
1766820111,William,Torres,William Torres,william.torres@company.com,company.com,2021-07-19,Devops Engineer,IT,112102,SENIOR,1766819695,811 Reynolds Flat Apt. 048,South Geraldbury,WI,38320,1979-09-17,46,4,TERMINATED
1766820430,William,Underwood,William Underwood,william.underwood@company.com,company.com,2023-09-09,It Support Specialist,IT,130273,SENIOR,1766819675,70899 Roy Plaza,Port Robertmouth,MO,80037,1983-02-18,42,2,TERMINATED
1766820194,Willie,Martin,Willie Martin,willie.martin@company.com,company.com,2023-12-30,Security Analyst,IT,131588,SENIOR,,266 Marissa Inlet,Desireeberg,NJ,96400,1986-11-02,39,1,ACTIVE
1766820484,Xavier,Butler,Xavier Butler,xavier.butler@company.com,company.com,2024-11-21,Business Intelligence Analyst,ANALYTICS,60583,MID,1766820131,169 Olson Trafficway,Michaelbury,GA,94491,1962-04-04,63,1,ACTIVE
1766820113,Yvonne,Hall,Yvonne Hall,yvonne.hall@company.com,company.com,2018-11-26,Data Engineer,ANALYTICS,45287,JUNIOR,,941 Ryan Point,Port Donald,FL,37332,1965-02-02,60,7,ON LEAVE
1766819559,Zachary,Simpson,Zachary Simpson,zachary.simpson@company.com,company.com,2023-11-17,Talent Acquisition Specialist,HR,47662,JUNIOR,1766819546,386 Weaver Landing,South Annachester,VT,97763,1970-08-09,55,2,ON LEAVE
